run,gravity_g,h2o_sat_excess,t_s,dish_mean_CO2,net_assimilation_pct,dish_mean_H2O,transpiration_pct,g_bl_vs_dish_air,u_max_lattice
sat1.3_g1,1,1.3,0.50,-0.0350,98.4,0.0319,85.6,0.802,0.01250
sat1.3_g1,1,1.3,1.00,-0.0690,97.4,0.0604,78.9,0.513,0.01790
sat1.3_g1,1,1.3,1.50,-0.1020,96.7,0.0872,75.1,0.416,0.01920
sat1.3_g1,1,1.3,2.00,-0.1360,96.1,0.1129,72.5,0.371,0.01990
sat1.3_g1,1,1.3,2.50,-0.1690,95.7,0.1378,70.7,0.348,0.02010
sat1.3_g1,1,1.3,3.00,-0.2030,95.3,0.1621,69.0,0.335,0.02010
sat1.3_g1,1,1.3,3.50,-0.2360,95.0,0.1859,67.5,0.326,0.02010
sat1.3_g1,1,1.3,4.00,-0.2690,94.7,0.2092,66.1,0.320,0.02000
sat1.3_g1,1,1.3,4.50,-0.3020,94.4,0.2320,64.7,0.317,0.01990
sat1.3_g1,1,1.3,5.00,-0.3350,94.1,0.2543,63.3,0.314,0.01970
sat1.3_g1,1,1.3,5.50,-0.3680,93.9,0.2761,61.9,0.312,0.01960
sat1.3_g1,1,1.3,6.00,-0.4000,93.6,0.2975,60.6,0.310,0.01950
sat1.3_g1,1,1.3,6.50,-0.4330,93.4,0.3183,59.3,0.309,0.01930
sat1.3_g1,1,1.3,7.00,-0.4650,93.1,0.3388,58.0,0.308,0.01920
sat1.3_g1,1,1.3,7.50,-0.4980,92.9,0.3588,56.8,0.307,0.01910
sat1.3_g1,1,1.3,8.00,-0.5300,92.6,0.3784,55.6,0.307,0.01890
sat1.3_g1,1,1.3,8.50,-0.5620,92.4,0.3975,54.4,0.306,0.01880
sat1.3_g1,1,1.3,9.00,-0.5940,92.1,0.4163,53.2,0.305,0.01860
sat1.3_g1,1,1.3,9.50,-0.6270,91.9,0.4346,52.1,0.305,0.01850
sat1.3_g1,1,1.3,10.00,-0.6580,91.6,0.4526,51.0,0.304,0.01840
sat1.3_g1,1,1.3,10.50,-0.6900,91.4,0.4702,49.9,0.303,0.01820
sat1.3_g1,1,1.3,11.00,-0.7220,91.1,0.4874,48.8,0.303,0.01810
sat1.3_g1,1,1.3,11.50,-0.7540,90.9,0.5042,47.8,0.302,0.01790
sat1.3_g1,1,1.3,12.00,-0.7860,90.6,0.5207,46.8,0.302,0.01780
sat1.3_g1,1,1.3,12.50,-0.8170,90.4,0.5368,45.8,0.301,0.01770
sat1.3_g1,1,1.3,13.00,-0.8480,90.1,0.5526,44.8,0.301,0.01760
sat1.3_g1,1,1.3,13.50,-0.8800,89.9,0.5680,43.9,0.300,0.01740
sat1.3_g1,1,1.3,14.00,-0.9110,89.6,0.5832,42.9,0.299,0.01730
sat1.3_g1,1,1.3,14.50,-0.9420,89.4,0.5980,42.0,0.299,0.01720
sat1.3_g1,1,1.3,15.00,-0.9730,89.1,0.6125,41.1,0.298,0.01710
sat1.3_g1,1,1.3,15.50,-1.0040,88.8,0.6266,40.3,0.298,0.01690
sat1.3_g1,1,1.3,16.00,-1.0350,88.6,0.6405,39.4,0.297,0.01680
sat1.3_g1,1,1.3,16.50,-1.0660,88.3,0.6541,38.6,0.297,0.01670
sat1.3_g1,1,1.3,17.00,-1.0970,88.1,0.6674,37.8,0.296,0.01660
sat1.3_g1,1,1.3,17.50,-1.1280,87.8,0.6804,37.0,0.296,0.01650
sat1.3_g1,1,1.3,18.00,-1.1580,87.6,0.6932,36.2,0.295,0.01640
sat1.3_g1,1,1.3,18.50,-1.1890,87.3,0.7056,35.4,0.295,0.01620
sat1.3_g1,1,1.3,19.00,-1.2190,87.0,0.7179,34.7,0.294,0.01610
sat1.3_g1,1,1.3,19.50,-1.2490,86.8,0.7298,33.9,0.294,0.01600
sat1.3_g1,1,1.3,20.00,-1.2790,86.5,0.7415,33.2,0.293,0.01590
sat1.3_g1,1,1.3,20.50,-1.3100,86.3,0.7530,32.5,0.293,0.01580
sat1.3_g1,1,1.3,21.00,-1.3400,86.0,0.7642,31.8,0.292,0.01570
sat1.3_g1,1,1.3,21.50,-1.3690,85.7,0.7752,31.2,0.292,0.01560
sat1.3_g1,1,1.3,22.00,-1.3990,85.5,0.7859,30.5,0.291,0.01550
sat1.3_g1,1,1.3,22.50,-1.4290,85.2,0.7964,29.9,0.291,0.01540
sat1.3_g1,1,1.3,23.00,-1.4590,84.9,0.8067,29.3,0.290,0.01530
sat1.3_g1,1,1.3,23.50,-1.4880,84.7,0.8168,28.6,0.290,0.01520
sat1.3_g1,1,1.3,24.00,-1.5180,84.4,0.8267,28.0,0.289,0.01510
sat1.3_g1,1,1.3,24.50,-1.5470,84.2,0.8364,27.5,0.289,0.01500
sat1.3_g1,1,1.3,25.00,-1.5760,83.9,0.8458,26.9,0.288,0.01490
sat1.3_g1,1,1.3,25.50,-1.6060,83.6,0.8551,26.3,0.288,0.01480
sat1.3_g1,1,1.3,26.00,-1.6350,83.4,0.8642,25.8,0.287,0.01470
sat1.3_g1,1,1.3,26.50,-1.6640,83.1,0.8731,25.2,0.287,0.01460
sat1.3_g1,1,1.3,27.00,-1.6930,82.8,0.8818,24.7,0.286,0.01450
sat1.3_g1,1,1.3,27.50,-1.7210,82.6,0.8903,24.2,0.286,0.01440
sat1.3_g1,1,1.3,28.00,-1.7500,82.3,0.8986,23.7,0.285,0.01430
sat1.3_g1,1,1.3,28.50,-1.7790,82.0,0.9068,23.2,0.285,0.01430
sat1.3_g1,1,1.3,29.00,-1.8070,81.8,0.9148,22.7,0.284,0.01420
sat1.3_g1,1,1.3,29.50,-1.8360,81.5,0.9226,22.2,0.284,0.01410
sat1.3_g1,1,1.3,30.00,-1.8640,81.2,0.9303,21.8,0.284,0.01400
sat1.3_g1,1,1.3,30.50,-1.8920,81.0,0.9378,21.3,0.283,0.01390
sat1.3_g1,1,1.3,31.00,-1.9210,80.7,0.9452,20.9,0.283,0.01380
sat1.3_g1,1,1.3,31.50,-1.9490,80.4,0.9524,20.4,0.282,0.01380
sat1.3_g1,1,1.3,32.00,-1.9770,80.1,0.9594,20.0,0.282,0.01370
sat1.3_g1,1,1.3,32.50,-2.0040,79.9,0.9663,19.6,0.281,0.01360
sat1.3_g1,1,1.3,33.00,-2.0320,79.6,0.9731,19.2,0.281,0.01350
sat1.3_g1,1,1.3,33.50,-2.0600,79.3,0.9797,18.8,0.281,0.01340
sat1.3_g1,1,1.3,34.00,-2.0880,79.1,0.9862,18.4,0.280,0.01340
sat1.3_g1,1,1.3,34.50,-2.1150,78.8,0.9925,18.0,0.280,0.01330
sat1.3_g1,1,1.3,35.00,-2.1420,78.5,0.9988,17.7,0.279,0.01320
sat1.3_g1,1,1.3,35.50,-2.1700,78.2,1.0049,17.3,0.279,0.01310
sat1.3_g1,1,1.3,36.00,-2.1970,78.0,1.0108,16.9,0.278,0.01310
sat1.3_g1,1,1.3,36.50,-2.2240,77.7,1.0167,16.6,0.278,0.01300
sat1.3_g1,1,1.3,37.00,-2.2510,77.4,1.0224,16.3,0.278,0.01290
sat1.3_g1,1,1.3,37.50,-2.2780,77.1,1.0280,15.9,0.277,0.01280
sat1.3_g1,1,1.3,38.00,-2.3050,76.9,1.0335,15.6,0.277,0.01280
sat1.3_g1,1,1.3,38.50,-2.3320,76.6,1.0389,15.3,0.276,0.01270
sat1.3_g1,1,1.3,39.00,-2.3580,76.3,1.0441,15.0,0.276,0.01260
sat1.3_g1,1,1.3,39.50,-2.3850,76.1,1.0493,14.6,0.276,0.01260
sat1.3_g1,1,1.3,40.00,-2.4110,75.8,1.0544,14.3,0.275,0.01250
sat1.3_g1,1,1.3,40.50,-2.4380,75.5,1.0593,14.1,0.275,0.01240
sat1.3_g1,1,1.3,41.00,-2.4640,75.2,1.0642,13.8,0.275,0.01240
sat1.3_g1,1,1.3,41.50,-2.4900,75.0,1.0689,13.5,0.274,0.01230
sat1.3_g1,1,1.3,42.00,-2.5160,74.7,1.0735,13.2,0.274,0.01220
sat1.3_g1,1,1.3,42.50,-2.5420,74.4,1.0781,12.9,0.273,0.01220
sat1.3_g1,1,1.3,43.00,-2.5680,74.1,1.0826,12.7,0.273,0.01210
sat1.3_g1,1,1.3,43.50,-2.5940,73.8,1.0869,12.4,0.273,0.01200
sat1.3_g1,1,1.3,44.00,-2.6190,73.6,1.0912,12.2,0.272,0.01200
sat1.3_g1,1,1.3,44.50,-2.6450,73.3,1.0954,11.9,0.272,0.01190
sat1.3_g1,1,1.3,45.00,-2.6710,73.0,1.0995,11.7,0.272,0.01190
sat1.3_g1,1,1.3,45.50,-2.6960,72.7,1.1035,11.4,0.271,0.01180
sat1.3_g1,1,1.3,46.00,-2.7210,72.5,1.1075,11.2,0.271,0.01170
sat1.3_g1,1,1.3,46.50,-2.7460,72.2,1.1113,11.0,0.271,0.01170
sat1.3_g1,1,1.3,47.00,-2.7720,71.9,1.1151,10.7,0.270,0.01160
sat1.3_g1,1,1.3,47.50,-2.7970,71.6,1.1188,10.5,0.270,0.01160
sat1.3_g1,1,1.3,48.00,-2.8220,71.4,1.1224,10.3,0.270,0.01150
sat1.3_g1,1,1.3,48.50,-2.8460,71.1,1.1260,10.1,0.269,0.01150
sat1.3_g1,1,1.3,49.00,-2.8710,70.8,1.1295,9.9,0.269,0.01140
sat1.3_g1,1,1.3,49.50,-2.8960,70.5,1.1329,9.7,0.269,0.01140
sat1.3_g1,1,1.3,50.00,-2.9200,70.2,1.1363,9.5,0.268,0.01130
sat1.3_g1,1,1.3,50.50,-2.9450,70.0,1.1395,9.3,0.268,0.01120
sat1.3_g1,1,1.3,51.00,-2.9690,69.7,1.1428,9.1,0.268,0.01120
sat1.3_g1,1,1.3,51.50,-2.9930,69.4,1.1459,8.9,0.267,0.01110
sat1.3_g1,1,1.3,52.00,-3.0170,69.1,1.1490,8.8,0.267,0.01110
sat1.3_g1,1,1.3,52.50,-3.0410,68.8,1.1520,8.6,0.267,0.01100
sat1.3_g1,1,1.3,53.00,-3.0650,68.6,1.1550,8.4,0.266,0.01100
sat1.3_g1,1,1.3,53.50,-3.0890,68.3,1.1579,8.2,0.266,0.01090
sat1.3_g1,1,1.3,54.00,-3.1130,68.0,1.1607,8.1,0.266,0.01090
sat1.3_g1,1,1.3,54.50,-3.1370,67.7,1.1635,7.9,0.265,0.01080
sat1.3_g1,1,1.3,55.00,-3.1600,67.5,1.1662,7.7,0.265,0.01080
sat1.3_g1,1,1.3,55.50,-3.1840,67.2,1.1689,7.6,0.265,0.01070
sat1.3_g1,1,1.3,56.00,-3.2070,66.9,1.1715,7.4,0.265,0.01070
sat1.3_g1,1,1.3,56.50,-3.2300,66.6,1.1741,7.3,0.264,0.01060
sat1.3_g1,1,1.3,57.00,-3.2530,66.3,1.1766,7.1,0.264,0.01060
sat1.3_g1,1,1.3,57.50,-3.2770,66.1,1.1791,7.0,0.264,0.01050
sat1.3_g1,1,1.3,58.00,-3.3000,65.8,1.1815,6.8,0.263,0.01050
sat1.3_g1,1,1.3,58.50,-3.3220,65.5,1.1838,6.7,0.263,0.01050
sat1.3_g1,1,1.3,59.00,-3.3450,65.2,1.1861,6.6,0.263,0.01040
sat1.3_g1,1,1.3,59.50,-3.3680,64.9,1.1884,6.4,0.263,0.01040
sat1.3_g1,1,1.3,60.00,-3.3900,64.7,1.1906,6.3,0.262,0.01030
sat1.3_g1,1,1.3,60.50,-3.4130,64.4,1.1928,6.2,0.262,0.01030
sat1.3_g1,1,1.3,61.00,-3.4350,64.1,1.1949,6.1,0.262,0.01020
sat1.3_g1,1,1.3,61.50,-3.4580,63.8,1.1970,5.9,0.261,0.01020
sat1.3_g1,1,1.3,62.00,-3.4800,63.5,1.1990,5.8,0.261,0.01020
sat1.3_g1,1,1.3,62.50,-3.5020,63.3,1.2010,5.7,0.261,0.01010
sat1.3_g1,1,1.3,63.00,-3.5240,63.0,1.2030,5.6,0.261,0.01010
sat1.3_g1,1,1.3,63.50,-3.5460,62.7,1.2049,5.5,0.260,0.01000
sat1.3_g1,1,1.3,64.00,-3.5680,62.4,1.2068,5.4,0.260,0.00999
sat1.3_g1,1,1.3,64.50,-3.5890,62.2,1.2087,5.3,0.260,0.00995
sat1.3_g1,1,1.3,65.00,-3.6110,61.9,1.2105,5.2,0.260,0.00991
sat1.3_g1,1,1.3,65.50,-3.6320,61.6,1.2122,5.1,0.259,0.00987
sat1.3_g1,1,1.3,66.00,-3.6540,61.3,1.2140,5.0,0.259,0.00983
sat1.3_g1,1,1.3,66.50,-3.6750,61.0,1.2157,4.9,0.259,0.00979
sat1.3_g1,1,1.3,67.00,-3.6960,60.8,1.2174,4.8,0.259,0.00975
sat1.3_g1,1,1.3,67.50,-3.7180,60.5,1.2190,4.7,0.258,0.00971
sat1.3_g1,1,1.3,68.00,-3.7390,60.2,1.2206,4.6,0.258,0.00967
sat1.3_g1,1,1.3,68.50,-3.7600,59.9,1.2222,4.5,0.258,0.00963
sat1.3_g1,1,1.3,69.00,-3.7800,59.7,1.2237,4.4,0.258,0.00959
sat1.3_g1,1,1.3,69.50,-3.8010,59.4,1.2252,4.3,0.257,0.00955
sat1.3_g1,1,1.3,70.00,-3.8220,59.1,1.2267,4.2,0.257,0.00952
sat1.3_g1,1,1.3,70.50,-3.8420,58.8,1.2282,4.1,0.257,0.00948
sat1.3_g1,1,1.3,71.00,-3.8630,58.6,1.2296,4.0,0.256,0.00944
sat1.3_g1,1,1.3,71.50,-3.8830,58.3,1.2310,4.0,0.256,0.00940
sat1.3_g1,1,1.3,72.00,-3.9030,58.0,1.2323,3.9,0.256,0.00937
sat1.3_g1,1,1.3,72.50,-3.9230,57.7,1.2337,3.8,0.256,0.00933
sat1.3_g1,1,1.3,73.00,-3.9440,57.5,1.2350,3.7,0.256,0.00929
sat1.3_g1,1,1.3,73.50,-3.9630,57.2,1.2363,3.7,0.255,0.00926
sat1.3_g1,1,1.3,74.00,-3.9830,56.9,1.2375,3.6,0.255,0.00922
sat1.3_g1,1,1.3,74.50,-4.0030,56.6,1.2388,3.5,0.255,0.00919
sat1.3_g1,1,1.3,75.00,-4.0230,56.4,1.2400,3.4,0.255,0.00915
sat1.3_g1,1,1.3,75.50,-4.0420,56.1,1.2412,3.4,0.254,0.00911
sat1.3_g1,1,1.3,76.00,-4.0620,55.8,1.2423,3.3,0.254,0.00908
sat1.3_g1,1,1.3,76.50,-4.0810,55.5,1.2435,3.2,0.254,0.00904
sat1.3_g1,1,1.3,77.00,-4.1010,55.3,1.2446,3.2,0.254,0.00901
sat1.3_g1,1,1.3,77.50,-4.1200,55.0,1.2457,3.1,0.253,0.00897
sat1.3_g1,1,1.3,78.00,-4.1390,54.7,1.2468,3.1,0.253,0.00894
sat1.3_g1,1,1.3,78.50,-4.1580,54.5,1.2478,3.0,0.253,0.00890
sat1.3_g1,1,1.3,79.00,-4.1770,54.2,1.2489,2.9,0.253,0.00887
sat1.3_g1,1,1.3,79.50,-4.1960,53.9,1.2499,2.9,0.252,0.00883
sat1.3_g1,1,1.3,80.00,-4.2140,53.7,1.2509,2.8,0.252,0.00880
sat1.3_g1,1,1.3,80.50,-4.2330,53.4,1.2518,2.8,0.252,0.00876
sat1.3_g1,1,1.3,81.00,-4.2520,53.1,1.2528,2.7,0.252,0.00873
sat1.3_g1,1,1.3,81.50,-4.2700,52.8,1.2537,2.6,0.252,0.00870
sat1.3_g1,1,1.3,82.00,-4.2890,52.6,1.2547,2.6,0.251,0.00866
sat1.3_g1,1,1.3,82.50,-4.3070,52.3,1.2556,2.5,0.251,0.00863
sat1.3_g1,1,1.3,83.00,-4.3250,52.0,1.2564,2.5,0.251,0.00859
sat1.3_g1,1,1.3,83.49,-4.3430,51.8,1.2573,2.4,0.251,0.00856
sat1.3_g1,1,1.3,83.99,-4.3610,51.5,1.2581,2.4,0.250,0.00853
sat1.3_g1,1,1.3,84.49,-4.3790,51.2,1.2590,2.3,0.250,0.00850
sat1.3_g1,1,1.3,84.99,-4.3970,51.0,1.2598,2.3,0.250,0.00846
sat1.3_g1,1,1.3,85.49,-4.4150,50.7,1.2606,2.3,0.250,0.00843
sat1.3_g1,1,1.3,85.99,-4.4320,50.4,1.2614,2.2,0.250,0.00840
sat1.3_g1,1,1.3,86.49,-4.4500,50.2,1.2621,2.2,0.249,0.00836
sat1.3_g1,1,1.3,86.99,-4.4670,49.9,1.2629,2.1,0.249,0.00833
sat1.3_g1,1,1.3,87.49,-4.4850,49.6,1.2636,2.1,0.249,0.00830
sat1.3_g1,1,1.3,87.99,-4.5020,49.4,1.2643,2.0,0.249,0.00827
sat1.3_g1,1,1.3,88.49,-4.5190,49.1,1.2651,2.0,0.248,0.00824
sat1.3_g1,1,1.3,88.99,-4.5360,48.9,1.2658,2.0,0.248,0.00820
sat1.3_g1,1,1.3,89.49,-4.5530,48.6,1.2664,1.9,0.248,0.00817
sat1.3_g1,1,1.3,89.99,-4.5700,48.3,1.2671,1.9,0.248,0.00814
sat1.3_g1,1,1.3,90.49,-4.5870,48.1,1.2678,1.8,0.248,0.00811
sat1.3_g1,1,1.3,90.99,-4.6030,47.8,1.2684,1.8,0.247,0.00808
sat1.3_g1,1,1.3,91.49,-4.6200,47.6,1.2690,1.8,0.247,0.00805
sat1.3_g1,1,1.3,91.99,-4.6370,47.3,1.2696,1.7,0.247,0.00802
sat1.3_g1,1,1.3,92.49,-4.6530,47.0,1.2702,1.7,0.247,0.00799
sat1.3_g1,1,1.3,92.99,-4.6690,46.8,1.2708,1.7,0.247,0.00795
sat1.3_g1,1,1.3,93.49,-4.6860,46.5,1.2714,1.6,0.246,0.00792
sat1.3_g1,1,1.3,93.99,-4.7020,46.3,1.2720,1.6,0.246,0.00789
sat1.3_g1,1,1.3,94.49,-4.7180,46.0,1.2725,1.6,0.246,0.00786
sat1.3_g1,1,1.3,94.99,-4.7340,45.8,1.2731,1.5,0.246,0.00783
sat1.3_g1,1,1.3,95.49,-4.7500,45.5,1.2736,1.5,0.245,0.00780
sat1.3_g1,1,1.3,95.99,-4.7660,45.3,1.2742,1.5,0.245,0.00777
sat1.3_g1,1,1.3,96.49,-4.7810,45.0,1.2747,1.4,0.245,0.00774
sat1.3_g1,1,1.3,96.99,-4.7970,44.7,1.2752,1.4,0.245,0.00771
sat1.3_g1,1,1.3,97.49,-4.8130,44.5,1.2757,1.4,0.245,0.00768
sat1.3_g1,1,1.3,97.99,-4.8280,44.2,1.2762,1.4,0.244,0.00765
sat1.3_g1,1,1.3,98.49,-4.8430,44.0,1.2766,1.3,0.244,0.00762
sat1.3_g1,1,1.3,98.99,-4.8590,43.7,1.2771,1.3,0.244,0.00759
sat1.3_g1,1,1.3,99.49,-4.8740,43.5,1.2776,1.3,0.244,0.00756
sat1.3_g1,1,1.3,99.99,-4.8890,43.2,1.2780,1.3,0.244,0.00753
sat1.3_g1,1,1.3,100.49,-4.9040,43.0,1.2785,1.2,0.243,0.00750
sat1.3_g1,1,1.3,100.99,-4.9190,42.8,1.2789,1.2,0.243,0.00747
sat1.3_g1,1,1.3,101.49,-4.9340,42.5,1.2793,1.2,0.243,0.00744
sat1.3_g1,1,1.3,101.99,-4.9490,42.3,1.2797,1.2,0.243,0.00741
sat1.3_g1,1,1.3,102.49,-4.9630,42.0,1.2801,1.1,0.242,0.00738
sat1.3_g1,1,1.3,102.99,-4.9780,41.8,1.2805,1.1,0.242,0.00735
sat1.3_g1,1,1.3,103.49,-4.9920,41.5,1.2809,1.1,0.242,0.00732
sat1.3_g1,1,1.3,103.99,-5.0070,41.3,1.2813,1.1,0.242,0.00729
sat1.3_g1,1,1.3,104.49,-5.0210,41.0,1.2817,1.0,0.242,0.00726
sat1.3_g1,1,1.3,104.99,-5.0350,40.8,1.2821,1.0,0.241,0.00723
sat1.3_g1,1,1.3,105.49,-5.0490,40.6,1.2824,1.0,0.241,0.00720
sat1.3_g1,1,1.3,105.99,-5.0640,40.3,1.2828,1.0,0.241,0.00718
sat1.3_g1,1,1.3,106.49,-5.0780,40.1,1.2831,1.0,0.241,0.00715
sat1.3_g1,1,1.3,106.99,-5.0910,39.8,1.2835,0.9,0.241,0.00712
sat1.3_g1,1,1.3,107.49,-5.1050,39.6,1.2838,0.9,0.240,0.00709
sat1.3_g1,1,1.3,107.99,-5.1190,39.4,1.2841,0.9,0.240,0.00706
sat1.3_g1,1,1.3,108.49,-5.1330,39.1,1.2844,0.9,0.240,0.00703
sat1.3_g1,1,1.3,108.99,-5.1460,38.9,1.2848,0.9,0.240,0.00700
sat1.3_g1,1,1.3,109.49,-5.1600,38.7,1.2851,0.9,0.240,0.00697
sat1.3_g1,1,1.3,109.99,-5.1730,38.4,1.2854,0.8,0.239,0.00694
sat1.3_g1,1,1.3,110.49,-5.1870,38.2,1.2857,0.8,0.239,0.00692
sat1.3_g1,1,1.3,110.99,-5.2000,38.0,1.2860,0.8,0.239,0.00689
sat1.3_g1,1,1.3,111.49,-5.2130,37.7,1.2862,0.8,0.239,0.00686
sat1.3_g1,1,1.3,111.99,-5.2260,37.5,1.2865,0.8,0.239,0.00683
sat1.3_g1,1,1.3,112.49,-5.2390,37.3,1.2868,0.8,0.238,0.00680
sat1.3_g1,1,1.3,112.99,-5.2520,37.0,1.2871,0.7,0.238,0.00678
sat1.3_g1,1,1.3,113.49,-5.2650,36.8,1.2873,0.7,0.238,0.00675
sat1.3_g1,1,1.3,113.99,-5.2780,36.6,1.2876,0.7,0.238,0.00672
sat1.3_g1,1,1.3,114.49,-5.2910,36.3,1.2878,0.7,0.238,0.00670
sat1.3_g1,1,1.3,114.99,-5.3030,36.1,1.2881,0.7,0.237,0.00667
sat1.3_g1,1,1.3,115.49,-5.3160,35.9,1.2883,0.7,0.237,0.00665
sat1.3_g1,1,1.3,115.99,-5.3280,35.7,1.2886,0.7,0.237,0.00663
sat1.3_g1,1,1.3,116.49,-5.3410,35.4,1.2888,0.6,0.237,0.00661
sat1.3_g1,1,1.3,116.99,-5.3530,35.2,1.2890,0.6,0.236,0.00659
sat1.3_g1,1,1.3,117.49,-5.3650,35.0,1.2893,0.6,0.236,0.00657
sat1.3_g1,1,1.3,117.99,-5.3780,34.8,1.2895,0.6,0.236,0.00654
sat1.3_g1,1,1.3,118.49,-5.3900,34.6,1.2897,0.6,0.236,0.00652
sat1.3_g1,1,1.3,118.99,-5.4020,34.3,1.2899,0.6,0.236,0.00650
sat1.3_g1,1,1.3,119.49,-5.4140,34.1,1.2901,0.6,0.235,0.00648
sat1.3_g1,1,1.3,119.99,-5.4250,33.9,1.2903,0.6,0.235,0.00646
sat1.3_g1,1,1.3,120.49,-5.4370,33.7,1.2905,0.5,0.235,0.00644
sat1.3_g1,1,1.3,120.99,-5.4490,33.5,1.2907,0.5,0.235,0.00642
sat1.3_g1,1,1.3,121.49,-5.4610,33.3,1.2909,0.5,0.235,0.00640
sat1.3_g1,1,1.3,121.99,-5.4720,33.0,1.2911,0.5,0.234,0.00637
sat1.3_g1,1,1.3,122.49,-5.4840,32.8,1.2913,0.5,0.234,0.00635
sat1.3_g1,1,1.3,122.99,-5.4950,32.6,1.2914,0.5,0.234,0.00633
sat1.3_g1,1,1.3,123.49,-5.5060,32.4,1.2916,0.5,0.234,0.00631
sat1.3_g1,1,1.3,123.99,-5.5180,32.2,1.2918,0.5,0.234,0.00629
sat1.3_g1,1,1.3,124.49,-5.5290,32.0,1.2920,0.5,0.233,0.00627
sat1.3_g1,1,1.3,124.99,-5.5400,31.8,1.2921,0.5,0.233,0.00625
sat1.3_g1,1,1.3,125.49,-5.5510,31.6,1.2923,0.4,0.233,0.00623
sat1.3_g1,1,1.3,125.99,-5.5620,31.4,1.2925,0.4,0.233,0.00621
sat1.3_g1,1,1.3,126.49,-5.5730,31.2,1.2926,0.4,0.233,0.00618
sat1.3_g1,1,1.3,126.99,-5.5840,31.0,1.2928,0.4,0.232,0.00616
sat1.3_g1,1,1.3,127.49,-5.5940,30.7,1.2929,0.4,0.232,0.00614
sat1.3_g1,1,1.3,127.99,-5.6050,30.5,1.2931,0.4,0.232,0.00612
sat1.3_g1,1,1.3,128.49,-5.6160,30.3,1.2932,0.4,0.232,0.00610
sat1.3_g1,1,1.3,128.99,-5.6260,30.1,1.2933,0.4,0.232,0.00608
sat1.3_g1,1,1.3,129.49,-5.6370,29.9,1.2935,0.4,0.231,0.00606
sat1.3_g1,1,1.3,129.99,-5.6470,29.7,1.2936,0.4,0.231,0.00604
sat1.3_g1,1,1.3,130.49,-5.6570,29.5,1.2937,0.4,0.231,0.00601
sat1.3_g1,1,1.3,130.99,-5.6680,29.3,1.2939,0.4,0.231,0.00599
sat1.3_g1,1,1.3,131.49,-5.6780,29.1,1.2940,0.3,0.231,0.00597
sat1.3_g1,1,1.3,131.99,-5.6880,28.9,1.2941,0.3,0.230,0.00595
sat1.3_g1,1,1.3,132.49,-5.6980,28.8,1.2943,0.3,0.230,0.00593
sat1.3_g1,1,1.3,132.99,-5.7080,28.6,1.2944,0.3,0.230,0.00591
sat1.3_g1,1,1.3,133.49,-5.7180,28.4,1.2945,0.3,0.230,0.00589
sat1.3_g1,1,1.3,133.99,-5.7280,28.2,1.2946,0.3,0.230,0.00587
sat1.3_g1,1,1.3,134.49,-5.7380,28.0,1.2947,0.3,0.229,0.00584
sat1.3_g1,1,1.3,134.99,-5.7470,27.8,1.2948,0.3,0.229,0.00582
sat1.3_g1,1,1.3,135.49,-5.7570,27.6,1.2949,0.3,0.229,0.00580
sat1.3_g1,1,1.3,135.99,-5.7660,27.4,1.2950,0.3,0.229,0.00578
sat1.3_g1,1,1.3,136.49,-5.7760,27.2,1.2951,0.3,0.228,0.00576
sat1.3_g1,1,1.3,136.99,-5.7850,27.0,1.2952,0.3,0.228,0.00574
sat1.3_g1,1,1.3,137.49,-5.7950,26.9,1.2953,0.3,0.228,0.00572
sat1.3_g1,1,1.3,137.99,-5.8040,26.7,1.2954,0.3,0.228,0.00570
sat1.3_g1,1,1.3,138.49,-5.8130,26.5,1.2955,0.3,0.228,0.00568
sat1.3_g1,1,1.3,138.99,-5.8230,26.3,1.2956,0.3,0.227,0.00566
sat1.3_g1,1,1.3,139.49,-5.8320,26.1,1.2957,0.3,0.227,0.00564
sat1.3_g1,1,1.3,139.99,-5.8410,25.9,1.2958,0.2,0.227,0.00561
sat1.3_g1,1,1.3,140.49,-5.8500,25.8,1.2959,0.2,0.227,0.00559
sat1.3_g1,1,1.3,140.99,-5.8590,25.6,1.2960,0.2,0.227,0.00557
sat1.3_g1,1,1.3,141.49,-5.8680,25.4,1.2961,0.2,0.226,0.00555
sat1.3_g1,1,1.3,141.99,-5.8760,25.2,1.2962,0.2,0.226,0.00553
sat1.3_g1,1,1.3,142.49,-5.8850,25.0,1.2962,0.2,0.226,0.00551
sat1.3_g1,1,1.3,142.99,-5.8940,24.9,1.2963,0.2,0.226,0.00549
sat1.3_g1,1,1.3,143.49,-5.9030,24.7,1.2964,0.2,0.226,0.00547
sat1.3_g1,1,1.3,143.99,-5.9110,24.5,1.2965,0.2,0.225,0.00545
sat1.3_g1,1,1.3,144.49,-5.9200,24.3,1.2965,0.2,0.225,0.00543
sat1.3_g1,1,1.3,144.99,-5.9280,24.2,1.2966,0.2,0.225,0.00540
sat1.3_g1,1,1.3,145.49,-5.9360,24.0,1.2967,0.2,0.225,0.00538
sat1.3_g1,1,1.3,145.99,-5.9450,23.8,1.2968,0.2,0.225,0.00536
sat1.3_g1,1,1.3,146.49,-5.9530,23.7,1.2968,0.2,0.224,0.00534
sat1.3_g1,1,1.3,146.99,-5.9610,23.5,1.2969,0.2,0.224,0.00532
sat1.3_g1,1,1.3,147.49,-5.9690,23.3,1.2970,0.2,0.224,0.00530
sat1.3_g1,1,1.3,147.99,-5.9780,23.2,1.2970,0.2,0.224,0.00528
sat1.3_g1,1,1.3,148.49,-5.9860,23.0,1.2971,0.2,0.224,0.00525
sat1.3_g1,1,1.3,148.99,-5.9940,22.8,1.2971,0.2,0.223,0.00523
sat1.3_g1,1,1.3,149.49,-6.0020,22.7,1.2972,0.2,0.223,0.00521
sat1.3_g1,1,1.3,149.99,-6.0090,22.5,1.2973,0.2,0.223,0.00519
sat1.3_g1,1,1.3,150.49,-6.0170,22.3,1.2973,0.2,0.223,0.00517
sat1.3_g1,1,1.3,150.99,-6.0250,22.2,1.2974,0.2,0.223,0.00515
sat1.3_g1,1,1.3,151.49,-6.0330,22.0,1.2974,0.2,0.222,0.00513
sat1.3_g1,1,1.3,151.99,-6.0400,21.9,1.2975,0.1,0.222,0.00511
sat1.3_g1,1,1.3,152.49,-6.0480,21.7,1.2975,0.1,0.222,0.00509
sat1.3_g1,1,1.3,152.99,-6.0560,21.5,1.2976,0.1,0.222,0.00507
sat1.3_g1,1,1.3,153.49,-6.0630,21.4,1.2976,0.1,0.222,0.00505
sat1.3_g1,1,1.3,153.99,-6.0700,21.2,1.2977,0.1,0.221,0.00503
sat1.3_g1,1,1.3,154.49,-6.0780,21.1,1.2977,0.1,0.221,0.00501
sat1.3_g1,1,1.3,154.99,-6.0850,20.9,1.2978,0.1,0.221,0.00499
sat1.3_g1,1,1.3,155.49,-6.0920,20.8,1.2978,0.1,0.221,0.00497
sat1.3_g1,1,1.3,155.99,-6.1000,20.6,1.2979,0.1,0.221,0.00495
sat1.3_g1,1,1.3,156.49,-6.1070,20.5,1.2979,0.1,0.220,0.00493
sat1.3_g1,1,1.3,156.99,-6.1140,20.3,1.2980,0.1,0.220,0.00491
sat1.3_g1,1,1.3,157.49,-6.1210,20.2,1.2980,0.1,0.220,0.00489
sat1.3_g1,1,1.3,157.99,-6.1280,20.0,1.2981,0.1,0.220,0.00487
sat1.3_g1,1,1.3,158.49,-6.1350,19.9,1.2981,0.1,0.220,0.00485
sat1.3_g1,1,1.3,158.99,-6.1420,19.7,1.2981,0.1,0.219,0.00483
sat1.3_g1,1,1.3,159.49,-6.1490,19.6,1.2982,0.1,0.219,0.00481
sat1.3_g1,1,1.3,159.99,-6.1560,19.4,1.2982,0.1,0.219,0.00479
sat1.3_g1,1,1.3,160.49,-6.1620,19.3,1.2983,0.1,0.219,0.00477
sat1.3_g1,1,1.3,160.99,-6.1690,19.1,1.2983,0.1,0.219,0.00475
sat1.3_g1,1,1.3,161.49,-6.1760,19.0,1.2983,0.1,0.218,0.00473
sat1.3_g1,1,1.3,161.99,-6.1820,18.8,1.2984,0.1,0.218,0.00471
sat1.3_g1,1,1.3,162.49,-6.1890,18.7,1.2984,0.1,0.218,0.00469
sat1.3_g1,1,1.3,162.99,-6.1960,18.6,1.2984,0.1,0.218,0.00467
sat1.3_g1,1,1.3,163.49,-6.2020,18.4,1.2985,0.1,0.218,0.00464
sat1.3_g1,1,1.3,163.99,-6.2080,18.3,1.2985,0.1,0.217,0.00462
sat1.3_g1,1,1.3,164.49,-6.2150,18.2,1.2985,0.1,0.217,0.00460
sat1.3_g1,1,1.3,164.99,-6.2210,18.0,1.2986,0.1,0.217,0.00458
sat1.3_g1,1,1.3,165.49,-6.2270,17.9,1.2986,0.1,0.217,0.00456
sat1.3_g1,1,1.3,165.99,-6.2340,17.7,1.2986,0.1,0.217,0.00454
sat1.3_g1,1,1.3,166.49,-6.2400,17.6,1.2987,0.1,0.217,0.00452
sat1.3_g1,1,1.3,166.99,-6.2460,17.5,1.2987,0.1,0.216,0.00450
sat1.3_g1,1,1.3,167.49,-6.2520,17.3,1.2987,0.1,0.216,0.00448
sat1.3_g1,1,1.3,167.99,-6.2580,17.2,1.2988,0.1,0.216,0.00446
sat1.3_g1,1,1.3,168.49,-6.2640,17.1,1.2988,0.1,0.216,0.00444
sat1.3_g1,1,1.3,168.99,-6.2700,16.9,1.2988,0.1,0.216,0.00442
sat1.3_g1,1,1.3,169.49,-6.2760,16.8,1.2988,0.1,0.215,0.00440
sat1.3_g1,1,1.3,169.99,-6.2820,16.7,1.2989,0.1,0.215,0.00438
sat1.3_g1,1,1.3,170.49,-6.2880,16.6,1.2989,0.1,0.215,0.00436
sat1.3_g1,1,1.3,170.99,-6.2940,16.4,1.2989,0.1,0.215,0.00434
sat1.3_g1,1,1.3,171.49,-6.3000,16.3,1.2989,0.1,0.215,0.00432
sat1.3_g1,1,1.3,171.99,-6.3050,16.2,1.2990,0.1,0.215,0.00430
sat1.3_g1,1,1.3,172.49,-6.3110,16.1,1.2990,0.1,0.214,0.00428
sat1.3_g1,1,1.3,172.99,-6.3170,15.9,1.2990,0.1,0.214,0.00426
sat1.3_g1,1,1.3,173.49,-6.3220,15.8,1.2990,0.1,0.214,0.00424
sat1.3_g1,1,1.3,173.99,-6.3280,15.7,1.2991,0.1,0.214,0.00422
sat1.3_g1,1,1.3,174.49,-6.3330,15.6,1.2991,0.1,0.214,0.00420
sat1.3_g1,1,1.3,174.99,-6.3390,15.4,1.2991,0.1,0.214,0.00418
sat1.3_g1,1,1.3,175.49,-6.3440,15.3,1.2991,0.1,0.213,0.00416
sat1.3_g1,1,1.3,175.99,-6.3490,15.2,1.2991,0.1,0.213,0.00414
sat1.3_g1,1,1.3,176.49,-6.3550,15.1,1.2992,0.1,0.213,0.00412
sat1.3_g1,1,1.3,176.99,-6.3600,15.0,1.2992,0.1,0.213,0.00410
sat1.3_g1,1,1.3,177.49,-6.3650,14.9,1.2992,0.1,0.213,0.00408
sat1.3_g1,1,1.3,177.99,-6.3710,14.7,1.2992,0.1,0.212,0.00406
sat1.3_g1,1,1.3,178.49,-6.3760,14.6,1.2992,0.0,0.212,0.00403
sat1.3_g1,1,1.3,178.99,-6.3810,14.5,1.2993,0.0,0.212,0.00401
sat1.3_g1,1,1.3,179.49,-6.3860,14.4,1.2993,0.0,0.212,0.00399
sat1.3_g1,1,1.3,179.99,-6.3910,14.3,1.2993,0.0,0.212,0.00397
sat1.3_g1,1,1.3,180.49,-6.3960,14.2,1.2993,0.0,0.212,0.00395
sat1.3_g1,1,1.3,180.99,-6.4010,14.1,1.2993,0.0,0.211,0.00393
sat1.3_g1,1,1.3,181.49,-6.4060,14.0,1.2993,0.0,0.211,0.00391
sat1.3_g1,1,1.3,181.99,-6.4110,13.8,1.2994,0.0,0.211,0.00390
sat1.3_g1,1,1.3,182.49,-6.4160,13.7,1.2994,0.0,0.211,0.00388
sat1.3_g1,1,1.3,182.99,-6.4200,13.6,1.2994,0.0,0.211,0.00386
sat1.3_g1,1,1.3,183.49,-6.4250,13.5,1.2994,0.0,0.211,0.00384
sat1.3_g1,1,1.3,183.99,-6.4300,13.4,1.2994,0.0,0.210,0.00382
sat1.3_g1,1,1.3,184.49,-6.4350,13.3,1.2994,0.0,0.210,0.00380
sat1.3_g1,1,1.3,184.99,-6.4390,13.2,1.2994,0.0,0.210,0.00378
sat1.3_g1,1,1.3,185.49,-6.4440,13.1,1.2995,0.0,0.210,0.00376
sat1.3_g1,1,1.3,185.99,-6.4490,13.0,1.2995,0.0,0.210,0.00374
sat1.3_g1,1,1.3,186.49,-6.4530,12.9,1.2995,0.0,0.210,0.00372
sat1.3_g1,1,1.3,186.99,-6.4580,12.8,1.2995,0.0,0.209,0.00370
sat1.3_g1,1,1.3,187.49,-6.4620,12.7,1.2995,0.0,0.209,0.00368
sat1.3_g1,1,1.3,187.99,-6.4670,12.6,1.2995,0.0,0.209,0.00366
sat1.3_g1,1,1.3,188.49,-6.4710,12.5,1.2995,0.0,0.209,0.00364
sat1.3_g1,1,1.3,188.99,-6.4750,12.4,1.2995,0.0,0.209,0.00362
sat1.3_g1,1,1.3,189.49,-6.4800,12.3,1.2996,0.0,0.209,0.00360
sat1.3_g1,1,1.3,189.99,-6.4840,12.2,1.2996,0.0,0.208,0.00358
sat1.3_g1,1,1.3,190.49,-6.4880,12.1,1.2996,0.0,0.208,0.00356
sat1.3_g1,1,1.3,190.99,-6.4930,12.0,1.2996,0.0,0.208,0.00354
sat1.3_g1,1,1.3,191.49,-6.4970,11.9,1.2996,0.0,0.208,0.00353
sat1.3_g1,1,1.3,191.99,-6.5010,11.8,1.2996,0.0,0.208,0.00351
sat1.3_g1,1,1.3,192.49,-6.5050,11.7,1.2996,0.0,0.208,0.00349
sat1.3_g1,1,1.3,192.99,-6.5090,11.6,1.2996,0.0,0.207,0.00347
sat1.3_g1,1,1.3,193.49,-6.5130,11.5,1.2996,0.0,0.207,0.00345
sat1.3_g1,1,1.3,193.99,-6.5170,11.4,1.2996,0.0,0.207,0.00343
sat1.3_g1,1,1.3,194.49,-6.5210,11.3,1.2997,0.0,0.207,0.00341
sat1.3_g1,1,1.3,194.99,-6.5250,11.3,1.2997,0.0,0.207,0.00339
sat1.3_g1,1,1.3,195.49,-6.5290,11.2,1.2997,0.0,0.207,0.00337
sat1.3_g1,1,1.3,195.99,-6.5330,11.1,1.2997,0.0,0.207,0.00335
sat1.3_g1,1,1.3,196.49,-6.5370,11.0,1.2997,0.0,0.206,0.00334
sat1.3_g1,1,1.3,196.99,-6.5410,10.9,1.2997,0.0,0.206,0.00332
sat1.3_g1,1,1.3,197.49,-6.5450,10.8,1.2997,0.0,0.206,0.00330
sat1.3_g1,1,1.3,197.99,-6.5480,10.7,1.2997,0.0,0.206,0.00328
sat1.3_g1,1,1.3,198.49,-6.5520,10.6,1.2997,0.0,0.206,0.00326
sat1.3_g1,1,1.3,198.99,-6.5560,10.5,1.2997,0.0,0.206,0.00324
sat1.3_g1,1,1.3,199.49,-6.5590,10.5,1.2997,0.0,0.205,0.00322
sat1.3_g1,1,1.3,199.99,-6.5630,10.4,1.2997,0.0,0.205,0.00321
sat1.3_g1,1,1.3,200.49,-6.5670,10.3,1.2998,0.0,0.205,0.00319
sat1.3_g1,1,1.3,200.99,-6.5700,10.2,1.2998,0.0,0.205,0.00317
sat1.3_g1,1,1.3,201.49,-6.5740,10.1,1.2998,0.0,0.205,0.00315
sat1.3_g1,1,1.3,201.99,-6.5770,10.0,1.2998,0.0,0.205,0.00313
sat1.3_g1,1,1.3,202.49,-6.5810,10.0,1.2998,0.0,0.205,0.00311
sat1.3_g1,1,1.3,202.99,-6.5840,9.9,1.2998,0.0,0.204,0.00310
sat1.3_g1,1,1.3,203.49,-6.5880,9.8,1.2998,0.0,0.204,0.00308
sat1.3_g1,1,1.3,203.99,-6.5910,9.7,1.2998,0.0,0.204,0.00306
sat1.3_g1,1,1.3,204.49,-6.5950,9.7,1.2998,0.0,0.204,0.00304
sat1.3_g1,1,1.3,204.99,-6.5980,9.6,1.2998,0.0,0.204,0.00302
sat1.3_g1,1,1.3,205.49,-6.6010,9.5,1.2998,0.0,0.204,0.00301
sat1.3_g1,1,1.3,205.99,-6.6050,9.4,1.2998,0.0,0.204,0.00299
sat1.3_g1,1,1.3,206.49,-6.6080,9.3,1.2998,0.0,0.204,0.00297
sat1.3_g1,1,1.3,206.99,-6.6110,9.3,1.2998,0.0,0.203,0.00295
sat1.3_g1,1,1.3,207.49,-6.6150,9.2,1.2998,0.0,0.203,0.00294
sat1.3_g1,1,1.3,207.99,-6.6180,9.1,1.2998,0.0,0.203,0.00292
sat1.3_g1,1,1.3,208.49,-6.6210,9.0,1.2998,0.0,0.203,0.00290
sat1.3_g1,1,1.3,208.99,-6.6240,9.0,1.2999,0.0,0.203,0.00288
sat1.3_g1,1,1.3,209.49,-6.6270,8.9,1.2999,0.0,0.203,0.00287
sat1.3_g1,1,1.3,209.99,-6.6300,8.8,1.2999,0.0,0.203,0.00285
sat1.3_g1,1,1.3,210.49,-6.6330,8.8,1.2999,0.0,0.202,0.00283
sat1.3_g1,1,1.3,210.99,-6.6360,8.7,1.2999,0.0,0.202,0.00281
sat1.3_g1,1,1.3,211.49,-6.6400,8.6,1.2999,0.0,0.202,0.00280
sat1.3_g1,1,1.3,211.99,-6.6430,8.5,1.2999,0.0,0.202,0.00278
sat1.3_g1,1,1.3,212.49,-6.6450,8.5,1.2999,0.0,0.202,0.00276
sat1.3_g1,1,1.3,212.99,-6.6480,8.4,1.2999,0.0,0.202,0.00275
sat1.3_g1,1,1.3,213.49,-6.6510,8.3,1.2999,0.0,0.202,0.00273
sat1.3_g1,1,1.3,213.99,-6.6540,8.3,1.2999,0.0,0.202,0.00271
sat1.3_g1,1,1.3,214.49,-6.6570,8.2,1.2999,0.0,0.201,0.00270
sat1.3_g1,1,1.3,214.99,-6.6600,8.1,1.2999,0.0,0.201,0.00268
sat1.3_g1,1,1.3,215.49,-6.6630,8.1,1.2999,0.0,0.201,0.00266
sat1.3_g1,1,1.3,215.99,-6.6660,8.0,1.2999,0.0,0.201,0.00265
sat1.3_g1,1,1.3,216.49,-6.6680,7.9,1.2999,0.0,0.201,0.00263
sat1.3_g1,1,1.3,216.99,-6.6710,7.9,1.2999,0.0,0.201,0.00261
sat1.3_g1,1,1.3,217.49,-6.6740,7.8,1.2999,0.0,0.201,0.00260
sat1.3_g1,1,1.3,217.99,-6.6770,7.7,1.2999,0.0,0.201,0.00258
sat1.3_g1,1,1.3,218.49,-6.6790,7.7,1.2999,0.0,0.200,0.00257
sat1.3_g1,1,1.3,218.99,-6.6820,7.6,1.2999,0.0,0.200,0.00255
sat1.3_g1,1,1.3,219.49,-6.6850,7.6,1.2999,0.0,0.200,0.00253
sat1.3_g1,1,1.3,219.99,-6.6870,7.5,1.2999,0.0,0.200,0.00252
sat1.3_g1,1,1.3,220.49,-6.6900,7.4,1.2999,0.0,0.200,0.00250
sat1.3_g1,1,1.3,220.99,-6.6930,7.4,1.2999,0.0,0.200,0.00249
sat1.3_g1,1,1.3,221.49,-6.6950,7.3,1.2999,0.0,0.200,0.00247
sat1.3_g1,1,1.3,221.99,-6.6980,7.3,1.2999,0.0,0.200,0.00245
sat1.3_g1,1,1.3,222.49,-6.7000,7.2,1.2999,0.0,0.200,0.00244
sat1.3_g1,1,1.3,222.99,-6.7030,7.1,1.3000,0.0,0.199,0.00242
sat1.3_g1,1,1.3,223.49,-6.7050,7.1,1.3000,0.0,0.199,0.00241
sat1.3_g1,1,1.3,223.99,-6.7080,7.0,1.3000,0.0,0.199,0.00239
sat1.3_g1,1,1.3,224.49,-6.7100,7.0,1.3000,0.0,0.199,0.00237
sat1.3_g1,1,1.3,224.99,-6.7130,6.9,1.3000,0.0,0.199,0.00236
sat1.3_g1,1,1.3,225.49,-6.7150,6.8,1.3000,0.0,0.199,0.00234
sat1.3_g1,1,1.3,225.99,-6.7170,6.8,1.3000,0.0,0.199,0.00233
sat1.3_g1,1,1.3,226.49,-6.7200,6.7,1.3000,0.0,0.199,0.00231
sat1.3_g1,1,1.3,226.99,-6.7220,6.7,1.3000,0.0,0.199,0.00230
sat1.3_g1,1,1.3,227.49,-6.7240,6.6,1.3000,0.0,0.199,0.00228
sat1.3_g1,1,1.3,227.99,-6.7270,6.6,1.3000,0.0,0.198,0.00227
sat1.3_g1,1,1.3,228.49,-6.7290,6.5,1.3000,0.0,0.198,0.00225
sat1.3_g1,1,1.3,228.99,-6.7310,6.5,1.3000,0.0,0.198,0.00224
sat1.3_g1,1,1.3,229.49,-6.7340,6.4,1.3000,0.0,0.198,0.00222
sat1.3_g1,1,1.3,229.99,-6.7360,6.4,1.3000,0.0,0.198,0.00221
sat1.3_g1,1,1.3,230.49,-6.7380,6.3,1.3000,0.0,0.198,0.00219
sat1.3_g1,1,1.3,230.99,-6.7400,6.2,1.3000,0.0,0.198,0.00218
sat1.3_g1,1,1.3,231.49,-6.7420,6.2,1.3000,0.0,0.198,0.00216
sat1.3_g1,1,1.3,231.99,-6.7450,6.1,1.3000,0.0,0.198,0.00215
sat1.3_g1,1,1.3,232.49,-6.7470,6.1,1.3000,0.0,0.198,0.00213
sat1.3_g1,1,1.3,232.99,-6.7490,6.0,1.3000,0.0,0.197,0.00212
sat1.3_g1,1,1.3,233.49,-6.7510,6.0,1.3000,0.0,0.197,0.00211
sat1.3_g1,1,1.3,233.99,-6.7530,5.9,1.3000,0.0,0.197,0.00209
sat1.3_g1,1,1.3,234.49,-6.7550,5.9,1.3000,0.0,0.197,0.00208
sat1.3_g1,1,1.3,234.99,-6.7570,5.8,1.3000,0.0,0.197,0.00206
sat1.3_g1,1,1.3,235.49,-6.7590,5.8,1.3000,0.0,0.197,0.00205
sat1.3_g1,1,1.3,235.99,-6.7610,5.7,1.3000,0.0,0.197,0.00203
sat1.3_g1,1,1.3,236.49,-6.7630,5.7,1.3000,0.0,0.197,0.00202
sat1.3_g1,1,1.3,236.99,-6.7650,5.7,1.3000,0.0,0.197,0.00201
sat1.3_g1,1,1.3,237.49,-6.7670,5.6,1.3000,0.0,0.197,0.00199
sat1.3_g1,1,1.3,237.99,-6.7690,5.6,1.3000,0.0,0.197,0.00198
sat1.3_g1,1,1.3,238.49,-6.7710,5.5,1.3000,0.0,0.197,0.00196
sat1.3_g1,1,1.3,238.99,-6.7730,5.5,1.3000,0.0,0.196,0.00195
sat1.3_g1,1,1.3,239.49,-6.7750,5.4,1.3000,0.0,0.196,0.00194
sat1.3_g1,1,1.3,239.99,-6.7770,5.4,1.3000,0.0,0.196,0.00192
sat1.3_g1,1,1.3,240.49,-6.7790,5.3,1.3000,0.0,0.196,0.00191
sat1.3_g1,1,1.3,240.99,-6.7810,5.3,1.3000,0.0,0.196,0.00189
sat1.3_g1,1,1.3,241.49,-6.7820,5.2,1.3000,0.0,0.196,0.00188
sat1.3_g1,1,1.3,241.99,-6.7840,5.2,1.3000,0.0,0.196,0.00187
sat1.3_g1,1,1.3,242.49,-6.7860,5.2,1.3000,0.0,0.196,0.00185
sat1.3_g1,1,1.3,242.99,-6.7880,5.1,1.3000,0.0,0.196,0.00184
sat1.3_g1,1,1.3,243.49,-6.7900,5.1,1.3000,0.0,0.196,0.00183
sat1.3_g1,1,1.3,243.99,-6.7920,5.0,1.3000,0.0,0.196,0.00181
sat1.3_g1,1,1.3,244.49,-6.7930,5.0,1.3000,0.0,0.196,0.00180
sat1.3_g1,1,1.3,244.99,-6.7950,4.9,1.3000,0.0,0.196,0.00179
sat1.3_g1,1,1.3,245.49,-6.7970,4.9,1.3000,0.0,0.196,0.00177
sat1.3_g1,1,1.3,245.99,-6.7990,4.9,1.3000,0.0,0.196,0.00176
sat1.3_g1,1,1.3,246.49,-6.8000,4.8,1.3000,0.0,0.195,0.00175
sat1.3_g1,1,1.3,246.99,-6.8020,4.8,1.3000,0.0,0.195,0.00173
sat1.3_g1,1,1.3,247.49,-6.8040,4.7,1.3000,0.0,0.195,0.00172
sat1.3_g1,1,1.3,247.99,-6.8050,4.7,1.3000,0.0,0.195,0.00171
sat1.3_g1,1,1.3,248.49,-6.8070,4.7,1.3000,0.0,0.195,0.00170
sat1.3_g1,1,1.3,248.99,-6.8090,4.6,1.3000,0.0,0.195,0.00168
sat1.3_g1,1,1.3,249.49,-6.8100,4.6,1.3000,0.0,0.195,0.00167
sat1.3_g1,1,1.3,249.99,-6.8120,4.5,1.3000,0.0,0.195,0.00166
sat1.3_g1,1,1.3,250.48,-6.8130,4.5,1.3000,0.0,0.195,0.00165
sat1.3_g1,1,1.3,250.98,-6.8150,4.5,1.3000,0.0,0.195,0.00163
sat1.3_g1,1,1.3,251.48,-6.8170,4.4,1.3000,0.0,0.195,0.00162
sat1.3_g1,1,1.3,251.98,-6.8180,4.4,1.3000,0.0,0.195,0.00161
sat1.3_g1,1,1.3,252.48,-6.8200,4.4,1.3000,0.0,0.195,0.00160
sat1.3_g1,1,1.3,252.98,-6.8210,4.3,1.3000,0.0,0.195,0.00159
sat1.3_g1,1,1.3,253.48,-6.8230,4.3,1.3000,0.0,0.195,0.00157
sat1.3_g1,1,1.3,253.98,-6.8240,4.2,1.3000,0.0,0.195,0.00156
sat1.3_g1,1,1.3,254.48,-6.8260,4.2,1.3000,0.0,0.195,0.00155
sat1.3_g1,1,1.3,254.98,-6.8270,4.2,1.3000,0.0,0.195,0.00154
sat1.3_g1,1,1.3,255.48,-6.8290,4.1,1.3000,0.0,0.194,0.00153
sat1.3_g1,1,1.3,255.98,-6.8300,4.1,1.3000,0.0,0.194,0.00151
sat1.3_g1,1,1.3,256.48,-6.8320,4.1,1.3000,0.0,0.194,0.00150
sat1.3_g1,1,1.3,256.98,-6.8330,4.0,1.3000,0.0,0.194,0.00149
sat1.3_g1,1,1.3,257.48,-6.8350,4.0,1.3000,0.0,0.194,0.00148
sat1.3_g1,1,1.3,257.98,-6.8360,4.0,1.3000,0.0,0.194,0.00147
sat1.3_g1,1,1.3,258.48,-6.8370,3.9,1.3000,0.0,0.194,0.00146
sat1.3_g1,1,1.3,258.98,-6.8390,3.9,1.3000,0.0,0.194,0.00145
sat1.3_g1,1,1.3,259.48,-6.8400,3.9,1.3000,0.0,0.194,0.00144
sat1.3_g1,1,1.3,259.98,-6.8410,3.8,1.3000,0.0,0.194,0.00142
sat1.3_g1,1,1.3,260.48,-6.8430,3.8,1.3000,0.0,0.194,0.00141
sat1.3_g1,1,1.3,260.98,-6.8440,3.8,1.3000,0.0,0.194,0.00140
sat1.3_g1,1,1.3,261.48,-6.8460,3.7,1.3000,0.0,0.194,0.00139
sat1.3_g1,1,1.3,261.98,-6.8470,3.7,1.3000,0.0,0.194,0.00138
sat1.3_g1,1,1.3,262.48,-6.8480,3.7,1.3000,0.0,0.194,0.00137
sat1.3_g1,1,1.3,262.98,-6.8490,3.6,1.3000,0.0,0.194,0.00136
sat1.3_g1,1,1.3,263.48,-6.8510,3.6,1.3000,0.0,0.194,0.00135
sat1.3_g1,1,1.3,263.98,-6.8520,3.6,1.3000,0.0,0.194,0.00134
sat1.3_g1,1,1.3,264.48,-6.8530,3.6,1.3000,0.0,0.194,0.00133
sat1.3_g1,1,1.3,264.98,-6.8550,3.5,1.3000,0.0,0.194,0.00132
sat1.3_g1,1,1.3,265.48,-6.8560,3.5,1.3000,0.0,0.194,0.00131
sat1.3_g1,1,1.3,265.98,-6.8570,3.5,1.3000,0.0,0.194,0.00130
sat1.3_g1,1,1.3,266.48,-6.8580,3.4,1.3001,0.0,0.194,0.00129
sat1.3_g1,1,1.3,266.98,-6.8590,3.4,1.3001,0.0,0.193,0.00128
sat1.3_g1,1,1.3,267.48,-6.8610,3.4,1.3001,0.0,0.193,0.00127
sat1.3_g1,1,1.3,267.98,-6.8620,3.3,1.3001,0.0,0.193,0.00126
sat1.3_g1,1,1.3,268.48,-6.8630,3.3,1.3001,0.0,0.193,0.00125
sat1.3_g1,1,1.3,268.98,-6.8640,3.3,1.3001,0.0,0.193,0.00124
sat1.3_g1,1,1.3,269.48,-6.8650,3.3,1.3001,0.0,0.193,0.00123
sat1.3_g1,1,1.3,269.98,-6.8670,3.2,1.3001,0.0,0.193,0.00122
sat1.3_g1,1,1.3,270.48,-6.8680,3.2,1.3001,0.0,0.193,0.00121
sat1.3_g1,1,1.3,270.98,-6.8690,3.2,1.3001,0.0,0.193,0.00120
sat1.3_g1,1,1.3,271.48,-6.8700,3.2,1.3001,0.0,0.193,0.00119
sat1.3_g1,1,1.3,271.98,-6.8710,3.1,1.3001,0.0,0.193,0.00118
sat1.3_g1,1,1.3,272.48,-6.8720,3.1,1.3001,0.0,0.193,0.00117
sat1.3_g1,1,1.3,272.98,-6.8730,3.1,1.3001,0.0,0.193,0.00116
sat1.3_g1,1,1.3,273.48,-6.8740,3.0,1.3001,0.0,0.193,0.00115
sat1.3_g1,1,1.3,273.98,-6.8750,3.0,1.3001,0.0,0.193,0.00114
sat1.3_g1,1,1.3,274.48,-6.8770,3.0,1.3001,0.0,0.193,0.00113
sat1.3_g1,1,1.3,274.98,-6.8780,3.0,1.3001,0.0,0.193,0.00112
sat1.3_g1,1,1.3,275.48,-6.8790,2.9,1.3001,0.0,0.193,0.00111
sat1.3_g1,1,1.3,275.98,-6.8800,2.9,1.3001,0.0,0.193,0.00110
sat1.3_g1,1,1.3,276.48,-6.8810,2.9,1.3001,0.0,0.193,0.00110
sat1.3_g1,1,1.3,276.98,-6.8820,2.9,1.3001,0.0,0.193,0.00109
sat1.3_g1,1,1.3,277.48,-6.8830,2.8,1.3001,0.0,0.193,0.00108
sat1.3_g1,1,1.3,277.98,-6.8840,2.8,1.3001,0.0,0.193,0.00107
sat1.3_g1,1,1.3,278.48,-6.8850,2.8,1.3001,0.0,0.193,0.00106
sat1.3_g1,1,1.3,278.98,-6.8860,2.8,1.3001,0.0,0.193,0.00105
sat1.3_g1,1,1.3,279.48,-6.8870,2.8,1.3001,0.0,0.193,0.00104
sat1.3_g1,1,1.3,279.98,-6.8880,2.7,1.3001,0.0,0.193,0.00103
sat1.3_g1,1,1.3,280.48,-6.8890,2.7,1.3001,0.0,0.193,0.00103
sat1.3_g1,1,1.3,280.98,-6.8900,2.7,1.3001,0.0,0.193,0.00102
sat1.3_g1,1,1.3,281.48,-6.8910,2.7,1.3001,0.0,0.193,0.00101
sat1.3_g1,1,1.3,281.98,-6.8920,2.6,1.3001,0.0,0.193,0.00100
sat1.3_g1,1,1.3,282.48,-6.8920,2.6,1.3001,0.0,0.193,0.00099
sat1.3_g1,1,1.3,282.98,-6.8930,2.6,1.3001,0.0,0.193,0.00098
sat1.3_g1,1,1.3,283.48,-6.8940,2.6,1.3001,0.0,0.193,0.00098
sat1.3_g1,1,1.3,283.98,-6.8950,2.5,1.3001,0.0,0.192,0.00097
sat1.3_g1,1,1.3,284.48,-6.8960,2.5,1.3001,0.0,0.192,0.00096
sat1.3_g1,1,1.3,284.98,-6.8970,2.5,1.3001,0.0,0.192,0.00095
sat1.3_g1,1,1.3,285.48,-6.8980,2.5,1.3001,0.0,0.192,0.00095
sat1.3_g1,1,1.3,285.98,-6.8990,2.5,1.3001,0.0,0.192,0.00094
sat1.3_g1,1,1.3,286.48,-6.9000,2.4,1.3001,0.0,0.192,0.00093
sat1.3_g1,1,1.3,286.98,-6.9010,2.4,1.3001,0.0,0.192,0.00092
sat1.3_g1,1,1.3,287.48,-6.9010,2.4,1.3001,0.0,0.192,0.00092
sat1.3_g1,1,1.3,287.98,-6.9020,2.4,1.3001,0.0,0.192,0.00091
sat1.3_g1,1,1.3,288.48,-6.9030,2.4,1.3001,0.0,0.192,0.00090
sat1.3_g1,1,1.3,288.98,-6.9040,2.3,1.3001,0.0,0.192,0.00089
sat1.3_g1,1,1.3,289.48,-6.9050,2.3,1.3001,0.0,0.192,0.00089
sat1.3_g1,1,1.3,289.98,-6.9060,2.3,1.3001,0.0,0.192,0.00088
sat1.3_g1,1,1.3,290.48,-6.9060,2.3,1.3001,0.0,0.192,0.00087
sat1.3_g1,1,1.3,290.98,-6.9070,2.3,1.3001,0.0,0.192,0.00086
sat1.3_g1,1,1.3,291.48,-6.9080,2.2,1.3001,0.0,0.192,0.00086
sat1.3_g1,1,1.3,291.98,-6.9090,2.2,1.3001,0.0,0.192,0.00085
sat1.3_g1,1,1.3,292.48,-6.9100,2.2,1.3001,0.0,0.192,0.00084
sat1.3_g1,1,1.3,292.98,-6.9100,2.2,1.3001,0.0,0.192,0.00084
sat1.3_g1,1,1.3,293.48,-6.9110,2.2,1.3001,0.0,0.192,0.00083
sat1.3_g1,1,1.3,293.98,-6.9120,2.1,1.3001,0.0,0.192,0.00082
sat1.3_g1,1,1.3,294.48,-6.9130,2.1,1.3001,0.0,0.192,0.00081
sat1.3_g1,1,1.3,294.98,-6.9130,2.1,1.3001,0.0,0.192,0.00081
sat1.3_g1,1,1.3,295.48,-6.9140,2.1,1.3001,0.0,0.192,0.00080
sat1.3_g1,1,1.3,295.98,-6.9150,2.1,1.3001,0.0,0.192,0.00080
sat1.3_g1,1,1.3,296.48,-6.9160,2.1,1.3001,0.0,0.192,0.00079
sat1.3_g1,1,1.3,296.98,-6.9160,2.0,1.3001,0.0,0.192,0.00078
sat1.3_g1,1,1.3,297.48,-6.9170,2.0,1.3001,0.0,0.192,0.00077
sat1.3_g1,1,1.3,297.98,-6.9180,2.0,1.3001,0.0,0.192,0.00077
sat1.3_g1,1,1.3,298.48,-6.9180,2.0,1.3001,0.0,0.192,0.00076
sat1.3_g1,1,1.3,298.98,-6.9190,2.0,1.3001,0.0,0.192,0.00076
sat1.3_g1,1,1.3,299.48,-6.9200,2.0,1.3001,0.0,0.192,0.00075
sat1.3_g1,1,1.3,299.98,-6.9210,1.9,1.3001,0.0,0.192,0.00074
sat1.3_g1,1,1.3,300.48,-6.9210,1.9,1.3001,0.0,0.192,0.00074
sat1.3_g1,1,1.3,300.98,-6.9220,1.9,1.3001,0.0,0.192,0.00073
sat1.3_g1,1,1.3,301.48,-6.9230,1.9,1.3001,0.0,0.192,0.00072
sat1.3_g1,1,1.3,301.98,-6.9230,1.9,1.3001,0.0,0.192,0.00072
sat1.3_g1,1,1.3,302.48,-6.9240,1.9,1.3001,0.0,0.192,0.00071
sat1.3_g1,1,1.3,302.98,-6.9250,1.8,1.3001,0.0,0.192,0.00071
sat1.3_g1,1,1.3,303.48,-6.9250,1.8,1.3001,0.0,0.192,0.00070
sat1.3_g1,1,1.3,303.98,-6.9260,1.8,1.3001,0.0,0.192,0.00069
sat1.3_g1,1,1.3,304.48,-6.9270,1.8,1.3001,0.0,0.192,0.00069
sat1.3_g1,1,1.3,304.98,-6.9270,1.8,1.3001,0.0,0.192,0.00068
sat1.3_g1,1,1.3,305.48,-6.9280,1.8,1.3001,0.0,0.192,0.00068
sat1.3_g1,1,1.3,305.98,-6.9280,1.7,1.3001,0.0,0.192,0.00067
sat1.3_g1,1,1.3,306.48,-6.9290,1.7,1.3001,0.0,0.192,0.00067
sat1.3_g1,1,1.3,306.98,-6.9300,1.7,1.3001,0.0,0.192,0.00066
sat1.3_g1,1,1.3,307.48,-6.9300,1.7,1.3001,0.0,0.192,0.00065
sat1.3_g1,1,1.3,307.98,-6.9310,1.7,1.3001,0.0,0.192,0.00065
sat1.3_g1,1,1.3,308.48,-6.9310,1.7,1.3001,0.0,0.192,0.00064
sat1.3_g1,1,1.3,308.98,-6.9320,1.7,1.3001,0.0,0.192,0.00064
sat1.3_g1,1,1.3,309.48,-6.9330,1.6,1.3001,0.0,0.192,0.00063
sat1.3_g1,1,1.3,309.98,-6.9330,1.6,1.3001,0.0,0.192,0.00063
sat1.3_g1,1,1.3,310.48,-6.9340,1.6,1.3001,0.0,0.192,0.00062
sat1.3_g1,1,1.3,310.98,-6.9340,1.6,1.3001,0.0,0.192,0.00062
sat1.3_g1,1,1.3,311.48,-6.9350,1.6,1.3001,0.0,0.192,0.00061
sat1.3_g1,1,1.3,311.98,-6.9350,1.6,1.3001,0.0,0.192,0.00061
sat1.3_g1,1,1.3,312.48,-6.9360,1.6,1.3001,0.0,0.192,0.00060
sat1.3_g1,1,1.3,312.98,-6.9370,1.5,1.3001,0.0,0.192,0.00060
sat1.3_g1,1,1.3,313.48,-6.9370,1.5,1.3001,0.0,0.192,0.00059
sat1.3_g1,1,1.3,313.98,-6.9380,1.5,1.3001,0.0,0.192,0.00059
sat1.3_g1,1,1.3,314.48,-6.9380,1.5,1.3001,0.0,0.192,0.00058
sat1.3_g1,1,1.3,314.98,-6.9390,1.5,1.3001,0.0,0.192,0.00058
sat1.3_g1,1,1.3,315.48,-6.9390,1.5,1.3001,0.0,0.192,0.00057
sat1.3_g1,1,1.3,315.98,-6.9400,1.5,1.3001,0.0,0.192,0.00057
sat1.3_g1,1,1.3,316.48,-6.9400,1.5,1.3001,0.0,0.191,0.00056
sat1.3_g1,1,1.3,316.98,-6.9410,1.4,1.3001,0.0,0.191,0.00056
sat1.3_g1,1,1.3,317.48,-6.9410,1.4,1.3001,0.0,0.191,0.00055
sat1.3_g1,1,1.3,317.98,-6.9420,1.4,1.3001,0.0,0.191,0.00055
sat1.3_g1,1,1.3,318.48,-6.9420,1.4,1.3001,0.0,0.191,0.00054
sat1.3_g1,1,1.3,318.98,-6.9430,1.4,1.3001,0.0,0.191,0.00054
sat1.3_g1,1,1.3,319.48,-6.9430,1.4,1.3001,0.0,0.191,0.00053
sat1.3_g1,1,1.3,319.98,-6.9440,1.4,1.3001,0.0,0.191,0.00053
sat1.3_g1,1,1.3,320.48,-6.9440,1.4,1.3001,0.0,0.191,0.00053
sat1.3_g1,1,1.3,320.98,-6.9450,1.3,1.3001,0.0,0.191,0.00052
sat1.3_g1,1,1.3,321.48,-6.9450,1.3,1.3001,0.0,0.191,0.00052
sat1.3_g1,1,1.3,321.98,-6.9460,1.3,1.3001,0.0,0.191,0.00051
sat1.3_g1,1,1.3,322.48,-6.9460,1.3,1.3001,0.0,0.191,0.00051
sat1.3_g1,1,1.3,322.98,-6.9470,1.3,1.3001,0.0,0.191,0.00050
sat1.3_g1,1,1.3,323.48,-6.9470,1.3,1.3001,0.0,0.191,0.00050
sat1.3_g1,1,1.3,323.98,-6.9480,1.3,1.3001,0.0,0.191,0.00049
sat1.3_g1,1,1.3,324.48,-6.9480,1.3,1.3001,0.0,0.191,0.00049
sat1.3_g1,1,1.3,324.98,-6.9480,1.3,1.3001,0.0,0.191,0.00049
sat1.3_g1,1,1.3,325.48,-6.9490,1.2,1.3001,0.0,0.191,0.00048
sat1.3_g1,1,1.3,325.98,-6.9490,1.2,1.3001,0.0,0.191,0.00048
sat1.3_g1,1,1.3,326.48,-6.9500,1.2,1.3001,0.0,0.191,0.00047
sat1.3_g1,1,1.3,326.98,-6.9500,1.2,1.3001,0.0,0.191,0.00047
sat1.3_g1,1,1.3,327.48,-6.9510,1.2,1.3001,0.0,0.191,0.00047
sat1.3_g1,1,1.3,327.98,-6.9510,1.2,1.3001,0.0,0.191,0.00046
sat1.3_g1,1,1.3,328.48,-6.9520,1.2,1.3001,0.0,0.191,0.00046
sat1.3_g1,1,1.3,328.98,-6.9520,1.2,1.3001,0.0,0.191,0.00046
sat1.3_g1,1,1.3,329.48,-6.9520,1.2,1.3001,0.0,0.191,0.00045
sat1.3_g1,1,1.3,329.98,-6.9530,1.2,1.3001,0.0,0.191,0.00045
sat1.3_g1,1,1.3,330.48,-6.9530,1.1,1.3001,0.0,0.191,0.00044
sat1.3_g1,1,1.3,330.98,-6.9540,1.1,1.3001,0.0,0.191,0.00044
sat1.3_g1,1,1.3,331.48,-6.9540,1.1,1.3001,0.0,0.191,0.00044
sat1.3_g1,1,1.3,331.98,-6.9540,1.1,1.3001,0.0,0.191,0.00043
sat1.3_g1,1,1.3,332.48,-6.9550,1.1,1.3001,0.0,0.191,0.00043
sat1.3_g1,1,1.3,332.98,-6.9550,1.1,1.3001,0.0,0.191,0.00042
sat1.3_g1,1,1.3,333.48,-6.9560,1.1,1.3001,0.0,0.191,0.00042
sat1.3_g1,1,1.3,333.98,-6.9560,1.1,1.3001,0.0,0.191,0.00042
sat1.3_g1,1,1.3,334.48,-6.9560,1.1,1.3001,0.0,0.191,0.00041
sat1.3_g1,1,1.3,334.98,-6.9570,1.1,1.3001,0.0,0.191,0.00041
sat1.3_g1,1,1.3,335.48,-6.9570,1.0,1.3001,0.0,0.191,0.00041
sat1.3_g1,1,1.3,335.98,-6.9570,1.0,1.3001,0.0,0.191,0.00040
sat1.3_g1,1,1.3,336.48,-6.9580,1.0,1.3001,0.0,0.191,0.00040
sat1.3_g1,1,1.3,336.98,-6.9580,1.0,1.3001,0.0,0.191,0.00040
sat1.3_g1,1,1.3,337.48,-6.9590,1.0,1.3001,0.0,0.191,0.00039
sat1.3_g1,1,1.3,337.98,-6.9590,1.0,1.3001,0.0,0.191,0.00039
sat1.3_g1,1,1.3,338.48,-6.9590,1.0,1.3001,0.0,0.191,0.00039
sat1.3_g1,1,1.3,338.98,-6.9600,1.0,1.3001,0.0,0.191,0.00038
sat1.3_g1,1,1.3,339.48,-6.9600,1.0,1.3001,0.0,0.191,0.00038
sat1.3_g1,1,1.3,339.98,-6.9600,1.0,1.3001,0.0,0.191,0.00038
sat1.3_g1,1,1.3,340.48,-6.9610,1.0,1.3001,0.0,0.191,0.00037
sat1.3_g1,1,1.3,340.98,-6.9610,1.0,1.3001,0.0,0.191,0.00037
sat1.3_g1,1,1.3,341.48,-6.9610,0.9,1.3001,0.0,0.191,0.00037
sat1.3_g1,1,1.3,341.98,-6.9620,0.9,1.3001,0.0,0.191,0.00036
sat1.3_g1,1,1.3,342.48,-6.9620,0.9,1.3001,0.0,0.191,0.00036
sat1.3_g1,1,1.3,342.98,-6.9620,0.9,1.3001,0.0,0.191,0.00036
sat1.3_g1,1,1.3,343.48,-6.9630,0.9,1.3001,0.0,0.191,0.00036
sat1.3_g1,1,1.3,343.98,-6.9630,0.9,1.3001,0.0,0.191,0.00035
sat1.3_g1,1,1.3,344.48,-6.9630,0.9,1.3001,0.0,0.191,0.00035
sat1.3_g1,1,1.3,344.98,-6.9640,0.9,1.3001,0.0,0.191,0.00035
sat1.3_g1,1,1.3,345.48,-6.9640,0.9,1.3001,0.0,0.191,0.00034
sat1.3_g1,1,1.3,345.98,-6.9640,0.9,1.3001,0.0,0.191,0.00034
sat1.3_g1,1,1.3,346.48,-6.9650,0.9,1.3001,0.0,0.191,0.00034
sat1.3_g1,1,1.3,346.98,-6.9650,0.9,1.3001,0.0,0.191,0.00033
sat1.3_g1,1,1.3,347.48,-6.9650,0.9,1.3001,0.0,0.191,0.00033
sat1.3_g1,1,1.3,347.98,-6.9650,0.8,1.3001,0.0,0.191,0.00033
sat1.3_g1,1,1.3,348.48,-6.9660,0.8,1.3001,0.0,0.191,0.00032
sat1.3_g1,1,1.3,348.98,-6.9660,0.8,1.3001,0.0,0.191,0.00032
sat1.3_g1,1,1.3,349.48,-6.9660,0.8,1.3001,0.0,0.191,0.00032
sat1.3_g1,1,1.3,349.98,-6.9670,0.8,1.3001,0.0,0.191,0.00032
sat1.3_g1,1,1.3,350.48,-6.9670,0.8,1.3001,0.0,0.191,0.00032
sat1.3_g1,1,1.3,350.98,-6.9670,0.8,1.3001,0.0,0.191,0.00031
sat1.3_g1,1,1.3,351.48,-6.9670,0.8,1.3001,0.0,0.191,0.00031
sat1.3_g1,1,1.3,351.98,-6.9680,0.8,1.3001,0.0,0.191,0.00031
sat1.3_g1,1,1.3,352.48,-6.9680,0.8,1.3001,0.0,0.191,0.00030
sat1.3_g1,1,1.3,352.98,-6.9680,0.8,1.3001,0.0,0.191,0.00030
sat1.3_g1,1,1.3,353.48,-6.9690,0.8,1.3001,0.0,0.191,0.00030
sat1.3_g1,1,1.3,353.98,-6.9690,0.8,1.3001,0.0,0.191,0.00030
sat1.3_g1,1,1.3,354.48,-6.9690,0.8,1.3001,0.0,0.191,0.00029
sat1.3_g1,1,1.3,354.98,-6.9690,0.7,1.3001,0.0,0.191,0.00029
sat1.3_g1,1,1.3,355.48,-6.9700,0.7,1.3001,0.0,0.191,0.00029
sat1.3_g1,1,1.3,355.98,-6.9700,0.7,1.3001,0.0,0.191,0.00029
sat1.3_g1,1,1.3,356.48,-6.9700,0.7,1.3001,0.0,0.191,0.00028
sat1.3_g1,1,1.3,356.98,-6.9700,0.7,1.3001,0.0,0.191,0.00028
sat1.3_g1,1,1.3,357.48,-6.9710,0.7,1.3001,0.0,0.191,0.00028
sat1.3_g1,1,1.3,357.98,-6.9710,0.7,1.3001,0.0,0.191,0.00028
sat1.3_g1,1,1.3,358.48,-6.9710,0.7,1.3001,0.0,0.191,0.00027
sat1.3_g1,1,1.3,358.98,-6.9710,0.7,1.3001,0.0,0.191,0.00027
sat1.3_g1,1,1.3,359.48,-6.9720,0.7,1.3001,0.0,0.191,0.00027
sat1.3_g1,1,1.3,359.98,-6.9720,0.7,1.3001,0.0,0.191,0.00027
sat1.3_g1,1,1.3,360.48,-6.9720,0.7,1.3001,0.0,0.191,0.00026
sat1.3_g1,1,1.3,360.98,-6.9720,0.7,1.3001,0.0,0.191,0.00026
sat1.3_g1,1,1.3,361.48,-6.9730,0.7,1.3001,0.0,0.191,0.00026
sat1.3_g1,1,1.3,361.98,-6.9730,0.7,1.3001,0.0,0.191,0.00026
sat1.3_g1,1,1.3,362.48,-6.9730,0.7,1.3001,0.0,0.191,0.00026
sat1.3_g1,1,1.3,362.98,-6.9730,0.7,1.3001,0.0,0.191,0.00025
sat1.3_g1,1,1.3,363.48,-6.9740,0.6,1.3001,0.0,0.191,0.00025
sat1.3_g1,1,1.3,363.98,-6.9740,0.6,1.3001,0.0,0.191,0.00025
sat1.3_g1,1,1.3,364.48,-6.9740,0.6,1.3001,0.0,0.191,0.00025
sat1.3_g1,1,1.3,364.98,-6.9740,0.6,1.3001,0.0,0.191,0.00024
sat1.3_g1,1,1.3,365.48,-6.9740,0.6,1.3001,0.0,0.191,0.00024
sat1.3_g1,1,1.3,365.98,-6.9750,0.6,1.3001,0.0,0.191,0.00024
sat1.3_g1,1,1.3,366.48,-6.9750,0.6,1.3001,0.0,0.191,0.00024
sat1.3_g1,1,1.3,366.98,-6.9750,0.6,1.3001,0.0,0.191,0.00024
sat1.3_g1,1,1.3,367.48,-6.9750,0.6,1.3001,0.0,0.191,0.00023
sat1.3_g1,1,1.3,367.98,-6.9760,0.6,1.3001,0.0,0.191,0.00023
sat1.3_g1,1,1.3,368.48,-6.9760,0.6,1.3001,0.0,NaN,0.00023
sat1.3_g1,1,1.3,368.98,-6.9760,0.6,1.3001,0.0,NaN,0.00023
sat1.3_g1,1,1.3,369.48,-6.9760,0.6,1.3001,0.0,NaN,0.00023
sat1.3_g1,1,1.3,369.98,-6.9760,0.6,1.3001,0.0,NaN,0.00022
sat1.3_g1,1,1.3,370.48,-6.9770,0.6,1.3001,0.0,NaN,0.00022
sat1.3_g1,1,1.3,370.98,-6.9770,0.6,1.3001,0.0,NaN,0.00022
sat1.3_g1,1,1.3,371.48,-6.9770,0.6,1.3001,0.0,NaN,0.00022
sat1.3_g1,1,1.3,371.98,-6.9770,0.6,1.3001,0.0,NaN,0.00022
sat1.3_g1,1,1.3,372.48,-6.9770,0.6,1.3001,0.0,NaN,0.00021
sat1.3_g1,1,1.3,372.98,-6.9780,0.5,1.3001,0.0,NaN,0.00021
sat1.3_g1,1,1.3,373.48,-6.9780,0.5,1.3001,0.0,NaN,0.00021
sat1.3_g1,1,1.3,373.98,-6.9780,0.5,1.3001,0.0,NaN,0.00021
sat1.3_g1,1,1.3,374.48,-6.9780,0.5,1.3001,0.0,NaN,0.00021
sat1.3_g1,1,1.3,374.98,-6.9780,0.5,1.3001,0.0,NaN,0.00021
sat1.3_g1,1,1.3,375.48,-6.9790,0.5,1.3001,0.0,NaN,0.00020
sat1.3_g1,1,1.3,375.98,-6.9790,0.5,1.3001,0.0,NaN,0.00020
sat1.3_g1,1,1.3,376.48,-6.9790,0.5,1.3001,0.0,NaN,0.00020
sat1.3_g1,1,1.3,376.98,-6.9790,0.5,1.3001,0.0,NaN,0.00020
sat1.3_g1,1,1.3,377.48,-6.9790,0.5,1.3001,0.0,NaN,0.00020
sat1.3_g1,1,1.3,377.98,-6.9790,0.5,1.3001,0.0,NaN,0.00020
sat1.3_g1,1,1.3,378.48,-6.9800,0.5,1.3001,0.0,NaN,0.00019
sat1.3_g1,1,1.3,378.98,-6.9800,0.5,1.3001,0.0,NaN,0.00019
sat1.3_g1,1,1.3,379.48,-6.9800,0.5,1.3001,0.0,NaN,0.00019
sat1.3_g1,1,1.3,379.98,-6.9800,0.5,1.3001,0.0,NaN,0.00019
sat1.3_g1,1,1.3,380.48,-6.9800,0.5,1.3001,0.0,NaN,0.00019
sat1.3_g1,1,1.3,380.98,-6.9810,0.5,1.3001,0.0,NaN,0.00019
sat1.3_g1,1,1.3,381.48,-6.9810,0.5,1.3001,0.0,NaN,0.00018
sat1.3_g1,1,1.3,381.98,-6.9810,0.5,1.3001,0.0,NaN,0.00018
sat1.3_g1,1,1.3,382.48,-6.9810,0.5,1.3001,0.0,NaN,0.00018
sat1.3_g1,1,1.3,382.98,-6.9810,0.5,1.3001,0.0,NaN,0.00018
sat1.3_g1,1,1.3,383.48,-6.9810,0.5,1.3001,0.0,NaN,0.00018
sat1.3_g1,1,1.3,383.98,-6.9820,0.5,1.3001,0.0,NaN,0.00018
sat1.3_g1,1,1.3,384.48,-6.9820,0.4,1.3001,0.0,NaN,0.00017
sat1.3_g1,1,1.3,384.98,-6.9820,0.4,1.3001,0.0,NaN,0.00017
sat1.3_g1,1,1.3,385.48,-6.9820,0.4,1.3001,0.0,NaN,0.00017
sat1.3_g1,1,1.3,385.98,-6.9820,0.4,1.3001,0.0,NaN,0.00017
sat1.3_g1,1,1.3,386.48,-6.9820,0.4,1.3001,0.0,NaN,0.00017
sat1.3_g1,1,1.3,386.98,-6.9820,0.4,1.3001,0.0,NaN,0.00017
sat1.3_g1,1,1.3,387.48,-6.9830,0.4,1.3001,0.0,NaN,0.00017
sat1.3_g1,1,1.3,387.98,-6.9830,0.4,1.3001,0.0,NaN,0.00016
sat1.3_g1,1,1.3,388.48,-6.9830,0.4,1.3001,0.0,NaN,0.00016
sat1.3_g1,1,1.3,388.98,-6.9830,0.4,1.3001,0.0,NaN,0.00016
sat1.3_g1,1,1.3,389.48,-6.9830,0.4,1.3001,0.0,NaN,0.00016
sat1.3_g1,1,1.3,389.98,-6.9830,0.4,1.3001,0.0,NaN,0.00016
sat1.3_g1,1,1.3,390.48,-6.9830,0.4,1.3001,0.0,NaN,0.00016
sat1.3_g1,1,1.3,390.98,-6.9840,0.4,1.3001,0.0,NaN,0.00016
sat1.3_g1,1,1.3,391.48,-6.9840,0.4,1.3001,0.0,NaN,0.00015
sat1.3_g1,1,1.3,391.98,-6.9840,0.4,1.3001,0.0,NaN,0.00015
sat1.3_g1,1,1.3,392.48,-6.9840,0.4,1.3001,0.0,NaN,0.00015
sat1.3_g1,1,1.3,392.98,-6.9840,0.4,1.3001,0.0,NaN,0.00015
sat1.3_g1,1,1.3,393.48,-6.9840,0.4,1.3001,0.0,NaN,0.00015
sat1.3_g1,1,1.3,393.98,-6.9840,0.4,1.3001,0.0,NaN,0.00015
sat1.3_g1,1,1.3,394.48,-6.9850,0.4,1.3001,0.0,NaN,0.00015
sat1.3_g1,1,1.3,394.98,-6.9850,0.4,1.3001,0.0,NaN,0.00015
sat1.3_g1,1,1.3,395.48,-6.9850,0.4,1.3001,0.0,NaN,0.00014
sat1.3_g1,1,1.3,395.98,-6.9850,0.4,1.3001,0.0,NaN,0.00014
sat1.3_g1,1,1.3,396.48,-6.9850,0.4,1.3001,0.0,NaN,0.00014
sat1.3_g1,1,1.3,396.98,-6.9850,0.4,1.3001,0.0,NaN,0.00014
sat1.3_g1,1,1.3,397.48,-6.9850,0.4,1.3001,0.0,NaN,0.00014
sat1.3_g1,1,1.3,397.98,-6.9860,0.4,1.3001,0.0,NaN,0.00014
sat1.3_g1,1,1.3,398.48,-6.9860,0.4,1.3001,0.0,NaN,0.00014
sat1.3_g1,1,1.3,398.98,-6.9860,0.3,1.3001,0.0,NaN,0.00014
sat1.3_g1,1,1.3,399.48,-6.9860,0.3,1.3001,0.0,NaN,0.00014
sat1.3_g1,1,1.3,399.98,-6.9860,0.3,1.3001,0.0,NaN,0.00013
sat1.3_g1,1,1.3,400.48,-6.9860,0.3,1.3001,0.0,NaN,0.00013
sat1.3_g1,1,1.3,400.98,-6.9860,0.3,1.3001,0.0,NaN,0.00013
sat1.3_g1,1,1.3,401.48,-6.9860,0.3,1.3001,0.0,NaN,0.00013
sat1.3_g1,1,1.3,401.98,-6.9860,0.3,1.3001,0.0,NaN,0.00013
sat1.3_g1,1,1.3,402.48,-6.9870,0.3,1.3001,0.0,NaN,0.00013
sat1.3_g1,1,1.3,402.98,-6.9870,0.3,1.3001,0.0,NaN,0.00013
sat1.3_g1,1,1.3,403.48,-6.9870,0.3,1.3001,0.0,NaN,0.00013
sat1.3_g1,1,1.3,403.98,-6.9870,0.3,1.3001,0.0,NaN,0.00013
sat1.3_g1,1,1.3,404.48,-6.9870,0.3,1.3001,0.0,NaN,0.00012
sat1.3_g1,1,1.3,404.98,-6.9870,0.3,1.3001,0.0,NaN,0.00012
sat1.3_g1,1,1.3,405.48,-6.9870,0.3,1.3001,0.0,NaN,0.00012
sat1.3_g1,1,1.3,405.98,-6.9870,0.3,1.3001,0.0,NaN,0.00012
sat1.3_g1,1,1.3,406.48,-6.9870,0.3,1.3001,0.0,NaN,0.00012
sat1.3_g1,1,1.3,406.98,-6.9880,0.3,1.3001,0.0,NaN,0.00012
sat1.3_g1,1,1.3,407.48,-6.9880,0.3,1.3001,0.0,NaN,0.00012
sat1.3_g1,1,1.3,407.98,-6.9880,0.3,1.3001,0.0,NaN,0.00012
sat1.3_g1,1,1.3,408.48,-6.9880,0.3,1.3001,0.0,NaN,0.00012
sat1.3_g1,1,1.3,408.98,-6.9880,0.3,1.3001,0.0,NaN,0.00012
sat1.3_g1,1,1.3,409.48,-6.9880,0.3,1.3001,0.0,NaN,0.00011
sat1.3_g1,1,1.3,409.98,-6.9880,0.3,1.3001,0.0,NaN,0.00011
sat1.3_g1,1,1.3,410.48,-6.9880,0.3,1.3001,0.0,NaN,0.00011
sat1.3_g1,1,1.3,410.98,-6.9880,0.3,1.3001,0.0,NaN,0.00011
sat1.3_g1,1,1.3,411.48,-6.9890,0.3,1.3001,0.0,NaN,0.00011
sat1.3_g1,1,1.3,411.98,-6.9890,0.3,1.3001,0.0,NaN,0.00011
sat1.3_g1,1,1.3,412.48,-6.9890,0.3,1.3001,0.0,NaN,0.00011
sat1.3_g1,1,1.3,412.98,-6.9890,0.3,1.3001,0.0,NaN,0.00011
sat1.3_g1,1,1.3,413.48,-6.9890,0.3,1.3001,0.0,NaN,0.00011
sat1.3_g1,1,1.3,413.98,-6.9890,0.3,1.3001,0.0,NaN,0.00011
sat1.3_g1,1,1.3,414.48,-6.9890,0.3,1.3001,0.0,NaN,0.00010
sat1.3_g1,1,1.3,414.98,-6.9890,0.3,1.3001,0.0,NaN,0.00010
sat1.3_g1,1,1.3,415.20,-6.9890,0.3,1.3001,0.0,NaN,0.00010
sat1.3_g0,0,1.3,0.50,-0.0350,98.4,0.0318,85.5,0.798,0.00000
sat1.3_g0,0,1.3,1.00,-0.0690,97.3,0.0603,78.3,0.493,0.00000
sat1.3_g0,0,1.3,1.50,-0.1020,96.5,0.0867,73.6,0.382,0.00000
sat1.3_g0,0,1.3,2.00,-0.1360,95.7,0.1117,70.1,0.325,0.00000
sat1.3_g0,0,1.3,2.50,-0.1690,95.1,0.1357,67.4,0.291,0.00000
sat1.3_g0,0,1.3,3.00,-0.2020,94.5,0.1588,65.1,0.268,0.00000
sat1.3_g0,0,1.3,3.50,-0.2350,94.0,0.1811,63.1,0.252,0.00000
sat1.3_g0,0,1.3,4.00,-0.2680,93.6,0.2028,61.4,0.240,0.00000
sat1.3_g0,0,1.3,4.50,-0.3000,93.1,0.2239,59.7,0.231,0.00000
sat1.3_g0,0,1.3,5.00,-0.3330,92.8,0.2445,58.3,0.224,0.00000
sat1.3_g0,0,1.3,5.50,-0.3650,92.4,0.2645,56.9,0.219,0.00000
sat1.3_g0,0,1.3,6.00,-0.3970,92.0,0.2841,55.6,0.214,0.00000
sat1.3_g0,0,1.3,6.50,-0.4290,91.7,0.3033,54.4,0.210,0.00000
sat1.3_g0,0,1.3,7.00,-0.4610,91.4,0.3220,53.2,0.207,0.00000
sat1.3_g0,0,1.3,7.50,-0.4930,91.1,0.3403,52.1,0.204,0.00000
sat1.3_g0,0,1.3,8.00,-0.5240,90.8,0.3583,51.0,0.202,0.00000
sat1.3_g0,0,1.3,8.50,-0.5560,90.5,0.3759,50.0,0.200,0.00000
sat1.3_g0,0,1.3,9.00,-0.5870,90.2,0.3931,49.0,0.198,0.00000
sat1.3_g0,0,1.3,9.50,-0.6190,89.9,0.4101,48.0,0.197,0.00000
sat1.3_g0,0,1.3,10.00,-0.6500,89.6,0.4266,47.1,0.195,0.00000
sat1.3_g0,0,1.3,10.50,-0.6810,89.3,0.4429,46.2,0.194,0.00000
sat1.3_g0,0,1.3,11.00,-0.7120,89.1,0.4588,45.3,0.193,0.00000
sat1.3_g0,0,1.3,11.50,-0.7430,88.8,0.4745,44.5,0.192,0.00000
sat1.3_g0,0,1.3,12.00,-0.7740,88.5,0.4898,43.6,0.192,0.00000
sat1.3_g0,0,1.3,12.50,-0.8050,88.3,0.5049,42.8,0.191,0.00000
sat1.3_g0,0,1.3,13.00,-0.8360,88.0,0.5197,42.0,0.190,0.00000
sat1.3_g0,0,1.3,13.50,-0.8660,87.8,0.5342,41.2,0.190,0.00000
sat1.3_g0,0,1.3,14.00,-0.8970,87.5,0.5484,40.4,0.189,0.00000
sat1.3_g0,0,1.3,14.50,-0.9270,87.2,0.5624,39.7,0.189,0.00000
sat1.3_g0,0,1.3,15.00,-0.9580,87.0,0.5761,38.9,0.189,0.00000
sat1.3_g0,0,1.3,15.50,-0.9880,86.7,0.5895,38.2,0.188,0.00000
sat1.3_g0,0,1.3,16.00,-1.0180,86.5,0.6027,37.5,0.188,0.00000
sat1.3_g0,0,1.3,16.50,-1.0480,86.2,0.6156,36.8,0.188,0.00000
sat1.3_g0,0,1.3,17.00,-1.0780,86.0,0.6283,36.1,0.188,0.00000
sat1.3_g0,0,1.3,17.50,-1.1080,85.7,0.6408,35.4,0.188,0.00000
sat1.3_g0,0,1.3,18.00,-1.1380,85.5,0.6531,34.8,0.187,0.00000
sat1.3_g0,0,1.3,18.50,-1.1680,85.2,0.6651,34.1,0.187,0.00000
sat1.3_g0,0,1.3,19.00,-1.1970,84.9,0.6768,33.5,0.187,0.00000
sat1.3_g0,0,1.3,19.50,-1.2270,84.7,0.6884,32.9,0.187,0.00000
sat1.3_g0,0,1.3,20.00,-1.2570,84.4,0.6998,32.3,0.187,0.00000
sat1.3_g0,0,1.3,20.50,-1.2860,84.2,0.7109,31.7,0.187,0.00000
sat1.3_g0,0,1.3,21.00,-1.3150,83.9,0.7218,31.1,0.187,0.00000
sat1.3_g0,0,1.3,21.50,-1.3440,83.7,0.7326,30.5,0.187,0.00000
sat1.3_g0,0,1.3,22.00,-1.3740,83.4,0.7431,29.9,0.187,0.00000
sat1.3_g0,0,1.3,22.50,-1.4030,83.2,0.7534,29.4,0.187,0.00000
sat1.3_g0,0,1.3,23.00,-1.4310,82.9,0.7636,28.8,0.187,0.00000
sat1.3_g0,0,1.3,23.50,-1.4600,82.7,0.7735,28.3,0.187,0.00000
sat1.3_g0,0,1.3,24.00,-1.4890,82.4,0.7833,27.8,0.187,0.00000
sat1.3_g0,0,1.3,24.50,-1.5180,82.2,0.7929,27.3,0.187,0.00000
sat1.3_g0,0,1.3,25.00,-1.5460,81.9,0.8023,26.8,0.186,0.00000
sat1.3_g0,0,1.3,25.50,-1.5750,81.6,0.8116,26.3,0.186,0.00000
sat1.3_g0,0,1.3,26.00,-1.6030,81.4,0.8206,25.8,0.186,0.00000
sat1.3_g0,0,1.3,26.50,-1.6320,81.1,0.8295,25.3,0.186,0.00000
sat1.3_g0,0,1.3,27.00,-1.6600,80.9,0.8382,24.8,0.186,0.00000
sat1.3_g0,0,1.3,27.50,-1.6880,80.6,0.8468,24.4,0.186,0.00000
sat1.3_g0,0,1.3,28.00,-1.7160,80.4,0.8552,23.9,0.186,0.00000
sat1.3_g0,0,1.3,28.50,-1.7440,80.1,0.8635,23.5,0.186,0.00000
sat1.3_g0,0,1.3,29.00,-1.7720,79.9,0.8716,23.0,0.186,0.00000
sat1.3_g0,0,1.3,29.50,-1.8000,79.6,0.8795,22.6,0.186,0.00000
sat1.3_g0,0,1.3,30.00,-1.8270,79.3,0.8873,22.2,0.186,0.00000
sat1.3_g0,0,1.3,30.50,-1.8550,79.1,0.8950,21.8,0.186,0.00000
sat1.3_g0,0,1.3,31.00,-1.8820,78.8,0.9025,21.4,0.186,0.00000
sat1.3_g0,0,1.3,31.50,-1.9100,78.6,0.9099,21.0,0.186,0.00000
sat1.3_g0,0,1.3,32.00,-1.9370,78.3,0.9171,20.6,0.186,0.00000
sat1.3_g0,0,1.3,32.50,-1.9650,78.0,0.9242,20.2,0.186,0.00000
sat1.3_g0,0,1.3,33.00,-1.9920,77.8,0.9312,19.8,0.186,0.00000
sat1.3_g0,0,1.3,33.50,-2.0190,77.5,0.9381,19.5,0.186,0.00000
sat1.3_g0,0,1.3,34.00,-2.0460,77.3,0.9448,19.1,0.186,0.00000
sat1.3_g0,0,1.3,34.50,-2.0730,77.0,0.9514,18.7,0.186,0.00000
sat1.3_g0,0,1.3,35.00,-2.0990,76.7,0.9579,18.4,0.186,0.00000
sat1.3_g0,0,1.3,35.50,-2.1260,76.5,0.9642,18.1,0.186,0.00000
sat1.3_g0,0,1.3,36.00,-2.1530,76.2,0.9704,17.7,0.186,0.00000
sat1.3_g0,0,1.3,36.50,-2.1790,76.0,0.9765,17.4,0.186,0.00000
sat1.3_g0,0,1.3,37.00,-2.2060,75.7,0.9825,17.1,0.186,0.00000
sat1.3_g0,0,1.3,37.50,-2.2320,75.4,0.9884,16.7,0.186,0.00000
sat1.3_g0,0,1.3,38.00,-2.2580,75.2,0.9942,16.4,0.186,0.00000
sat1.3_g0,0,1.3,38.50,-2.2840,74.9,0.9999,16.1,0.186,0.00000
sat1.3_g0,0,1.3,39.00,-2.3100,74.7,1.0055,15.8,0.186,0.00000
sat1.3_g0,0,1.3,39.50,-2.3360,74.4,1.0109,15.5,0.186,0.00000
sat1.3_g0,0,1.3,40.00,-2.3620,74.1,1.0163,15.3,0.186,0.00000
sat1.3_g0,0,1.3,40.50,-2.3880,73.9,1.0216,15.0,0.186,0.00000
sat1.3_g0,0,1.3,41.00,-2.4140,73.6,1.0267,14.7,0.186,0.00000
sat1.3_g0,0,1.3,41.50,-2.4390,73.3,1.0318,14.4,0.186,0.00000
sat1.3_g0,0,1.3,42.00,-2.4650,73.1,1.0368,14.2,0.186,0.00000
sat1.3_g0,0,1.3,42.50,-2.4900,72.8,1.0417,13.9,0.186,0.00000
sat1.3_g0,0,1.3,43.00,-2.5160,72.6,1.0465,13.6,0.186,0.00000
sat1.3_g0,0,1.3,43.50,-2.5410,72.3,1.0512,13.4,0.186,0.00000
sat1.3_g0,0,1.3,44.00,-2.5660,72.0,1.0558,13.1,0.187,0.00000
sat1.3_g0,0,1.3,44.50,-2.5910,71.8,1.0603,12.9,0.187,0.00000
sat1.3_g0,0,1.3,45.00,-2.6160,71.5,1.0648,12.6,0.187,0.00000
sat1.3_g0,0,1.3,45.50,-2.6410,71.2,1.0691,12.4,0.187,0.00000
sat1.3_g0,0,1.3,46.00,-2.6660,71.0,1.0734,12.2,0.187,0.00000
sat1.3_g0,0,1.3,46.50,-2.6900,70.7,1.0776,12.0,0.187,0.00000
sat1.3_g0,0,1.3,47.00,-2.7150,70.4,1.0817,11.7,0.187,0.00000
sat1.3_g0,0,1.3,47.50,-2.7400,70.2,1.0858,11.5,0.187,0.00000
sat1.3_g0,0,1.3,48.00,-2.7640,69.9,1.0898,11.3,0.187,0.00000
sat1.3_g0,0,1.3,48.50,-2.7880,69.6,1.0937,11.1,0.187,0.00000
sat1.3_g0,0,1.3,49.00,-2.8120,69.4,1.0975,10.9,0.187,0.00000
sat1.3_g0,0,1.3,49.50,-2.8370,69.1,1.1013,10.7,0.187,0.00000
sat1.3_g0,0,1.3,50.00,-2.8610,68.9,1.1049,10.5,0.187,0.00000
sat1.3_g0,0,1.3,50.50,-2.8850,68.6,1.1086,10.3,0.187,0.00000
sat1.3_g0,0,1.3,51.00,-2.9080,68.3,1.1121,10.1,0.187,0.00000
sat1.3_g0,0,1.3,51.50,-2.9320,68.1,1.1156,9.9,0.187,0.00000
sat1.3_g0,0,1.3,52.00,-2.9560,67.8,1.1190,9.7,0.187,0.00000
sat1.3_g0,0,1.3,52.50,-2.9790,67.5,1.1224,9.5,0.187,0.00000
sat1.3_g0,0,1.3,53.00,-3.0030,67.3,1.1257,9.4,0.187,0.00000
sat1.3_g0,0,1.3,53.50,-3.0260,67.0,1.1289,9.2,0.187,0.00000
sat1.3_g0,0,1.3,54.00,-3.0500,66.7,1.1321,9.0,0.187,0.00000
sat1.3_g0,0,1.3,54.50,-3.0730,66.5,1.1352,8.9,0.187,0.00000
sat1.3_g0,0,1.3,55.00,-3.0960,66.2,1.1383,8.7,0.187,0.00000
sat1.3_g0,0,1.3,55.50,-3.1190,65.9,1.1413,8.5,0.187,0.00000
sat1.3_g0,0,1.3,56.00,-3.1420,65.7,1.1442,8.4,0.187,0.00000
sat1.3_g0,0,1.3,56.50,-3.1650,65.4,1.1471,8.2,0.187,0.00000
sat1.3_g0,0,1.3,57.00,-3.1880,65.1,1.1500,8.1,0.187,0.00000
sat1.3_g0,0,1.3,57.50,-3.2100,64.9,1.1528,7.9,0.187,0.00000
sat1.3_g0,0,1.3,58.00,-3.2330,64.6,1.1555,7.8,0.187,0.00000
sat1.3_g0,0,1.3,58.50,-3.2550,64.3,1.1582,7.6,0.187,0.00000
sat1.3_g0,0,1.3,59.00,-3.2780,64.1,1.1608,7.5,0.187,0.00000
sat1.3_g0,0,1.3,59.50,-3.3000,63.8,1.1634,7.3,0.187,0.00000
sat1.3_g0,0,1.3,60.00,-3.3220,63.6,1.1659,7.2,0.187,0.00000
sat1.3_g0,0,1.3,60.50,-3.3440,63.3,1.1684,7.1,0.187,0.00000
sat1.3_g0,0,1.3,61.00,-3.3660,63.0,1.1709,6.9,0.187,0.00000
sat1.3_g0,0,1.3,61.50,-3.3880,62.8,1.1733,6.8,0.187,0.00000
sat1.3_g0,0,1.3,62.00,-3.4100,62.5,1.1756,6.7,0.187,0.00000
sat1.3_g0,0,1.3,62.50,-3.4320,62.2,1.1779,6.6,0.187,0.00000
sat1.3_g0,0,1.3,63.00,-3.4530,62.0,1.1802,6.4,0.187,0.00000
sat1.3_g0,0,1.3,63.50,-3.4750,61.7,1.1824,6.3,0.187,0.00000
sat1.3_g0,0,1.3,64.00,-3.4960,61.4,1.1846,6.2,0.187,0.00000
sat1.3_g0,0,1.3,64.50,-3.5180,61.2,1.1867,6.1,0.187,0.00000
sat1.3_g0,0,1.3,65.00,-3.5390,60.9,1.1888,6.0,0.187,0.00000
sat1.3_g0,0,1.3,65.50,-3.5600,60.6,1.1909,5.9,0.187,0.00000
sat1.3_g0,0,1.3,66.00,-3.5810,60.4,1.1929,5.8,0.187,0.00000
sat1.3_g0,0,1.3,66.50,-3.6020,60.1,1.1949,5.7,0.187,0.00000
sat1.3_g0,0,1.3,67.00,-3.6230,59.9,1.1968,5.5,0.187,0.00000
sat1.3_g0,0,1.3,67.50,-3.6440,59.6,1.1987,5.4,0.187,0.00000
sat1.3_g0,0,1.3,68.00,-3.6650,59.3,1.2006,5.3,0.187,0.00000
sat1.3_g0,0,1.3,68.50,-3.6850,59.1,1.2024,5.2,0.187,0.00000
sat1.3_g0,0,1.3,69.00,-3.7060,58.8,1.2042,5.1,0.187,0.00000
sat1.3_g0,0,1.3,69.50,-3.7260,58.5,1.2060,5.1,0.187,0.00000
sat1.3_g0,0,1.3,70.00,-3.7470,58.3,1.2078,5.0,0.187,0.00000
sat1.3_g0,0,1.3,70.50,-3.7670,58.0,1.2095,4.9,0.187,0.00000
sat1.3_g0,0,1.3,71.00,-3.7870,57.8,1.2111,4.8,0.187,0.00000
sat1.3_g0,0,1.3,71.50,-3.8070,57.5,1.2128,4.7,0.187,0.00000
sat1.3_g0,0,1.3,72.00,-3.8270,57.2,1.2144,4.6,0.187,0.00000
sat1.3_g0,0,1.3,72.50,-3.8470,57.0,1.2160,4.5,0.187,0.00000
sat1.3_g0,0,1.3,73.00,-3.8670,56.7,1.2175,4.4,0.187,0.00000
sat1.3_g0,0,1.3,73.50,-3.8860,56.4,1.2191,4.4,0.187,0.00000
sat1.3_g0,0,1.3,74.00,-3.9060,56.2,1.2206,4.3,0.187,0.00000
sat1.3_g0,0,1.3,74.50,-3.9260,55.9,1.2220,4.2,0.187,0.00000
sat1.3_g0,0,1.3,75.00,-3.9450,55.7,1.2235,4.1,0.187,0.00000
sat1.3_g0,0,1.3,75.50,-3.9640,55.4,1.2249,4.0,0.187,0.00000
sat1.3_g0,0,1.3,76.00,-3.9840,55.2,1.2263,4.0,0.187,0.00000
sat1.3_g0,0,1.3,76.50,-4.0030,54.9,1.2276,3.9,0.187,0.00000
sat1.3_g0,0,1.3,77.00,-4.0220,54.6,1.2290,3.8,0.187,0.00000
sat1.3_g0,0,1.3,77.50,-4.0410,54.4,1.2303,3.7,0.187,0.00000
sat1.3_g0,0,1.3,78.00,-4.0600,54.1,1.2316,3.7,0.187,0.00000
sat1.3_g0,0,1.3,78.50,-4.0790,53.9,1.2329,3.6,0.187,0.00000
sat1.3_g0,0,1.3,79.00,-4.0970,53.6,1.2341,3.5,0.187,0.00000
sat1.3_g0,0,1.3,79.50,-4.1160,53.3,1.2353,3.5,0.187,0.00000
sat1.3_g0,0,1.3,80.00,-4.1350,53.1,1.2365,3.4,0.187,0.00000
sat1.3_g0,0,1.3,80.50,-4.1530,52.8,1.2377,3.3,0.187,0.00000
sat1.3_g0,0,1.3,81.00,-4.1710,52.6,1.2389,3.3,0.187,0.00000
sat1.3_g0,0,1.3,81.50,-4.1900,52.3,1.2400,3.2,0.187,0.00000
sat1.3_g0,0,1.3,82.00,-4.2080,52.1,1.2411,3.2,0.187,0.00000
sat1.3_g0,0,1.3,82.50,-4.2260,51.8,1.2422,3.1,0.187,0.00000
sat1.3_g0,0,1.3,83.00,-4.2440,51.6,1.2433,3.0,0.187,0.00000
sat1.3_g0,0,1.3,83.49,-4.2620,51.3,1.2443,3.0,0.187,0.00000
sat1.3_g0,0,1.3,83.99,-4.2800,51.1,1.2454,2.9,0.187,0.00000
sat1.3_g0,0,1.3,84.49,-4.2970,50.8,1.2464,2.9,0.187,0.00000
sat1.3_g0,0,1.3,84.99,-4.3150,50.6,1.2474,2.8,0.187,0.00000
sat1.3_g0,0,1.3,85.49,-4.3330,50.3,1.2484,2.8,0.187,0.00000
sat1.3_g0,0,1.3,85.99,-4.3500,50.0,1.2493,2.7,0.187,0.00000
sat1.3_g0,0,1.3,86.49,-4.3680,49.8,1.2503,2.7,0.187,0.00000
sat1.3_g0,0,1.3,86.99,-4.3850,49.5,1.2512,2.6,0.187,0.00000
sat1.3_g0,0,1.3,87.49,-4.4020,49.3,1.2521,2.6,0.187,0.00000
sat1.3_g0,0,1.3,87.99,-4.4190,49.0,1.2530,2.5,0.187,0.00000
sat1.3_g0,0,1.3,88.49,-4.4360,48.8,1.2538,2.5,0.187,0.00000
sat1.3_g0,0,1.3,88.99,-4.4530,48.5,1.2547,2.4,0.187,0.00000
sat1.3_g0,0,1.3,89.49,-4.4700,48.3,1.2556,2.4,0.187,0.00000
sat1.3_g0,0,1.3,89.99,-4.4870,48.1,1.2564,2.3,0.187,0.00000
sat1.3_g0,0,1.3,90.49,-4.5040,47.8,1.2572,2.3,0.187,0.00000
sat1.3_g0,0,1.3,90.99,-4.5200,47.6,1.2580,2.3,0.187,0.00000
sat1.3_g0,0,1.3,91.49,-4.5370,47.3,1.2588,2.2,0.187,0.00000
sat1.3_g0,0,1.3,91.99,-4.5530,47.1,1.2596,2.2,0.187,0.00000
sat1.3_g0,0,1.3,92.49,-4.5700,46.8,1.2603,2.1,0.187,0.00000
sat1.3_g0,0,1.3,92.99,-4.5860,46.6,1.2611,2.1,0.187,0.00000
sat1.3_g0,0,1.3,93.49,-4.6020,46.3,1.2618,2.1,0.187,0.00000
sat1.3_g0,0,1.3,93.99,-4.6180,46.1,1.2625,2.0,0.187,0.00000
sat1.3_g0,0,1.3,94.49,-4.6340,45.8,1.2632,2.0,0.187,0.00000
sat1.3_g0,0,1.3,94.99,-4.6500,45.6,1.2639,1.9,0.187,0.00000
sat1.3_g0,0,1.3,95.49,-4.6660,45.4,1.2645,1.9,0.187,0.00000
sat1.3_g0,0,1.3,95.99,-4.6820,45.1,1.2652,1.9,0.187,0.00000
sat1.3_g0,0,1.3,96.49,-4.6970,44.9,1.2658,1.8,0.187,0.00000
sat1.3_g0,0,1.3,96.99,-4.7130,44.6,1.2665,1.8,0.187,0.00000
sat1.3_g0,0,1.3,97.49,-4.7290,44.4,1.2671,1.8,0.187,0.00000
sat1.3_g0,0,1.3,97.99,-4.7440,44.2,1.2677,1.7,0.187,0.00000
sat1.3_g0,0,1.3,98.49,-4.7590,43.9,1.2684,1.7,0.187,0.00000
sat1.3_g0,0,1.3,98.99,-4.7750,43.7,1.2689,1.7,0.187,0.00000
sat1.3_g0,0,1.3,99.49,-4.7900,43.4,1.2695,1.6,0.187,0.00000
sat1.3_g0,0,1.3,99.99,-4.8050,43.2,1.2701,1.6,0.187,0.00000
sat1.3_g0,0,1.3,100.49,-4.8200,43.0,1.2707,1.6,0.187,0.00000
sat1.3_g0,0,1.3,100.99,-4.8350,42.7,1.2712,1.5,0.187,0.00000
sat1.3_g0,0,1.3,101.49,-4.8500,42.5,1.2718,1.5,0.187,0.00000
sat1.3_g0,0,1.3,101.99,-4.8640,42.3,1.2723,1.5,0.187,0.00000
sat1.3_g0,0,1.3,102.49,-4.8790,42.0,1.2728,1.5,0.187,0.00000
sat1.3_g0,0,1.3,102.99,-4.8940,41.8,1.2733,1.4,0.187,0.00000
sat1.3_g0,0,1.3,103.49,-4.9080,41.6,1.2738,1.4,0.187,0.00000
sat1.3_g0,0,1.3,103.99,-4.9230,41.3,1.2743,1.4,0.187,0.00000
sat1.3_g0,0,1.3,104.49,-4.9370,41.1,1.2748,1.4,0.187,0.00000
sat1.3_g0,0,1.3,104.99,-4.9510,40.9,1.2753,1.3,0.187,0.00000
sat1.3_g0,0,1.3,105.49,-4.9660,40.6,1.2757,1.3,0.187,0.00000
sat1.3_g0,0,1.3,105.99,-4.9800,40.4,1.2762,1.3,0.187,0.00000
sat1.3_g0,0,1.3,106.49,-4.9940,40.2,1.2766,1.3,0.187,0.00000
sat1.3_g0,0,1.3,106.99,-5.0080,40.0,1.2770,1.2,0.187,0.00000
sat1.3_g0,0,1.3,107.49,-5.0220,39.7,1.2775,1.2,0.187,0.00000
sat1.3_g0,0,1.3,107.99,-5.0350,39.5,1.2779,1.2,0.187,0.00000
sat1.3_g0,0,1.3,108.49,-5.0490,39.3,1.2783,1.2,0.187,0.00000
sat1.3_g0,0,1.3,108.99,-5.0630,39.1,1.2787,1.1,0.187,0.00000
sat1.3_g0,0,1.3,109.49,-5.0760,38.8,1.2792,1.1,0.187,0.00000
sat1.3_g0,0,1.3,109.99,-5.0900,38.6,1.2796,1.1,0.187,0.00000
sat1.3_g0,0,1.3,110.49,-5.1030,38.4,1.2799,1.1,0.187,0.00000
sat1.3_g0,0,1.3,110.99,-5.1170,38.2,1.2803,1.1,0.187,0.00000
sat1.3_g0,0,1.3,111.49,-5.1300,37.9,1.2807,1.0,0.187,0.00000
sat1.3_g0,0,1.3,111.99,-5.1430,37.7,1.2811,1.0,0.187,0.00000
sat1.3_g0,0,1.3,112.49,-5.1560,37.5,1.2814,1.0,0.187,0.00000
sat1.3_g0,0,1.3,112.99,-5.1690,37.3,1.2818,1.0,0.187,0.00000
sat1.3_g0,0,1.3,113.49,-5.1820,37.1,1.2821,1.0,0.187,0.00000
sat1.3_g0,0,1.3,113.99,-5.1950,36.8,1.2825,0.9,0.187,0.00000
sat1.3_g0,0,1.3,114.49,-5.2080,36.6,1.2828,0.9,0.187,0.00000
sat1.3_g0,0,1.3,114.99,-5.2210,36.4,1.2831,0.9,0.187,0.00000
sat1.3_g0,0,1.3,115.49,-5.2330,36.2,1.2835,0.9,0.187,0.00000
sat1.3_g0,0,1.3,115.99,-5.2460,36.0,1.2838,0.9,0.187,0.00000
sat1.3_g0,0,1.3,116.49,-5.2580,35.8,1.2841,0.9,0.187,0.00000
sat1.3_g0,0,1.3,116.99,-5.2710,35.6,1.2844,0.8,0.187,0.00000
sat1.3_g0,0,1.3,117.49,-5.2830,35.3,1.2847,0.8,0.187,0.00000
sat1.3_g0,0,1.3,117.99,-5.2950,35.1,1.2850,0.8,0.187,0.00000
sat1.3_g0,0,1.3,118.49,-5.3080,34.9,1.2853,0.8,0.188,0.00000
sat1.3_g0,0,1.3,118.99,-5.3200,34.7,1.2856,0.8,0.188,0.00000
sat1.3_g0,0,1.3,119.49,-5.3320,34.5,1.2858,0.8,0.188,0.00000
sat1.3_g0,0,1.3,119.99,-5.3440,34.3,1.2861,0.7,0.188,0.00000
sat1.3_g0,0,1.3,120.49,-5.3560,34.1,1.2864,0.7,0.188,0.00000
sat1.3_g0,0,1.3,120.99,-5.3680,33.9,1.2866,0.7,0.188,0.00000
sat1.3_g0,0,1.3,121.49,-5.3790,33.7,1.2869,0.7,0.188,0.00000
sat1.3_g0,0,1.3,121.99,-5.3910,33.5,1.2871,0.7,0.188,0.00000
sat1.3_g0,0,1.3,122.49,-5.4030,33.3,1.2873,0.7,0.188,0.00000
sat1.3_g0,0,1.3,122.99,-5.4140,33.1,1.2876,0.7,0.188,0.00000
sat1.3_g0,0,1.3,123.49,-5.4260,32.9,1.2878,0.7,0.188,0.00000
sat1.3_g0,0,1.3,123.99,-5.4370,32.7,1.2880,0.6,0.188,0.00000
sat1.3_g0,0,1.3,124.49,-5.4490,32.4,1.2882,0.6,0.188,0.00000
sat1.3_g0,0,1.3,124.99,-5.4600,32.2,1.2884,0.6,0.188,0.00000
sat1.3_g0,0,1.3,125.49,-5.4710,32.0,1.2887,0.6,0.188,0.00000
sat1.3_g0,0,1.3,125.99,-5.4820,31.8,1.2889,0.6,0.188,0.00000
sat1.3_g0,0,1.3,126.49,-5.4930,31.7,1.2891,0.6,0.188,0.00000
sat1.3_g0,0,1.3,126.99,-5.5040,31.5,1.2893,0.6,0.188,0.00000
sat1.3_g0,0,1.3,127.49,-5.5150,31.3,1.2895,0.6,0.188,0.00000
sat1.3_g0,0,1.3,127.99,-5.5260,31.1,1.2897,0.6,0.188,0.00000
sat1.3_g0,0,1.3,128.49,-5.5370,30.9,1.2899,0.5,0.188,0.00000
sat1.3_g0,0,1.3,128.99,-5.5480,30.7,1.2901,0.5,0.188,0.00000
sat1.3_g0,0,1.3,129.49,-5.5580,30.5,1.2903,0.5,0.188,0.00000
sat1.3_g0,0,1.3,129.99,-5.5690,30.3,1.2905,0.5,0.188,0.00000
sat1.3_g0,0,1.3,130.49,-5.5790,30.1,1.2907,0.5,0.188,0.00000
sat1.3_g0,0,1.3,130.99,-5.5900,29.9,1.2909,0.5,0.188,0.00000
sat1.3_g0,0,1.3,131.49,-5.6000,29.7,1.2911,0.5,0.188,0.00000
sat1.3_g0,0,1.3,131.99,-5.6100,29.5,1.2913,0.5,0.188,0.00000
sat1.3_g0,0,1.3,132.49,-5.6210,29.3,1.2914,0.5,0.188,0.00000
sat1.3_g0,0,1.3,132.99,-5.6310,29.1,1.2916,0.5,0.188,0.00000
sat1.3_g0,0,1.3,133.49,-5.6410,29.0,1.2918,0.4,0.188,0.00000
sat1.3_g0,0,1.3,133.99,-5.6510,28.8,1.2919,0.4,0.188,0.00000
sat1.3_g0,0,1.3,134.49,-5.6610,28.6,1.2921,0.4,0.188,0.00000
sat1.3_g0,0,1.3,134.99,-5.6710,28.4,1.2922,0.4,0.188,0.00000
sat1.3_g0,0,1.3,135.49,-5.6810,28.2,1.2924,0.4,0.188,0.00000
sat1.3_g0,0,1.3,135.99,-5.6910,28.0,1.2925,0.4,0.188,0.00000
sat1.3_g0,0,1.3,136.49,-5.7000,27.9,1.2927,0.4,0.188,0.00000
sat1.3_g0,0,1.3,136.99,-5.7100,27.7,1.2928,0.4,0.188,0.00000
sat1.3_g0,0,1.3,137.49,-5.7200,27.5,1.2930,0.4,0.188,0.00000
sat1.3_g0,0,1.3,137.99,-5.7290,27.3,1.2931,0.4,0.188,0.00000
sat1.3_g0,0,1.3,138.49,-5.7390,27.1,1.2933,0.4,0.188,0.00000
sat1.3_g0,0,1.3,138.99,-5.7480,27.0,1.2934,0.4,0.188,0.00000
sat1.3_g0,0,1.3,139.49,-5.7570,26.8,1.2935,0.3,0.188,0.00000
sat1.3_g0,0,1.3,139.99,-5.7670,26.6,1.2937,0.3,0.188,0.00000
sat1.3_g0,0,1.3,140.49,-5.7760,26.4,1.2938,0.3,0.188,0.00000
sat1.3_g0,0,1.3,140.99,-5.7850,26.3,1.2939,0.3,0.188,0.00000
sat1.3_g0,0,1.3,141.49,-5.7940,26.1,1.2940,0.3,0.188,0.00000
sat1.3_g0,0,1.3,141.99,-5.8030,25.9,1.2942,0.3,0.188,0.00000
sat1.3_g0,0,1.3,142.49,-5.8120,25.7,1.2943,0.3,0.188,0.00000
sat1.3_g0,0,1.3,142.99,-5.8210,25.6,1.2944,0.3,0.188,0.00000
sat1.3_g0,0,1.3,143.49,-5.8300,25.4,1.2945,0.3,0.188,0.00000
sat1.3_g0,0,1.3,143.99,-5.8390,25.2,1.2946,0.3,0.188,0.00000
sat1.3_g0,0,1.3,144.49,-5.8480,25.1,1.2947,0.3,0.188,0.00000
sat1.3_g0,0,1.3,144.99,-5.8560,24.9,1.2948,0.3,0.188,0.00000
sat1.3_g0,0,1.3,145.49,-5.8650,24.7,1.2949,0.3,0.188,0.00000
sat1.3_g0,0,1.3,145.99,-5.8740,24.6,1.2950,0.3,0.188,0.00000
sat1.3_g0,0,1.3,146.49,-5.8820,24.4,1.2951,0.3,0.188,0.00000
sat1.3_g0,0,1.3,146.99,-5.8910,24.2,1.2952,0.3,0.188,0.00000
sat1.3_g0,0,1.3,147.49,-5.8990,24.1,1.2953,0.3,0.188,0.00000
sat1.3_g0,0,1.3,147.99,-5.9070,23.9,1.2954,0.2,0.188,0.00000
sat1.3_g0,0,1.3,148.49,-5.9160,23.7,1.2955,0.2,0.188,0.00000
sat1.3_g0,0,1.3,148.99,-5.9240,23.6,1.2956,0.2,0.188,0.00000
sat1.3_g0,0,1.3,149.49,-5.9320,23.4,1.2957,0.2,0.188,0.00000
sat1.3_g0,0,1.3,149.99,-5.9400,23.3,1.2958,0.2,0.188,0.00000
sat1.3_g0,0,1.3,150.49,-5.9480,23.1,1.2959,0.2,0.188,0.00000
sat1.3_g0,0,1.3,150.99,-5.9570,22.9,1.2959,0.2,0.188,0.00000
sat1.3_g0,0,1.3,151.49,-5.9650,22.8,1.2960,0.2,0.188,0.00000
sat1.3_g0,0,1.3,151.99,-5.9720,22.6,1.2961,0.2,0.188,0.00000
sat1.3_g0,0,1.3,152.49,-5.9800,22.5,1.2962,0.2,0.188,0.00000
sat1.3_g0,0,1.3,152.99,-5.9880,22.3,1.2963,0.2,0.188,0.00000
sat1.3_g0,0,1.3,153.49,-5.9960,22.2,1.2963,0.2,0.188,0.00000
sat1.3_g0,0,1.3,153.99,-6.0040,22.0,1.2964,0.2,0.188,0.00000
sat1.3_g0,0,1.3,154.49,-6.0110,21.9,1.2965,0.2,0.188,0.00000
sat1.3_g0,0,1.3,154.99,-6.0190,21.7,1.2966,0.2,0.188,0.00000
sat1.3_g0,0,1.3,155.49,-6.0260,21.5,1.2966,0.2,0.188,0.00000
sat1.3_g0,0,1.3,155.99,-6.0340,21.4,1.2967,0.2,0.188,0.00000
sat1.3_g0,0,1.3,156.49,-6.0410,21.2,1.2968,0.2,0.188,0.00000
sat1.3_g0,0,1.3,156.99,-6.0490,21.1,1.2968,0.2,0.188,0.00000
sat1.3_g0,0,1.3,157.49,-6.0560,21.0,1.2969,0.2,0.188,0.00000
sat1.3_g0,0,1.3,157.99,-6.0630,20.8,1.2970,0.2,0.188,0.00000
sat1.3_g0,0,1.3,158.49,-6.0710,20.7,1.2970,0.2,0.188,0.00000
sat1.3_g0,0,1.3,158.99,-6.0780,20.5,1.2971,0.2,0.188,0.00000
sat1.3_g0,0,1.3,159.49,-6.0850,20.4,1.2971,0.2,0.188,0.00000
sat1.3_g0,0,1.3,159.99,-6.0920,20.2,1.2972,0.2,0.188,0.00000
sat1.3_g0,0,1.3,160.49,-6.0990,20.1,1.2972,0.1,0.188,0.00000
sat1.3_g0,0,1.3,160.99,-6.1060,19.9,1.2973,0.1,0.188,0.00000
sat1.3_g0,0,1.3,161.49,-6.1130,19.8,1.2974,0.1,0.188,0.00000
sat1.3_g0,0,1.3,161.99,-6.1200,19.7,1.2974,0.1,0.188,0.00000
sat1.3_g0,0,1.3,162.49,-6.1270,19.5,1.2975,0.1,0.188,0.00000
sat1.3_g0,0,1.3,162.99,-6.1340,19.4,1.2975,0.1,0.188,0.00000
sat1.3_g0,0,1.3,163.49,-6.1410,19.2,1.2976,0.1,0.188,0.00000
sat1.3_g0,0,1.3,163.99,-6.1470,19.1,1.2976,0.1,0.188,0.00000
sat1.3_g0,0,1.3,164.49,-6.1540,19.0,1.2977,0.1,0.188,0.00000
sat1.3_g0,0,1.3,164.99,-6.1610,18.8,1.2977,0.1,0.188,0.00000
sat1.3_g0,0,1.3,165.49,-6.1670,18.7,1.2978,0.1,0.188,0.00000
sat1.3_g0,0,1.3,165.99,-6.1740,18.6,1.2978,0.1,0.188,0.00000
sat1.3_g0,0,1.3,166.49,-6.1800,18.4,1.2978,0.1,0.188,0.00000
sat1.3_g0,0,1.3,166.99,-6.1870,18.3,1.2979,0.1,0.188,0.00000
sat1.3_g0,0,1.3,167.49,-6.1930,18.2,1.2979,0.1,0.188,0.00000
sat1.3_g0,0,1.3,167.99,-6.1990,18.0,1.2980,0.1,0.188,0.00000
sat1.3_g0,0,1.3,168.49,-6.2060,17.9,1.2980,0.1,0.188,0.00000
sat1.3_g0,0,1.3,168.99,-6.2120,17.8,1.2980,0.1,0.188,0.00000
sat1.3_g0,0,1.3,169.49,-6.2180,17.6,1.2981,0.1,0.188,0.00000
sat1.3_g0,0,1.3,169.99,-6.2240,17.5,1.2981,0.1,0.188,0.00000
sat1.3_g0,0,1.3,170.49,-6.2300,17.4,1.2982,0.1,0.188,0.00000
sat1.3_g0,0,1.3,170.99,-6.2360,17.3,1.2982,0.1,0.188,0.00000
sat1.3_g0,0,1.3,171.49,-6.2430,17.1,1.2982,0.1,0.188,0.00000
sat1.3_g0,0,1.3,171.99,-6.2490,17.0,1.2983,0.1,0.188,0.00000
sat1.3_g0,0,1.3,172.49,-6.2540,16.9,1.2983,0.1,0.188,0.00000
sat1.3_g0,0,1.3,172.99,-6.2600,16.8,1.2983,0.1,0.188,0.00000
sat1.3_g0,0,1.3,173.49,-6.2660,16.6,1.2983,0.1,0.188,0.00000
sat1.3_g0,0,1.3,173.99,-6.2720,16.5,1.2984,0.1,0.188,0.00000
sat1.3_g0,0,1.3,174.49,-6.2780,16.4,1.2984,0.1,0.187,0.00000
sat1.3_g0,0,1.3,174.99,-6.2830,16.3,1.2984,0.1,0.187,0.00000
sat1.3_g0,0,1.3,175.49,-6.2890,16.2,1.2985,0.1,0.187,0.00000
sat1.3_g0,0,1.3,175.99,-6.2950,16.0,1.2985,0.1,0.187,0.00000
sat1.3_g0,0,1.3,176.49,-6.3000,15.9,1.2985,0.1,0.187,0.00000
sat1.3_g0,0,1.3,176.99,-6.3060,15.8,1.2985,0.1,0.187,0.00000
sat1.3_g0,0,1.3,177.49,-6.3110,15.7,1.2986,0.1,0.187,0.00000
sat1.3_g0,0,1.3,177.99,-6.3170,15.6,1.2986,0.1,0.188,0.00000
sat1.3_g0,0,1.3,178.49,-6.3220,15.4,1.2986,0.1,0.188,0.00000
sat1.3_g0,0,1.3,178.99,-6.3280,15.3,1.2986,0.1,0.188,0.00000
sat1.3_g0,0,1.3,179.49,-6.3330,15.2,1.2987,0.1,0.188,0.00000
sat1.3_g0,0,1.3,179.99,-6.3390,15.1,1.2987,0.1,0.188,0.00000
sat1.3_g0,0,1.3,180.49,-6.3440,15.0,1.2987,0.1,0.188,0.00000
sat1.3_g0,0,1.3,180.99,-6.3490,14.9,1.2987,0.1,0.188,0.00000
sat1.3_g0,0,1.3,181.49,-6.3540,14.8,1.2988,0.1,0.188,0.00000
sat1.3_g0,0,1.3,181.99,-6.3600,14.7,1.2988,0.1,0.188,0.00000
sat1.3_g0,0,1.3,182.49,-6.3650,14.6,1.2988,0.1,0.188,0.00000
sat1.3_g0,0,1.3,182.99,-6.3700,14.4,1.2988,0.1,0.188,0.00000
sat1.3_g0,0,1.3,183.49,-6.3750,14.3,1.2988,0.1,0.188,0.00000
sat1.3_g0,0,1.3,183.99,-6.3800,14.2,1.2988,0.1,0.188,0.00000
sat1.3_g0,0,1.3,184.49,-6.3850,14.1,1.2988,0.1,0.188,0.00000
sat1.3_g0,0,1.3,184.99,-6.3900,14.0,1.2988,0.1,0.188,0.00000
sat1.3_g0,0,1.3,185.49,-6.3950,13.9,1.2988,0.1,0.188,0.00000
sat1.3_g0,0,1.3,185.99,-6.4000,13.8,1.2988,0.1,0.188,0.00000
sat1.3_g0,0,1.3,186.49,-6.4050,13.7,1.2988,0.1,0.188,0.00000
sat1.3_g0,0,1.3,186.99,-6.4100,13.6,1.2988,0.1,0.188,0.00000
sat1.3_g0,0,1.3,187.49,-6.4140,13.5,1.2988,0.1,0.188,0.00000
sat1.3_g0,0,1.3,187.99,-6.4190,13.4,1.2988,0.1,0.188,0.00000
sat1.3_g0,0,1.3,188.49,-6.4240,13.3,1.2988,0.1,0.188,0.00000
sat1.3_g0,0,1.3,188.99,-6.4280,13.2,1.2988,0.1,0.188,0.00000
sat1.3_g0,0,1.3,189.49,-6.4330,13.1,1.2988,0.1,0.188,0.00000
sat1.3_g0,0,1.3,189.99,-6.4380,13.0,1.2988,0.1,0.188,0.00000
sat1.3_g0,0,1.3,190.49,-6.4420,12.9,1.2988,0.1,0.188,0.00000
sat1.3_g0,0,1.3,190.99,-6.4470,12.8,1.2988,0.1,0.188,0.00000
sat1.3_g0,0,1.3,191.49,-6.4510,12.7,1.2988,0.1,0.188,0.00000
sat1.3_g0,0,1.3,191.99,-6.4560,12.6,1.2988,0.1,0.188,0.00000
sat1.3_g0,0,1.3,192.49,-6.4600,12.5,1.2988,0.1,0.188,0.00000
sat1.3_g0,0,1.3,192.99,-6.4650,12.4,1.2988,0.1,0.188,0.00000
sat1.3_g0,0,1.3,193.49,-6.4690,12.3,1.2988,0.1,0.188,0.00000
sat1.3_g0,0,1.3,193.99,-6.4730,12.2,1.2988,0.1,0.188,0.00000
sat1.3_g0,0,1.3,194.49,-6.4780,12.1,1.2988,0.1,0.188,0.00000
sat1.3_g0,0,1.3,194.99,-6.4820,12.0,1.2988,0.1,0.188,0.00000
sat1.3_g0,0,1.3,195.49,-6.4860,11.9,1.2988,0.1,0.188,0.00000
sat1.3_g0,0,1.3,195.99,-6.4900,11.8,1.2988,0.1,0.188,0.00000
sat1.3_g0,0,1.3,196.49,-6.4940,11.7,1.2988,0.1,0.188,0.00000
sat1.3_g0,0,1.3,196.99,-6.4980,11.7,1.2988,0.1,0.188,0.00000
sat1.3_g0,0,1.3,197.49,-6.5030,11.6,1.2988,0.1,0.188,0.00000
sat1.3_g0,0,1.3,197.99,-6.5070,11.5,1.2988,0.1,0.188,0.00000
sat1.3_g0,0,1.3,198.49,-6.5110,11.4,1.2988,0.1,0.188,0.00000
sat1.3_g0,0,1.3,198.99,-6.5150,11.3,1.2988,0.1,0.188,0.00000
sat1.3_g0,0,1.3,199.49,-6.5190,11.2,1.2988,0.1,0.188,0.00000
sat1.3_g0,0,1.3,199.99,-6.5220,11.1,1.2988,0.1,0.188,0.00000
sat1.3_g0,0,1.3,200.49,-6.5260,11.0,1.2988,0.1,0.188,0.00000
sat1.3_g0,0,1.3,200.99,-6.5300,10.9,1.2988,0.1,0.188,0.00000
sat1.3_g0,0,1.3,201.49,-6.5340,10.9,1.2988,0.1,0.188,0.00000
sat1.3_g0,0,1.3,201.99,-6.5380,10.8,1.2988,0.1,0.188,0.00000
sat1.3_g0,0,1.3,202.49,-6.5420,10.7,1.2988,0.1,0.188,0.00000
sat1.3_g0,0,1.3,202.99,-6.5450,10.6,1.2988,0.1,0.188,0.00000
sat1.3_g0,0,1.3,203.49,-6.5490,10.5,1.2988,0.1,0.188,0.00000
sat1.3_g0,0,1.3,203.99,-6.5530,10.4,1.2988,0.1,0.188,0.00000
sat1.3_g0,0,1.3,204.49,-6.5560,10.4,1.2988,0.1,0.188,0.00000
sat1.3_g0,0,1.3,204.99,-6.5600,10.3,1.2988,0.1,0.188,0.00000
sat1.3_g0,0,1.3,205.49,-6.5640,10.2,1.2988,0.1,0.188,0.00000
sat1.3_g0,0,1.3,205.99,-6.5670,10.1,1.2988,0.1,0.188,0.00000
sat1.3_g0,0,1.3,206.49,-6.5710,10.0,1.2988,0.1,0.188,0.00000
sat1.3_g0,0,1.3,206.99,-6.5740,10.0,1.2988,0.1,0.188,0.00000
sat1.3_g0,0,1.3,207.49,-6.5780,9.9,1.2988,0.1,0.188,0.00000
sat1.3_g0,0,1.3,207.99,-6.5810,9.8,1.2988,0.1,0.188,0.00000
sat1.3_g0,0,1.3,208.49,-6.5850,9.7,1.2988,0.1,0.188,0.00000
sat1.3_g0,0,1.3,208.99,-6.5880,9.7,1.2988,0.1,0.188,0.00000
sat1.3_g0,0,1.3,209.49,-6.5910,9.6,1.2988,0.1,0.188,0.00000
sat1.3_g0,0,1.3,209.99,-6.5950,9.5,1.2988,0.1,0.188,0.00000
sat1.3_g0,0,1.3,210.49,-6.5980,9.4,1.2988,0.1,0.188,0.00000
sat1.3_g0,0,1.3,210.99,-6.6010,9.4,1.2988,0.1,0.188,0.00000
sat1.3_g0,0,1.3,211.49,-6.6050,9.3,1.2988,0.1,0.188,0.00000
sat1.3_g0,0,1.3,211.99,-6.6080,9.2,1.2988,0.1,0.188,0.00000
sat1.3_g0,0,1.3,212.49,-6.6110,9.1,1.2988,0.1,0.189,0.00000
sat1.3_g0,0,1.3,212.99,-6.6140,9.1,1.2988,0.1,0.188,0.00000
sat1.3_g0,0,1.3,213.49,-6.6170,9.0,1.2988,0.1,0.188,0.00000
sat1.3_g0,0,1.3,213.99,-6.6200,8.9,1.2988,0.1,0.188,0.00000
sat1.3_g0,0,1.3,214.49,-6.6240,8.9,1.2988,0.1,0.188,0.00000
sat1.3_g0,0,1.3,214.99,-6.6270,8.8,1.2988,0.1,0.188,0.00000
sat1.3_g0,0,1.3,215.49,-6.6300,8.7,1.2988,0.1,0.188,0.00000
sat1.3_g0,0,1.3,215.99,-6.6330,8.6,1.2988,0.1,0.188,0.00000
sat1.3_g0,0,1.3,216.49,-6.6360,8.6,1.2988,0.1,0.188,0.00000
sat1.3_g0,0,1.3,216.99,-6.6390,8.5,1.2988,0.1,0.188,0.00000
sat1.3_g0,0,1.3,217.49,-6.6420,8.4,1.2988,0.1,0.188,0.00000
sat1.3_g0,0,1.3,217.99,-6.6450,8.4,1.2988,0.1,0.188,0.00000
sat1.3_g0,0,1.3,218.49,-6.6480,8.3,1.2988,0.1,0.188,0.00000
sat1.3_g0,0,1.3,218.99,-6.6500,8.2,1.2988,0.1,0.188,0.00000
sat1.3_g0,0,1.3,219.49,-6.6530,8.2,1.2988,0.1,0.188,0.00000
sat1.3_g0,0,1.3,219.99,-6.6560,8.1,1.2988,0.1,0.188,0.00000
sat1.3_g0,0,1.3,220.49,-6.6590,8.1,1.2988,0.1,0.188,0.00000
sat1.3_g0,0,1.3,220.99,-6.6620,8.0,1.2988,0.1,0.188,0.00000
sat1.3_g0,0,1.3,221.49,-6.6650,7.9,1.2988,0.1,0.188,0.00000
sat1.3_g0,0,1.3,221.99,-6.6670,7.9,1.2988,0.1,0.188,0.00000
sat1.3_g0,0,1.3,222.49,-6.6700,7.8,1.2988,0.1,0.188,0.00000
sat1.3_g0,0,1.3,222.99,-6.6730,7.7,1.2988,0.1,0.188,0.00000
sat1.3_g0,0,1.3,223.49,-6.6750,7.7,1.2988,0.1,0.188,0.00000
sat1.3_g0,0,1.3,223.99,-6.6780,7.6,1.2988,0.1,0.188,0.00000
sat1.3_g0,0,1.3,224.49,-6.6810,7.6,1.2988,0.1,0.188,0.00000
sat1.3_g0,0,1.3,224.99,-6.6830,7.5,1.2988,0.1,0.188,0.00000
sat1.3_g0,0,1.3,225.49,-6.6860,7.4,1.2988,0.1,0.188,0.00000
sat1.3_g0,0,1.3,225.99,-6.6890,7.4,1.2988,0.1,0.188,0.00000
sat1.3_g0,0,1.3,226.49,-6.6910,7.3,1.2988,0.1,0.188,0.00000
sat1.3_g0,0,1.3,226.99,-6.6940,7.3,1.2988,0.1,0.188,0.00000
sat1.3_g0,0,1.3,227.49,-6.6960,7.2,1.2988,0.1,0.188,0.00000
sat1.3_g0,0,1.3,227.99,-6.6990,7.1,1.2988,0.1,0.188,0.00000
sat1.3_g0,0,1.3,228.49,-6.7010,7.1,1.2988,0.1,0.188,0.00000
sat1.3_g0,0,1.3,228.99,-6.7040,7.0,1.2988,0.1,0.188,0.00000
sat1.3_g0,0,1.3,229.49,-6.7060,7.0,1.2988,0.1,0.188,0.00000
sat1.3_g0,0,1.3,229.99,-6.7080,6.9,1.2988,0.1,0.188,0.00000
sat1.3_g0,0,1.3,230.49,-6.7110,6.9,1.2988,0.1,0.188,0.00000
sat1.3_g0,0,1.3,230.99,-6.7130,6.8,1.2988,0.1,0.188,0.00000
sat1.3_g0,0,1.3,231.49,-6.7160,6.8,1.2988,0.1,0.188,0.00000
sat1.3_g0,0,1.3,231.99,-6.7180,6.7,1.2988,0.1,0.188,0.00000
sat1.3_g0,0,1.3,232.49,-6.7200,6.6,1.2988,0.1,0.188,0.00000
sat1.3_g0,0,1.3,232.99,-6.7230,6.6,1.2988,0.1,0.188,0.00000
sat1.3_g0,0,1.3,233.49,-6.7250,6.5,1.2988,0.1,0.188,0.00000
sat1.3_g0,0,1.3,233.99,-6.7270,6.5,1.2988,0.1,0.188,0.00000
sat1.3_g0,0,1.3,234.49,-6.7290,6.4,1.2988,0.1,0.188,0.00000
sat1.3_g0,0,1.3,234.99,-6.7320,6.4,1.2988,0.1,0.188,0.00000
sat1.3_g0,0,1.3,235.49,-6.7340,6.3,1.2988,0.1,0.188,0.00000
sat1.3_g0,0,1.3,235.99,-6.7360,6.3,1.2988,0.1,0.188,0.00000
sat1.3_g0,0,1.3,236.49,-6.7380,6.2,1.2988,0.1,0.188,0.00000
sat1.3_g0,0,1.3,236.99,-6.7400,6.2,1.2988,0.1,0.188,0.00000
sat1.3_g0,0,1.3,237.49,-6.7430,6.1,1.2988,0.1,0.188,0.00000
sat1.3_g0,0,1.3,237.99,-6.7450,6.1,1.2988,0.1,0.188,0.00000
sat1.3_g0,0,1.3,238.49,-6.7470,6.0,1.2988,0.1,0.188,0.00000
sat1.3_g0,0,1.3,238.99,-6.7490,6.0,1.2988,0.1,0.188,0.00000
sat1.3_g0,0,1.3,239.49,-6.7510,5.9,1.2988,0.1,0.188,0.00000
sat1.3_g0,0,1.3,239.99,-6.7530,5.9,1.2988,0.1,0.187,0.00000
sat1.3_g0,0,1.3,240.49,-6.7550,5.8,1.2988,0.1,0.187,0.00000
sat1.3_g0,0,1.3,240.99,-6.7570,5.8,1.2988,0.1,0.187,0.00000
sat1.3_g0,0,1.3,241.49,-6.7590,5.7,1.2988,0.1,0.187,0.00000
sat1.3_g0,0,1.3,241.99,-6.7610,5.7,1.2988,0.1,0.187,0.00000
sat1.3_g0,0,1.3,242.49,-6.7630,5.6,1.2988,0.1,0.187,0.00000
sat1.3_g0,0,1.3,242.99,-6.7650,5.6,1.2988,0.1,0.186,0.00000
sat1.3_g0,0,1.3,243.49,-6.7670,5.6,1.2988,0.1,0.186,0.00000
sat1.3_g0,0,1.3,243.99,-6.7690,5.5,1.2988,0.1,0.186,0.00000
sat1.3_g0,0,1.3,244.49,-6.7710,5.5,1.2988,0.1,0.186,0.00000
sat1.3_g0,0,1.3,244.99,-6.7720,5.4,1.2988,0.1,0.186,0.00000
sat1.3_g0,0,1.3,245.49,-6.7740,5.4,1.2988,0.1,0.186,0.00000
sat1.3_g0,0,1.3,245.99,-6.7760,5.3,1.2988,0.1,0.186,0.00000
sat1.3_g0,0,1.3,246.49,-6.7780,5.3,1.2988,0.1,0.186,0.00000
sat1.3_g0,0,1.3,246.99,-6.7800,5.3,1.2988,0.1,0.186,0.00000
sat1.3_g0,0,1.3,247.49,-6.7820,5.2,1.2988,0.1,0.186,0.00000
sat1.3_g0,0,1.3,247.99,-6.7840,5.2,1.2988,0.1,0.186,0.00000
sat1.3_g0,0,1.3,248.49,-6.7850,5.1,1.2988,0.1,0.187,0.00000
sat1.3_g0,0,1.3,248.99,-6.7870,5.1,1.2988,0.1,0.187,0.00000
sat1.3_g0,0,1.3,249.49,-6.7890,5.0,1.2988,0.1,0.187,0.00000
sat1.3_g0,0,1.3,249.99,-6.7910,5.0,1.2988,0.1,0.187,0.00000
sat1.3_g0,0,1.3,250.48,-6.7930,5.0,1.2988,0.1,0.187,0.00000
sat1.3_g0,0,1.3,250.98,-6.7940,4.9,1.2988,0.1,0.187,0.00000
sat1.3_g0,0,1.3,251.48,-6.7960,4.9,1.2988,0.1,0.188,0.00000
sat1.3_g0,0,1.3,251.98,-6.7980,4.8,1.2988,0.1,0.188,0.00000
sat1.3_g0,0,1.3,252.48,-6.8000,4.8,1.2988,0.1,0.188,0.00000
sat1.3_g0,0,1.3,252.98,-6.8010,4.8,1.2988,0.1,0.188,0.00000
sat1.3_g0,0,1.3,253.48,-6.8030,4.7,1.2988,0.1,0.189,0.00000
sat1.3_g0,0,1.3,253.98,-6.8050,4.7,1.2988,0.1,0.189,0.00000
sat1.3_g0,0,1.3,254.48,-6.8060,4.6,1.2988,0.1,0.189,0.00000
sat1.3_g0,0,1.3,254.98,-6.8080,4.6,1.2988,0.1,0.189,0.00000
sat1.3_g0,0,1.3,255.48,-6.8100,4.6,1.2988,0.1,0.189,0.00000
sat1.3_g0,0,1.3,255.98,-6.8110,4.5,1.2988,0.1,0.189,0.00000
sat1.3_g0,0,1.3,256.48,-6.8130,4.5,1.2988,0.1,0.189,0.00000
sat1.3_g0,0,1.3,256.98,-6.8150,4.5,1.2988,0.1,0.189,0.00000
sat1.3_g0,0,1.3,257.48,-6.8160,4.4,1.2988,0.1,0.189,0.00000
sat1.3_g0,0,1.3,257.98,-6.8180,4.4,1.2988,0.1,0.189,0.00000
sat1.3_g0,0,1.3,258.48,-6.8190,4.3,1.2988,0.1,0.189,0.00000
sat1.3_g0,0,1.3,258.98,-6.8210,4.3,1.2988,0.1,0.189,0.00000
sat1.3_g0,0,1.3,259.48,-6.8220,4.3,1.2988,0.1,0.189,0.00000
sat1.3_g0,0,1.3,259.98,-6.8240,4.2,1.2988,0.1,0.189,0.00000
sat1.3_g0,0,1.3,260.48,-6.8250,4.2,1.2988,0.1,0.189,0.00000
sat1.3_g0,0,1.3,260.98,-6.8270,4.2,1.2988,0.1,0.189,0.00000
sat1.3_g0,0,1.3,261.48,-6.8280,4.1,1.2988,0.1,0.189,0.00000
sat1.3_g0,0,1.3,261.98,-6.8300,4.1,1.2988,0.1,0.189,0.00000
sat1.3_g0,0,1.3,262.48,-6.8310,4.1,1.2988,0.1,0.189,0.00000
sat1.3_g0,0,1.3,262.98,-6.8330,4.0,1.2988,0.1,0.189,0.00000
sat1.3_g0,0,1.3,263.48,-6.8340,4.0,1.2988,0.1,0.188,0.00000
sat1.3_g0,0,1.3,263.98,-6.8360,4.0,1.2988,0.1,0.188,0.00000
sat1.3_g0,0,1.3,264.48,-6.8370,3.9,1.2988,0.1,0.188,0.00000
sat1.3_g0,0,1.3,264.98,-6.8380,3.9,1.2988,0.1,0.188,0.00000
sat1.3_g0,0,1.3,265.48,-6.8400,3.9,1.2988,0.1,0.188,0.00000
sat1.3_g0,0,1.3,265.98,-6.8410,3.8,1.2988,0.1,0.188,0.00000
sat1.3_g0,0,1.3,266.48,-6.8430,3.8,1.2988,0.1,0.188,0.00000
sat1.3_g0,0,1.3,266.98,-6.8440,3.8,1.2988,0.1,0.188,0.00000
sat1.3_g0,0,1.3,267.48,-6.8450,3.7,1.2988,0.1,0.188,0.00000
sat1.3_g0,0,1.3,267.98,-6.8470,3.7,1.2988,0.1,0.188,0.00000
sat1.3_g0,0,1.3,268.48,-6.8480,3.7,1.2988,0.1,0.188,0.00000
sat1.3_g0,0,1.3,268.98,-6.8490,3.6,1.2988,0.1,0.188,0.00000
sat1.3_g0,0,1.3,269.48,-6.8500,3.6,1.2988,0.1,0.188,0.00000
sat1.3_g0,0,1.3,269.98,-6.8520,3.6,1.2988,0.1,0.188,0.00000
sat1.3_g0,0,1.3,270.48,-6.8530,3.5,1.2988,0.1,0.188,0.00000
sat1.3_g0,0,1.3,270.98,-6.8540,3.5,1.2988,0.1,0.188,0.00000
sat1.3_g0,0,1.3,271.48,-6.8560,3.5,1.2988,0.1,0.188,0.00000
sat1.3_g0,0,1.3,271.98,-6.8570,3.5,1.2988,0.1,0.188,0.00000
sat1.3_g0,0,1.3,272.48,-6.8580,3.4,1.2988,0.1,0.189,0.00000
sat1.3_g0,0,1.3,272.98,-6.8590,3.4,1.2988,0.1,0.189,0.00000
sat1.3_g0,0,1.3,273.48,-6.8610,3.4,1.2988,0.1,0.189,0.00000
sat1.3_g0,0,1.3,273.98,-6.8620,3.3,1.2988,0.1,0.189,0.00000
sat1.3_g0,0,1.3,274.48,-6.8630,3.3,1.2988,0.1,0.189,0.00000
sat1.3_g0,0,1.3,274.98,-6.8640,3.3,1.2988,0.1,0.189,0.00000
sat1.3_g0,0,1.3,275.48,-6.8650,3.3,1.2988,0.1,0.189,0.00000
sat1.3_g0,0,1.3,275.98,-6.8670,3.2,1.2988,0.1,0.189,0.00000
sat1.3_g0,0,1.3,276.48,-6.8680,3.2,1.2988,0.1,0.189,0.00000
sat1.3_g0,0,1.3,276.98,-6.8690,3.2,1.2988,0.1,0.189,0.00000
sat1.3_g0,0,1.3,277.48,-6.8700,3.1,1.2988,0.1,0.189,0.00000
sat1.3_g0,0,1.3,277.98,-6.8710,3.1,1.2988,0.1,0.189,0.00000
sat1.3_g0,0,1.3,278.48,-6.8720,3.1,1.2988,0.1,0.189,0.00000
sat1.3_g0,0,1.3,278.98,-6.8730,3.1,1.2988,0.1,0.189,0.00000
sat1.3_g0,0,1.3,279.48,-6.8750,3.0,1.2988,0.1,0.189,0.00000
sat1.3_g0,0,1.3,279.98,-6.8760,3.0,1.2988,0.1,0.189,0.00000
sat1.3_g0,0,1.3,280.48,-6.8770,3.0,1.2988,0.1,0.189,0.00000
sat1.3_g0,0,1.3,280.98,-6.8780,3.0,1.2988,0.1,0.189,0.00000
sat1.3_g0,0,1.3,281.48,-6.8790,2.9,1.2988,0.1,0.189,0.00000
sat1.3_g0,0,1.3,281.98,-6.8800,2.9,1.2988,0.1,0.189,0.00000
sat1.3_g0,0,1.3,282.48,-6.8810,2.9,1.2988,0.1,0.189,0.00000
sat1.3_g0,0,1.3,282.98,-6.8820,2.9,1.2988,0.1,0.189,0.00000
sat1.3_g0,0,1.3,283.48,-6.8830,2.8,1.2988,0.1,0.189,0.00000
sat1.3_g0,0,1.3,283.98,-6.8840,2.8,1.2988,0.1,0.189,0.00000
sat1.3_g0,0,1.3,284.48,-6.8850,2.8,1.2988,0.1,0.189,0.00000
sat1.3_g0,0,1.3,284.98,-6.8860,2.8,1.2988,0.1,0.189,0.00000
sat1.3_g0,0,1.3,285.48,-6.8870,2.7,1.2988,0.1,0.189,0.00000
sat1.3_g0,0,1.3,285.98,-6.8880,2.7,1.2988,0.1,0.189,0.00000
sat1.3_g0,0,1.3,286.48,-6.8890,2.7,1.2988,0.1,0.189,0.00000
sat1.3_g0,0,1.3,286.98,-6.8900,2.7,1.2988,0.1,0.189,0.00000
sat1.3_g0,0,1.3,287.48,-6.8910,2.6,1.2988,0.1,0.189,0.00000
sat1.3_g0,0,1.3,287.98,-6.8920,2.6,1.2988,0.1,0.189,0.00000
sat1.3_g0,0,1.3,288.48,-6.8930,2.6,1.2988,0.1,0.189,0.00000
sat1.3_g0,0,1.3,288.98,-6.8940,2.6,1.2988,0.1,0.189,0.00000
sat1.3_g0,0,1.3,289.48,-6.8950,2.5,1.2988,0.1,0.189,0.00000
sat1.3_g0,0,1.3,289.98,-6.8960,2.5,1.2988,0.1,0.189,0.00000
sat1.3_g0,0,1.3,290.48,-6.8970,2.5,1.2988,0.1,0.189,0.00000
sat1.3_g0,0,1.3,290.98,-6.8970,2.5,1.2988,0.1,0.189,0.00000
sat1.3_g0,0,1.3,291.48,-6.8980,2.5,1.2988,0.1,0.189,0.00000
sat1.3_g0,0,1.3,291.98,-6.8990,2.4,1.2988,0.1,0.189,0.00000
sat1.3_g0,0,1.3,292.48,-6.9000,2.4,1.2988,0.1,0.189,0.00000
sat1.3_g0,0,1.3,292.98,-6.9010,2.4,1.2988,0.1,0.189,0.00000
sat1.3_g0,0,1.3,293.48,-6.9020,2.4,1.2988,0.1,0.189,0.00000
sat1.3_g0,0,1.3,293.98,-6.9030,2.4,1.2988,0.1,0.189,0.00000
sat1.3_g0,0,1.3,294.48,-6.9040,2.3,1.2988,0.1,0.189,0.00000
sat1.3_g0,0,1.3,294.98,-6.9040,2.3,1.2988,0.1,0.189,0.00000
sat1.3_g0,0,1.3,295.48,-6.9050,2.3,1.2988,0.1,0.189,0.00000
sat1.3_g0,0,1.3,295.98,-6.9060,2.3,1.2988,0.1,0.189,0.00000
sat1.3_g0,0,1.3,296.48,-6.9070,2.3,1.2988,0.1,0.189,0.00000
sat1.3_g0,0,1.3,296.98,-6.9080,2.2,1.2988,0.1,0.189,0.00000
sat1.3_g0,0,1.3,297.48,-6.9090,2.2,1.2988,0.1,0.189,0.00000
sat1.3_g0,0,1.3,297.98,-6.9090,2.2,1.2988,0.1,0.189,0.00000
sat1.3_g0,0,1.3,298.48,-6.9100,2.2,1.2988,0.1,0.189,0.00000
sat1.3_g0,0,1.3,298.98,-6.9110,2.2,1.2988,0.1,0.189,0.00000
sat1.3_g0,0,1.3,299.48,-6.9120,2.1,1.2988,0.1,0.189,0.00000
sat1.3_g0,0,1.3,299.98,-6.9130,2.1,1.2988,0.1,0.189,0.00000
sat1.3_g0,0,1.3,300.48,-6.9130,2.1,1.2988,0.1,0.189,0.00000
sat1.3_g0,0,1.3,300.98,-6.9140,2.1,1.2988,0.1,0.189,0.00000
sat1.3_g0,0,1.3,301.48,-6.9150,2.1,1.2988,0.1,0.189,0.00000
sat1.3_g0,0,1.3,301.98,-6.9160,2.1,1.2988,0.1,0.189,0.00000
sat1.3_g0,0,1.3,302.48,-6.9160,2.0,1.2988,0.1,0.189,0.00000
sat1.3_g0,0,1.3,302.98,-6.9170,2.0,1.2988,0.1,0.189,0.00000
sat1.3_g0,0,1.3,303.48,-6.9180,2.0,1.2988,0.1,0.189,0.00000
sat1.3_g0,0,1.3,303.98,-6.9180,2.0,1.2988,0.1,0.189,0.00000
sat1.3_g0,0,1.3,304.48,-6.9190,2.0,1.2988,0.1,0.189,0.00000
sat1.3_g0,0,1.3,304.98,-6.9200,1.9,1.2988,0.1,0.189,0.00000
sat1.3_g0,0,1.3,305.48,-6.9210,1.9,1.2988,0.1,0.189,0.00000
sat1.3_g0,0,1.3,305.98,-6.9210,1.9,1.2988,0.1,0.189,0.00000
sat1.3_g0,0,1.3,306.48,-6.9220,1.9,1.2988,0.1,0.189,0.00000
sat1.3_g0,0,1.3,306.98,-6.9230,1.9,1.2988,0.1,0.189,0.00000
sat1.3_g0,0,1.3,307.48,-6.9230,1.9,1.2988,0.1,0.189,0.00000
sat1.3_g0,0,1.3,307.98,-6.9240,1.8,1.2988,0.1,0.189,0.00000
sat1.3_g0,0,1.3,308.48,-6.9250,1.8,1.2988,0.1,0.189,0.00000
sat1.3_g0,0,1.3,308.98,-6.9250,1.8,1.2988,0.1,0.189,0.00000
sat1.3_g0,0,1.3,309.48,-6.9260,1.8,1.2988,0.1,0.189,0.00000
sat1.3_g0,0,1.3,309.98,-6.9270,1.8,1.2988,0.1,0.189,0.00000
sat1.3_g0,0,1.3,310.48,-6.9270,1.8,1.2988,0.1,0.189,0.00000
sat1.3_g0,0,1.3,310.98,-6.9280,1.7,1.2988,0.1,0.189,0.00000
sat1.3_g0,0,1.3,311.48,-6.9290,1.7,1.2988,0.1,0.189,0.00000
sat1.3_g0,0,1.3,311.98,-6.9290,1.7,1.2988,0.1,0.189,0.00000
sat1.3_g0,0,1.3,312.48,-6.9300,1.7,1.2988,0.1,0.189,0.00000
sat1.3_g0,0,1.3,312.98,-6.9310,1.7,1.2988,0.1,0.189,0.00000
sat1.3_g0,0,1.3,313.48,-6.9310,1.7,1.2988,0.1,0.189,0.00000
sat1.3_g0,0,1.3,313.98,-6.9320,1.7,1.2988,0.1,0.189,0.00000
sat1.3_g0,0,1.3,314.48,-6.9320,1.6,1.2988,0.1,0.189,0.00000
sat1.3_g0,0,1.3,314.98,-6.9330,1.6,1.2988,0.1,0.189,0.00000
sat1.3_g0,0,1.3,315.48,-6.9340,1.6,1.2988,0.1,0.189,0.00000
sat1.3_g0,0,1.3,315.98,-6.9340,1.6,1.2988,0.1,0.189,0.00000
sat1.3_g0,0,1.3,316.48,-6.9350,1.6,1.2988,0.1,0.189,0.00000
sat1.3_g0,0,1.3,316.98,-6.9350,1.6,1.2988,0.1,0.189,0.00000
sat1.3_g0,0,1.3,317.48,-6.9360,1.6,1.2988,0.1,0.189,0.00000
sat1.3_g0,0,1.3,317.98,-6.9360,1.5,1.2988,0.1,0.189,0.00000
sat1.3_g0,0,1.3,318.48,-6.9370,1.5,1.2988,0.1,0.189,0.00000
sat1.3_g0,0,1.3,318.98,-6.9380,1.5,1.2988,0.1,0.189,0.00000
sat1.3_g0,0,1.3,319.48,-6.9380,1.5,1.2988,0.1,0.189,0.00000
sat1.3_g0,0,1.3,319.98,-6.9390,1.5,1.2988,0.1,0.189,0.00000
sat1.3_g0,0,1.3,320.48,-6.9390,1.5,1.2988,0.1,0.189,0.00000
sat1.3_g0,0,1.3,320.98,-6.9400,1.5,1.2988,0.1,0.189,0.00000
sat1.3_g0,0,1.3,321.48,-6.9400,1.5,1.2988,0.1,0.189,0.00000
sat1.3_g0,0,1.3,321.98,-6.9410,1.4,1.2988,0.1,0.189,0.00000
sat1.3_g0,0,1.3,322.48,-6.9410,1.4,1.2988,0.1,0.189,0.00000
sat1.3_g0,0,1.3,322.98,-6.9420,1.4,1.2988,0.1,0.189,0.00000
sat1.3_g0,0,1.3,323.48,-6.9420,1.4,1.2988,0.1,0.189,0.00000
sat1.3_g0,0,1.3,323.98,-6.9430,1.4,1.2988,0.1,0.189,0.00000
sat1.3_g0,0,1.3,324.48,-6.9430,1.4,1.2988,0.1,0.189,0.00000
sat1.3_g0,0,1.3,324.98,-6.9440,1.4,1.2988,0.1,0.189,0.00000
sat1.3_g0,0,1.3,325.48,-6.9440,1.4,1.2988,0.1,0.189,0.00000
sat1.3_g0,0,1.3,325.98,-6.9450,1.3,1.2988,0.1,0.189,0.00000
sat1.3_g0,0,1.3,326.48,-6.9450,1.3,1.2988,0.1,0.189,0.00000
sat1.3_g0,0,1.3,326.98,-6.9460,1.3,1.2988,0.1,0.189,0.00000
sat1.3_g0,0,1.3,327.48,-6.9460,1.3,1.2988,0.1,0.189,0.00000
sat1.3_g0,0,1.3,327.98,-6.9470,1.3,1.2988,0.1,0.189,0.00000
sat1.3_g0,0,1.3,328.48,-6.9470,1.3,1.2988,0.1,0.189,0.00000
sat1.3_g0,0,1.3,328.98,-6.9480,1.3,1.2988,0.1,0.189,0.00000
sat1.3_g0,0,1.3,329.48,-6.9480,1.3,1.2988,0.1,0.189,0.00000
sat1.3_g0,0,1.3,329.98,-6.9490,1.3,1.2988,0.1,0.189,0.00000
sat1.3_g0,0,1.3,330.48,-6.9490,1.2,1.2988,0.1,0.189,0.00000
sat1.3_g0,0,1.3,330.98,-6.9490,1.2,1.2988,0.1,0.189,0.00000
sat1.3_g0,0,1.3,331.48,-6.9500,1.2,1.2988,0.1,0.189,0.00000
sat1.3_g0,0,1.3,331.98,-6.9500,1.2,1.2988,0.1,0.189,0.00000
sat1.3_g0,0,1.3,332.48,-6.9510,1.2,1.2988,0.1,0.189,0.00000
sat1.3_g0,0,1.3,332.98,-6.9510,1.2,1.2988,0.1,0.189,0.00000
sat1.3_g0,0,1.3,333.48,-6.9520,1.2,1.2988,0.1,0.189,0.00000
sat1.3_g0,0,1.3,333.98,-6.9520,1.2,1.2988,0.1,0.189,0.00000
sat1.3_g0,0,1.3,334.48,-6.9520,1.2,1.2988,0.1,0.189,0.00000
sat1.3_g0,0,1.3,334.98,-6.9530,1.1,1.2988,0.1,0.189,0.00000
sat1.3_g0,0,1.3,335.48,-6.9530,1.1,1.2988,0.1,0.189,0.00000
sat1.3_g0,0,1.3,335.98,-6.9540,1.1,1.2988,0.1,0.189,0.00000
sat1.3_g0,0,1.3,336.48,-6.9540,1.1,1.2988,0.1,0.189,0.00000
sat1.3_g0,0,1.3,336.98,-6.9550,1.1,1.2988,0.1,0.189,0.00000
sat1.3_g0,0,1.3,337.48,-6.9550,1.1,1.2988,0.1,0.189,0.00000
sat1.3_g0,0,1.3,337.98,-6.9550,1.1,1.2988,0.1,0.189,0.00000
sat1.3_g0,0,1.3,338.48,-6.9560,1.1,1.2988,0.1,0.189,0.00000
sat1.3_g0,0,1.3,338.98,-6.9560,1.1,1.2988,0.1,0.189,0.00000
sat1.3_g0,0,1.3,339.48,-6.9560,1.1,1.2988,0.1,0.189,0.00000
sat1.3_g0,0,1.3,339.98,-6.9570,1.1,1.2988,0.1,0.189,0.00000
sat1.3_g0,0,1.3,340.48,-6.9570,1.0,1.2988,0.1,0.189,0.00000
sat1.3_g0,0,1.3,340.98,-6.9580,1.0,1.2988,0.1,0.189,0.00000
sat1.3_g0,0,1.3,341.48,-6.9580,1.0,1.2988,0.1,0.189,0.00000
sat1.3_g0,0,1.3,341.98,-6.9580,1.0,1.2988,0.1,0.189,0.00000
sat1.3_g0,0,1.3,342.48,-6.9590,1.0,1.2988,0.1,0.189,0.00000
sat1.3_g0,0,1.3,342.98,-6.9590,1.0,1.2988,0.1,0.189,0.00000
sat1.3_g0,0,1.3,343.48,-6.9590,1.0,1.2988,0.1,0.189,0.00000
sat1.3_g0,0,1.3,343.98,-6.9600,1.0,1.2988,0.1,0.189,0.00000
sat1.3_g0,0,1.3,344.48,-6.9600,1.0,1.2988,0.1,0.189,0.00000
sat1.3_g0,0,1.3,344.98,-6.9600,1.0,1.2988,0.1,0.189,0.00000
sat1.3_g0,0,1.3,345.48,-6.9610,1.0,1.2988,0.1,0.189,0.00000
sat1.3_g0,0,1.3,345.98,-6.9610,0.9,1.2988,0.1,0.189,0.00000
sat1.3_g0,0,1.3,346.48,-6.9620,0.9,1.2988,0.1,0.189,0.00000
sat1.3_g0,0,1.3,346.98,-6.9620,0.9,1.2988,0.1,0.189,0.00000
sat1.3_g0,0,1.3,347.48,-6.9620,0.9,1.2988,0.1,0.189,0.00000
sat1.3_g0,0,1.3,347.98,-6.9630,0.9,1.2988,0.1,0.189,0.00000
sat1.3_g0,0,1.3,348.48,-6.9630,0.9,1.2988,0.1,0.189,0.00000
sat1.3_g0,0,1.3,348.98,-6.9630,0.9,1.2988,0.1,0.189,0.00000
sat1.3_g0,0,1.3,349.48,-6.9640,0.9,1.2988,0.1,0.189,0.00000
sat1.3_g0,0,1.3,349.98,-6.9640,0.9,1.2988,0.1,0.189,0.00000
sat1.3_g0,0,1.3,350.48,-6.9640,0.9,1.2988,0.1,0.189,0.00000
sat1.3_g0,0,1.3,350.98,-6.9640,0.9,1.2988,0.1,0.189,0.00000
sat1.3_g0,0,1.3,351.48,-6.9650,0.9,1.2988,0.1,0.188,0.00000
sat1.3_g0,0,1.3,351.98,-6.9650,0.9,1.2988,0.1,0.188,0.00000
sat1.3_g0,0,1.3,352.48,-6.9650,0.8,1.2988,0.1,0.188,0.00000
sat1.3_g0,0,1.3,352.98,-6.9660,0.8,1.2988,0.1,0.188,0.00000
sat1.3_g0,0,1.3,353.48,-6.9660,0.8,1.2988,0.1,0.188,0.00000
sat1.3_g0,0,1.3,353.98,-6.9660,0.8,1.2988,0.1,0.187,0.00000
sat1.3_g0,0,1.3,354.48,-6.9660,0.8,1.2988,0.1,0.187,0.00000
sat1.3_g0,0,1.3,354.98,-6.9670,0.8,1.2988,0.1,0.187,0.00000
sat1.3_g0,0,1.3,355.48,-6.9670,0.8,1.2988,0.1,0.187,0.00000
sat1.3_g0,0,1.3,355.98,-6.9670,0.8,1.2988,0.1,0.187,0.00000
sat1.3_g0,0,1.3,356.48,-6.9680,0.8,1.2988,0.1,0.187,0.00000
sat1.3_g0,0,1.3,356.98,-6.9680,0.8,1.2988,0.1,0.187,0.00000
sat1.3_g0,0,1.3,357.48,-6.9680,0.8,1.2988,0.1,0.187,0.00000
sat1.3_g0,0,1.3,357.98,-6.9680,0.8,1.2988,0.1,0.186,0.00000
sat1.3_g0,0,1.3,358.48,-6.9690,0.8,1.2988,0.1,0.186,0.00000
sat1.3_g0,0,1.3,358.98,-6.9690,0.8,1.2988,0.1,0.186,0.00000
sat1.3_g0,0,1.3,359.48,-6.9690,0.7,1.2988,0.1,0.186,0.00000
sat1.3_g0,0,1.3,359.98,-6.9690,0.7,1.2988,0.1,0.186,0.00000
sat1.3_g0,0,1.3,360.48,-6.9700,0.7,1.2988,0.1,0.186,0.00000
sat1.3_g0,0,1.3,360.98,-6.9700,0.7,1.2988,0.1,0.186,0.00000
sat1.3_g0,0,1.3,361.48,-6.9700,0.7,1.2988,0.1,0.186,0.00000
sat1.3_g0,0,1.3,361.98,-6.9700,0.7,1.2988,0.1,0.186,0.00000
sat1.3_g0,0,1.3,362.48,-6.9710,0.7,1.2988,0.1,0.187,0.00000
sat1.3_g0,0,1.3,362.98,-6.9710,0.7,1.2988,0.1,0.187,0.00000
sat1.3_g0,0,1.3,363.48,-6.9710,0.7,1.2988,0.1,0.186,0.00000
sat1.3_g0,0,1.3,363.98,-6.9710,0.7,1.2988,0.1,0.186,0.00000
sat1.3_g0,0,1.3,364.48,-6.9720,0.7,1.2988,0.1,0.186,0.00000
sat1.3_g0,0,1.3,364.98,-6.9720,0.7,1.2988,0.1,0.186,0.00000
sat1.3_g0,0,1.3,365.48,-6.9720,0.7,1.2988,0.1,0.187,0.00000
sat1.3_g0,0,1.3,365.98,-6.9720,0.7,1.2988,0.1,0.187,0.00000
sat1.3_g0,0,1.3,366.48,-6.9730,0.7,1.2988,0.1,0.187,0.00000
sat1.3_g0,0,1.3,366.98,-6.9730,0.7,1.2988,0.1,0.187,0.00000
sat1.3_g0,0,1.3,367.48,-6.9730,0.7,1.2988,0.1,0.187,0.00000
sat1.3_g0,0,1.3,367.98,-6.9730,0.7,1.2988,0.1,0.187,0.00000
sat1.3_g0,0,1.3,368.48,-6.9740,0.6,1.2988,0.1,0.187,0.00000
sat1.3_g0,0,1.3,368.98,-6.9740,0.6,1.2988,0.1,0.186,0.00000
sat1.3_g0,0,1.3,369.48,-6.9740,0.6,1.2988,0.1,0.186,0.00000
sat1.3_g0,0,1.3,369.98,-6.9740,0.6,1.2988,0.1,0.186,0.00000
sat1.3_g0,0,1.3,370.48,-6.9740,0.6,1.2988,0.1,0.186,0.00000
sat1.3_g0,0,1.3,370.98,-6.9750,0.6,1.2988,0.1,0.186,0.00000
sat1.3_g0,0,1.3,371.48,-6.9750,0.6,1.2988,0.1,0.186,0.00000
sat1.3_g0,0,1.3,371.98,-6.9750,0.6,1.2988,0.1,0.186,0.00000
sat1.3_g0,0,1.3,372.48,-6.9750,0.6,1.2988,0.1,0.186,0.00000
sat1.3_g0,0,1.3,372.98,-6.9750,0.6,1.2988,0.1,0.186,0.00000
sat1.3_g0,0,1.3,373.48,-6.9760,0.6,1.2988,0.1,0.186,0.00000
sat1.3_g0,0,1.3,373.98,-6.9760,0.6,1.2988,0.1,0.185,0.00000
sat1.3_g0,0,1.3,374.48,-6.9760,0.6,1.2988,0.1,0.185,0.00000
sat1.3_g0,0,1.3,374.98,-6.9760,0.6,1.2988,0.1,0.185,0.00000
sat1.3_g0,0,1.3,375.48,-6.9760,0.6,1.2988,0.1,NaN,0.00000
sat1.3_g0,0,1.3,375.98,-6.9770,0.6,1.2988,0.1,NaN,0.00000
sat1.3_g0,0,1.3,376.48,-6.9770,0.6,1.2988,0.1,NaN,0.00000
sat1.3_g0,0,1.3,376.98,-6.9770,0.6,1.2988,0.1,NaN,0.00000
sat1.3_g0,0,1.3,377.48,-6.9770,0.6,1.2988,0.1,NaN,0.00000
sat1.3_g0,0,1.3,377.98,-6.9770,0.6,1.2988,0.1,NaN,0.00000
sat1.3_g0,0,1.3,378.48,-6.9770,0.5,1.2988,0.1,NaN,0.00000
sat1.3_g0,0,1.3,378.98,-6.9780,0.5,1.2988,0.1,NaN,0.00000
sat1.3_g0,0,1.3,379.48,-6.9780,0.5,1.2988,0.1,NaN,0.00000
sat1.3_g0,0,1.3,379.98,-6.9780,0.5,1.2988,0.1,NaN,0.00000
sat1.3_g0,0,1.3,380.48,-6.9780,0.5,1.2988,0.1,NaN,0.00000
sat1.3_g0,0,1.3,380.98,-6.9780,0.5,1.2988,0.1,NaN,0.00000
sat1.3_g0,0,1.3,381.48,-6.9790,0.5,1.2988,0.1,NaN,0.00000
sat1.3_g0,0,1.3,381.98,-6.9790,0.5,1.2988,0.1,NaN,0.00000
sat1.3_g0,0,1.3,382.48,-6.9790,0.5,1.2988,0.1,NaN,0.00000
sat1.3_g0,0,1.3,382.98,-6.9790,0.5,1.2988,0.1,NaN,0.00000
sat1.3_g0,0,1.3,383.48,-6.9790,0.5,1.2988,0.1,NaN,0.00000
sat1.3_g0,0,1.3,383.98,-6.9790,0.5,1.2988,0.1,NaN,0.00000
sat1.3_g0,0,1.3,384.48,-6.9790,0.5,1.2988,0.1,NaN,0.00000
sat1.3_g0,0,1.3,384.98,-6.9800,0.5,1.2988,0.1,NaN,0.00000
sat1.3_g0,0,1.3,385.48,-6.9800,0.5,1.2988,0.1,NaN,0.00000
sat1.3_g0,0,1.3,385.98,-6.9800,0.5,1.2988,0.1,NaN,0.00000
sat1.3_g0,0,1.3,386.48,-6.9800,0.5,1.2988,0.1,NaN,0.00000
sat1.3_g0,0,1.3,386.98,-6.9800,0.5,1.2988,0.1,NaN,0.00000
sat1.3_g0,0,1.3,387.48,-6.9800,0.5,1.2988,0.1,NaN,0.00000
sat1.3_g0,0,1.3,387.98,-6.9810,0.5,1.2988,0.1,NaN,0.00000
sat1.3_g0,0,1.3,388.48,-6.9810,0.5,1.2988,0.1,NaN,0.00000
sat1.3_g0,0,1.3,388.98,-6.9810,0.5,1.2988,0.1,NaN,0.00000
sat1.3_g0,0,1.3,389.48,-6.9810,0.5,1.2988,0.1,NaN,0.00000
sat1.3_g0,0,1.3,389.98,-6.9810,0.5,1.2988,0.1,NaN,0.00000
sat1.3_g0,0,1.3,390.48,-6.9810,0.5,1.2988,0.1,NaN,0.00000
sat1.3_g0,0,1.3,390.98,-6.9810,0.5,1.2988,0.1,NaN,0.00000
sat1.3_g0,0,1.3,391.48,-6.9810,0.5,1.2988,0.1,NaN,0.00000
sat1.3_g0,0,1.3,391.98,-6.9820,0.4,1.2988,0.1,NaN,0.00000
sat1.3_g0,0,1.3,392.48,-6.9820,0.4,1.2988,0.1,NaN,0.00000
sat1.3_g0,0,1.3,392.98,-6.9820,0.4,1.2988,0.1,NaN,0.00000
sat1.3_g0,0,1.3,393.48,-6.9820,0.4,1.2988,0.1,NaN,0.00000
sat1.3_g0,0,1.3,393.98,-6.9820,0.4,1.2988,0.1,NaN,0.00000
sat1.3_g0,0,1.3,394.48,-6.9820,0.4,1.2988,0.1,NaN,0.00000
sat1.3_g0,0,1.3,394.98,-6.9820,0.4,1.2988,0.1,NaN,0.00000
sat1.3_g0,0,1.3,395.48,-6.9820,0.4,1.2988,0.1,NaN,0.00000
sat1.3_g0,0,1.3,395.98,-6.9830,0.4,1.2988,0.1,NaN,0.00000
sat1.3_g0,0,1.3,396.48,-6.9830,0.4,1.2988,0.1,NaN,0.00000
sat1.3_g0,0,1.3,396.98,-6.9830,0.4,1.2988,0.1,NaN,0.00000
sat1.3_g0,0,1.3,397.48,-6.9830,0.4,1.2988,0.1,NaN,0.00000
sat1.3_g0,0,1.3,397.98,-6.9830,0.4,1.2988,0.1,NaN,0.00000
sat1.3_g0,0,1.3,398.48,-6.9830,0.4,1.2988,0.1,NaN,0.00000
sat1.3_g0,0,1.3,398.98,-6.9830,0.4,1.2988,0.1,NaN,0.00000
sat1.3_g0,0,1.3,399.48,-6.9830,0.4,1.2988,0.1,NaN,0.00000
sat1.3_g0,0,1.3,399.98,-6.9830,0.4,1.2988,0.1,NaN,0.00000
sat1.3_g0,0,1.3,400.48,-6.9830,0.4,1.2988,0.1,NaN,0.00000
sat1.3_g0,0,1.3,400.98,-6.9840,0.4,1.2988,0.1,NaN,0.00000
sat1.3_g0,0,1.3,401.48,-6.9840,0.4,1.2988,0.1,NaN,0.00000
sat1.3_g0,0,1.3,401.98,-6.9840,0.4,1.2988,0.1,NaN,0.00000
sat1.3_g0,0,1.3,402.48,-6.9840,0.4,1.2988,0.1,NaN,0.00000
sat1.3_g0,0,1.3,402.98,-6.9840,0.4,1.2988,0.1,NaN,0.00000
sat1.3_g0,0,1.3,403.48,-6.9840,0.4,1.2988,0.1,NaN,0.00000
sat1.3_g0,0,1.3,403.98,-6.9840,0.4,1.2988,0.1,NaN,0.00000
sat1.3_g0,0,1.3,404.48,-6.9840,0.4,1.2988,0.1,NaN,0.00000
sat1.3_g0,0,1.3,404.98,-6.9840,0.4,1.2988,0.1,NaN,0.00000
sat1.3_g0,0,1.3,405.48,-6.9840,0.4,1.2988,0.1,NaN,0.00000
sat1.3_g0,0,1.3,405.98,-6.9840,0.4,1.2988,0.1,NaN,0.00000
sat1.3_g0,0,1.3,406.48,-6.9850,0.4,1.2988,0.1,NaN,0.00000
sat1.3_g0,0,1.3,406.98,-6.9850,0.4,1.2988,0.1,NaN,0.00000
sat1.3_g0,0,1.3,407.48,-6.9850,0.4,1.2988,0.1,NaN,0.00000
sat1.3_g0,0,1.3,407.98,-6.9850,0.4,1.2988,0.1,NaN,0.00000
sat1.3_g0,0,1.3,408.48,-6.9850,0.4,1.2988,0.1,NaN,0.00000
sat1.3_g0,0,1.3,408.98,-6.9850,0.4,1.2988,0.1,NaN,0.00000
sat1.3_g0,0,1.3,409.48,-6.9850,0.4,1.2988,0.1,NaN,0.00000
sat1.3_g0,0,1.3,409.98,-6.9850,0.4,1.2988,0.1,NaN,0.00000
sat1.3_g0,0,1.3,410.48,-6.9850,0.4,1.2988,0.1,NaN,0.00000
sat1.3_g0,0,1.3,410.98,-6.9850,0.4,1.2988,0.1,NaN,0.00000
sat1.3_g0,0,1.3,411.48,-6.9850,0.4,1.2988,0.1,NaN,0.00000
sat1.3_g0,0,1.3,411.98,-6.9850,0.4,1.2988,0.1,NaN,0.00000
sat1.3_g0,0,1.3,412.48,-6.9850,0.4,1.2988,0.1,NaN,0.00000
sat1.3_g0,0,1.3,412.98,-6.9850,0.3,1.2988,0.1,NaN,0.00000
sat1.3_g0,0,1.3,413.48,-6.9850,0.3,1.2988,0.1,NaN,0.00000
sat1.3_g0,0,1.3,413.98,-6.9850,0.3,1.2988,0.1,NaN,0.00000
sat1.3_g0,0,1.3,414.48,-6.9860,0.3,1.2988,0.1,NaN,0.00000
sat1.3_g0,0,1.3,414.98,-6.9860,0.3,1.2988,0.1,NaN,0.00000
sat1.3_g0,0,1.3,415.20,-6.9860,0.3,1.2988,0.1,NaN,0.00000
sat0.65_g1,1,0.65,0.50,-0.0350,98.4,0.0293,74.3,0.802,0.01200
sat0.65_g1,1,0.65,1.00,-0.0690,97.4,0.0533,64.8,0.511,0.01680
sat0.65_g1,1,0.65,1.50,-0.1020,96.7,0.0750,60.0,0.413,0.01770
sat0.65_g1,1,0.65,2.00,-0.1360,96.1,0.0953,56.9,0.367,0.01820
sat0.65_g1,1,0.65,2.50,-0.1690,95.6,0.1148,54.6,0.342,0.01840
sat0.65_g1,1,0.65,3.00,-0.2030,95.3,0.1334,52.5,0.328,0.01830
sat0.65_g1,1,0.65,3.50,-0.2360,94.9,0.1514,50.6,0.319,0.01820
sat0.65_g1,1,0.65,4.00,-0.2690,94.6,0.1687,48.8,0.313,0.01800
sat0.65_g1,1,0.65,4.50,-0.3020,94.3,0.1854,47.0,0.309,0.01790
sat0.65_g1,1,0.65,5.00,-0.3350,94.1,0.2014,45.3,0.306,0.01770
sat0.65_g1,1,0.65,5.50,-0.3670,93.8,0.2169,43.7,0.303,0.01750
sat0.65_g1,1,0.65,6.00,-0.4000,93.5,0.2319,42.1,0.302,0.01730
sat0.65_g1,1,0.65,6.50,-0.4330,93.3,0.2463,40.6,0.300,0.01710
sat0.65_g1,1,0.65,7.00,-0.4650,93.0,0.2602,39.1,0.299,0.01690
sat0.65_g1,1,0.65,7.50,-0.4970,92.8,0.2736,37.7,0.298,0.01680
sat0.65_g1,1,0.65,8.00,-0.5300,92.5,0.2865,36.4,0.297,0.01660
sat0.65_g1,1,0.65,8.50,-0.5620,92.3,0.2989,35.1,0.296,0.01640
sat0.65_g1,1,0.65,9.00,-0.5940,92.0,0.3109,33.8,0.295,0.01620
sat0.65_g1,1,0.65,9.50,-0.6260,91.7,0.3225,32.6,0.294,0.01610
sat0.65_g1,1,0.65,10.00,-0.6580,91.5,0.3336,31.4,0.293,0.01590
sat0.65_g1,1,0.65,10.50,-0.6900,91.2,0.3444,30.3,0.292,0.01570
sat0.65_g1,1,0.65,11.00,-0.7220,91.0,0.3548,29.3,0.291,0.01560
sat0.65_g1,1,0.65,11.50,-0.7530,90.7,0.3648,28.2,0.291,0.01540
sat0.65_g1,1,0.65,12.00,-0.7850,90.5,0.3745,27.2,0.290,0.01530
sat0.65_g1,1,0.65,12.50,-0.8160,90.2,0.3838,26.3,0.289,0.01510
sat0.65_g1,1,0.65,13.00,-0.8480,90.0,0.3928,25.3,0.288,0.01500
sat0.65_g1,1,0.65,13.50,-0.8790,89.7,0.4014,24.5,0.287,0.01480
sat0.65_g1,1,0.65,14.00,-0.9100,89.4,0.4098,23.6,0.287,0.01470
sat0.65_g1,1,0.65,14.50,-0.9410,89.2,0.4179,22.8,0.286,0.01460
sat0.65_g1,1,0.65,15.00,-0.9720,88.9,0.4257,22.0,0.285,0.01440
sat0.65_g1,1,0.65,15.50,-1.0030,88.7,0.4332,21.2,0.285,0.01430
sat0.65_g1,1,0.65,16.00,-1.0340,88.4,0.4405,20.5,0.284,0.01420
sat0.65_g1,1,0.65,16.50,-1.0650,88.2,0.4475,19.8,0.283,0.01410
sat0.65_g1,1,0.65,17.00,-1.0960,87.9,0.4543,19.1,0.283,0.01400
sat0.65_g1,1,0.65,17.50,-1.1260,87.6,0.4608,18.4,0.282,0.01380
sat0.65_g1,1,0.65,18.00,-1.1570,87.4,0.4671,17.8,0.281,0.01370
sat0.65_g1,1,0.65,18.50,-1.1870,87.1,0.4732,17.2,0.281,0.01360
sat0.65_g1,1,0.65,19.00,-1.2170,86.9,0.4791,16.6,0.280,0.01350
sat0.65_g1,1,0.65,19.50,-1.2480,86.6,0.4848,16.0,0.279,0.01340
sat0.65_g1,1,0.65,20.00,-1.2780,86.3,0.4903,15.5,0.279,0.01330
sat0.65_g1,1,0.65,20.50,-1.3080,86.1,0.4956,14.9,0.278,0.01320
sat0.65_g1,1,0.65,21.00,-1.3380,85.8,0.5007,14.4,0.278,0.01310
sat0.65_g1,1,0.65,21.50,-1.3680,85.5,0.5056,13.9,0.277,0.01300
sat0.65_g1,1,0.65,22.00,-1.3970,85.3,0.5104,13.5,0.277,0.01290
sat0.65_g1,1,0.65,22.50,-1.4270,85.0,0.5150,13.0,0.276,0.01280
sat0.65_g1,1,0.65,23.00,-1.4570,84.7,0.5195,12.6,0.275,0.01280
sat0.65_g1,1,0.65,23.50,-1.4860,84.5,0.5238,12.1,0.275,0.01270
sat0.65_g1,1,0.65,24.00,-1.5150,84.2,0.5279,11.7,0.274,0.01260
sat0.65_g1,1,0.65,24.50,-1.5450,84.0,0.5319,11.3,0.274,0.01250
sat0.65_g1,1,0.65,25.00,-1.5740,83.7,0.5358,11.0,0.273,0.01240
sat0.65_g1,1,0.65,25.50,-1.6030,83.4,0.5396,10.6,0.273,0.01240
sat0.65_g1,1,0.65,26.00,-1.6320,83.2,0.5432,10.2,0.272,0.01230
sat0.65_g1,1,0.65,26.50,-1.6610,82.9,0.5467,9.9,0.272,0.01220
sat0.65_g1,1,0.65,27.00,-1.6900,82.6,0.5501,9.6,0.272,0.01210
sat0.65_g1,1,0.65,27.50,-1.7190,82.4,0.5534,9.2,0.271,0.01210
sat0.65_g1,1,0.65,28.00,-1.7470,82.1,0.5565,8.9,0.271,0.01200
sat0.65_g1,1,0.65,28.50,-1.7760,81.8,0.5596,8.6,0.270,0.01190
sat0.65_g1,1,0.65,29.00,-1.8040,81.6,0.5625,8.3,0.270,0.01190
sat0.65_g1,1,0.65,29.50,-1.8330,81.3,0.5654,8.1,0.269,0.01180
sat0.65_g1,1,0.65,30.00,-1.8610,81.0,0.5682,7.8,0.269,0.01170
sat0.65_g1,1,0.65,30.50,-1.8890,80.8,0.5708,7.5,0.269,0.01170
sat0.65_g1,1,0.65,31.00,-1.9170,80.5,0.5734,7.3,0.268,0.01160
sat0.65_g1,1,0.65,31.50,-1.9450,80.2,0.5759,7.0,0.268,0.01160
sat0.65_g1,1,0.65,32.00,-1.9730,79.9,0.5783,6.8,0.267,0.01150
sat0.65_g1,1,0.65,32.50,-2.0010,79.7,0.5806,6.6,0.267,0.01140
sat0.65_g1,1,0.65,33.00,-2.0290,79.4,0.5829,6.4,0.267,0.01140
sat0.65_g1,1,0.65,33.50,-2.0560,79.1,0.5851,6.2,0.266,0.01130
sat0.65_g1,1,0.65,34.00,-2.0840,78.9,0.5872,6.0,0.266,0.01130
sat0.65_g1,1,0.65,34.50,-2.1110,78.6,0.5892,5.8,0.266,0.01120
sat0.65_g1,1,0.65,35.00,-2.1390,78.3,0.5912,5.6,0.265,0.01120
sat0.65_g1,1,0.65,35.50,-2.1660,78.1,0.5931,5.4,0.265,0.01110
sat0.65_g1,1,0.65,36.00,-2.1930,77.8,0.5949,5.2,0.265,0.01110
sat0.65_g1,1,0.65,36.50,-2.2200,77.5,0.5967,5.0,0.264,0.01100
sat0.65_g1,1,0.65,37.00,-2.2470,77.2,0.5985,4.9,0.264,0.01100
sat0.65_g1,1,0.65,37.50,-2.2740,77.0,0.6001,4.7,0.264,0.01090
sat0.65_g1,1,0.65,38.00,-2.3010,76.7,0.6017,4.6,0.264,0.01090
sat0.65_g1,1,0.65,38.50,-2.3270,76.4,0.6033,4.4,0.263,0.01080
sat0.65_g1,1,0.65,39.00,-2.3540,76.1,0.6048,4.3,0.263,0.01080
sat0.65_g1,1,0.65,39.50,-2.3800,75.9,0.6063,4.1,0.263,0.01070
sat0.65_g1,1,0.65,40.00,-2.4070,75.6,0.6077,4.0,0.262,0.01070
sat0.65_g1,1,0.65,40.50,-2.4330,75.3,0.6091,3.9,0.262,0.01060
sat0.65_g1,1,0.65,41.00,-2.4590,75.1,0.6104,3.7,0.262,0.01060
sat0.65_g1,1,0.65,41.50,-2.4850,74.8,0.6117,3.6,0.262,0.01060
sat0.65_g1,1,0.65,42.00,-2.5110,74.5,0.6129,3.5,0.261,0.01050
sat0.65_g1,1,0.65,42.50,-2.5370,74.2,0.6141,3.4,0.261,0.01050
sat0.65_g1,1,0.65,43.00,-2.5630,74.0,0.6153,3.3,0.261,0.01040
sat0.65_g1,1,0.65,43.50,-2.5890,73.7,0.6164,3.2,0.261,0.01040
sat0.65_g1,1,0.65,44.00,-2.6150,73.4,0.6175,3.1,0.260,0.01040
sat0.65_g1,1,0.65,44.50,-2.6400,73.1,0.6185,3.0,0.260,0.01030
sat0.65_g1,1,0.65,45.00,-2.6660,72.9,0.6195,2.9,0.260,0.01030
sat0.65_g1,1,0.65,45.50,-2.6910,72.6,0.6205,2.8,0.260,0.01020
sat0.65_g1,1,0.65,46.00,-2.7160,72.3,0.6214,2.7,0.259,0.01020
sat0.65_g1,1,0.65,46.50,-2.7410,72.0,0.6224,2.6,0.259,0.01020
sat0.65_g1,1,0.65,47.00,-2.7660,71.8,0.6232,2.5,0.259,0.01010
sat0.65_g1,1,0.65,47.50,-2.7910,71.5,0.6241,2.4,0.259,0.01010
sat0.65_g1,1,0.65,48.00,-2.8160,71.2,0.6249,2.4,0.259,0.01010
sat0.65_g1,1,0.65,48.50,-2.8410,70.9,0.6257,2.3,0.258,0.01000
sat0.65_g1,1,0.65,49.00,-2.8660,70.7,0.6265,2.2,0.258,0.01000
sat0.65_g1,1,0.65,49.50,-2.8900,70.4,0.6273,2.1,0.258,0.00997
sat0.65_g1,1,0.65,50.00,-2.9150,70.1,0.6280,2.1,0.258,0.00994
sat0.65_g1,1,0.65,50.50,-2.9390,69.8,0.6287,2.0,0.257,0.00991
sat0.65_g1,1,0.65,51.00,-2.9630,69.6,0.6294,1.9,0.257,0.00988
sat0.65_g1,1,0.65,51.50,-2.9880,69.3,0.6301,1.9,0.257,0.00984
sat0.65_g1,1,0.65,52.00,-3.0120,69.0,0.6307,1.8,0.257,0.00981
sat0.65_g1,1,0.65,52.50,-3.0360,68.7,0.6313,1.8,0.257,0.00978
sat0.65_g1,1,0.65,53.00,-3.0600,68.4,0.6319,1.7,0.256,0.00975
sat0.65_g1,1,0.65,53.50,-3.0830,68.2,0.6325,1.6,0.256,0.00972
sat0.65_g1,1,0.65,54.00,-3.1070,67.9,0.6331,1.6,0.256,0.00969
sat0.65_g1,1,0.65,54.50,-3.1310,67.6,0.6336,1.5,0.256,0.00966
sat0.65_g1,1,0.65,55.00,-3.1540,67.3,0.6341,1.5,0.256,0.00963
sat0.65_g1,1,0.65,55.50,-3.1780,67.1,0.6347,1.4,0.256,0.00960
sat0.65_g1,1,0.65,56.00,-3.2010,66.8,0.6351,1.4,0.255,0.00957
sat0.65_g1,1,0.65,56.50,-3.2240,66.5,0.6356,1.3,0.255,0.00954
sat0.65_g1,1,0.65,57.00,-3.2470,66.2,0.6361,1.3,0.255,0.00951
sat0.65_g1,1,0.65,57.50,-3.2700,66.0,0.6365,1.3,0.255,0.00948
sat0.65_g1,1,0.65,58.00,-3.2930,65.7,0.6370,1.2,0.255,0.00945
sat0.65_g1,1,0.65,58.50,-3.3160,65.4,0.6374,1.2,0.254,0.00942
sat0.65_g1,1,0.65,59.00,-3.3390,65.1,0.6378,1.1,0.254,0.00939
sat0.65_g1,1,0.65,59.50,-3.3620,64.9,0.6382,1.1,0.254,0.00937
sat0.65_g1,1,0.65,60.00,-3.3840,64.6,0.6386,1.1,0.254,0.00934
sat0.65_g1,1,0.65,60.50,-3.4070,64.3,0.6390,1.0,0.254,0.00931
sat0.65_g1,1,0.65,61.00,-3.4290,64.0,0.6393,1.0,0.254,0.00928
sat0.65_g1,1,0.65,61.50,-3.4510,63.7,0.6397,1.0,0.253,0.00925
sat0.65_g1,1,0.65,62.00,-3.4740,63.5,0.6400,0.9,0.253,0.00923
sat0.65_g1,1,0.65,62.50,-3.4960,63.2,0.6403,0.9,0.253,0.00920
sat0.65_g1,1,0.65,63.00,-3.5180,62.9,0.6406,0.9,0.253,0.00917
sat0.65_g1,1,0.65,63.50,-3.5390,62.6,0.6409,0.9,0.253,0.00915
sat0.65_g1,1,0.65,64.00,-3.5610,62.4,0.6412,0.8,0.253,0.00912
sat0.65_g1,1,0.65,64.50,-3.5830,62.1,0.6415,0.8,0.252,0.00909
sat0.65_g1,1,0.65,65.00,-3.6040,61.8,0.6418,0.8,0.252,0.00906
sat0.65_g1,1,0.65,65.50,-3.6260,61.5,0.6421,0.7,0.252,0.00904
sat0.65_g1,1,0.65,66.00,-3.6470,61.3,0.6423,0.7,0.252,0.00901
sat0.65_g1,1,0.65,66.50,-3.6690,61.0,0.6426,0.7,0.252,0.00898
sat0.65_g1,1,0.65,67.00,-3.6900,60.7,0.6428,0.7,0.252,0.00896
sat0.65_g1,1,0.65,67.50,-3.7110,60.4,0.6431,0.7,0.251,0.00893
sat0.65_g1,1,0.65,68.00,-3.7320,60.2,0.6433,0.6,0.251,0.00890
sat0.65_g1,1,0.65,68.50,-3.7530,59.9,0.6435,0.6,0.251,0.00888
sat0.65_g1,1,0.65,69.00,-3.7740,59.6,0.6437,0.6,0.251,0.00885
sat0.65_g1,1,0.65,69.50,-3.7940,59.3,0.6439,0.6,0.251,0.00882
sat0.65_g1,1,0.65,70.00,-3.8150,59.1,0.6441,0.6,0.251,0.00880
sat0.65_g1,1,0.65,70.50,-3.8360,58.8,0.6443,0.5,0.250,0.00877
sat0.65_g1,1,0.65,71.00,-3.8560,58.5,0.6445,0.5,0.250,0.00875
sat0.65_g1,1,0.65,71.50,-3.8760,58.3,0.6447,0.5,0.250,0.00872
sat0.65_g1,1,0.65,72.00,-3.8970,58.0,0.6449,0.5,0.250,0.00869
sat0.65_g1,1,0.65,72.50,-3.9170,57.7,0.6450,0.5,0.250,0.00867
sat0.65_g1,1,0.65,73.00,-3.9370,57.4,0.6452,0.5,0.250,0.00864
sat0.65_g1,1,0.65,73.50,-3.9570,57.2,0.6454,0.4,0.249,0.00862
sat0.65_g1,1,0.65,74.00,-3.9770,56.9,0.6455,0.4,0.249,0.00859
sat0.65_g1,1,0.65,74.50,-3.9960,56.6,0.6457,0.4,0.249,0.00856
sat0.65_g1,1,0.65,75.00,-4.0160,56.3,0.6458,0.4,0.249,0.00854
sat0.65_g1,1,0.65,75.50,-4.0360,56.1,0.6460,0.4,0.249,0.00851
sat0.65_g1,1,0.65,76.00,-4.0550,55.8,0.6461,0.4,0.249,0.00849
sat0.65_g1,1,0.65,76.50,-4.0750,55.5,0.6462,0.4,0.249,0.00846
sat0.65_g1,1,0.65,77.00,-4.0940,55.3,0.6464,0.4,0.248,0.00844
sat0.65_g1,1,0.65,77.50,-4.1130,55.0,0.6465,0.3,0.248,0.00841
sat0.65_g1,1,0.65,78.00,-4.1320,54.7,0.6466,0.3,0.248,0.00838
sat0.65_g1,1,0.65,78.50,-4.1510,54.5,0.6467,0.3,0.248,0.00836
sat0.65_g1,1,0.65,79.00,-4.1700,54.2,0.6468,0.3,0.248,0.00833
sat0.65_g1,1,0.65,79.50,-4.1890,53.9,0.6469,0.3,0.248,0.00831
sat0.65_g1,1,0.65,80.00,-4.2080,53.7,0.6470,0.3,0.247,0.00828
sat0.65_g1,1,0.65,80.50,-4.2260,53.4,0.6471,0.3,0.247,0.00826
sat0.65_g1,1,0.65,81.00,-4.2450,53.1,0.6472,0.3,0.247,0.00823
sat0.65_g1,1,0.65,81.50,-4.2630,52.9,0.6473,0.3,0.247,0.00820
sat0.65_g1,1,0.65,82.00,-4.2820,52.6,0.6474,0.3,0.247,0.00818
sat0.65_g1,1,0.65,82.50,-4.3000,52.3,0.6475,0.2,0.247,0.00815
sat0.65_g1,1,0.65,83.00,-4.3180,52.1,0.6476,0.2,0.247,0.00813
sat0.65_g1,1,0.65,83.49,-4.3360,51.8,0.6477,0.2,0.246,0.00810
sat0.65_g1,1,0.65,83.99,-4.3540,51.5,0.6478,0.2,0.246,0.00808
sat0.65_g1,1,0.65,84.49,-4.3720,51.3,0.6479,0.2,0.246,0.00805
sat0.65_g1,1,0.65,84.99,-4.3900,51.0,0.6479,0.2,0.246,0.00802
sat0.65_g1,1,0.65,85.49,-4.4080,50.7,0.6480,0.2,0.246,0.00800
sat0.65_g1,1,0.65,85.99,-4.4260,50.5,0.6481,0.2,0.246,0.00797
sat0.65_g1,1,0.65,86.49,-4.4430,50.2,0.6481,0.2,0.245,0.00795
sat0.65_g1,1,0.65,86.99,-4.4610,49.9,0.6482,0.2,0.245,0.00792
sat0.65_g1,1,0.65,87.49,-4.4780,49.7,0.6483,0.2,0.245,0.00790
sat0.65_g1,1,0.65,87.99,-4.4950,49.4,0.6483,0.2,0.245,0.00787
sat0.65_g1,1,0.65,88.49,-4.5120,49.2,0.6484,0.2,0.245,0.00785
sat0.65_g1,1,0.65,88.99,-4.5290,48.9,0.6485,0.2,0.245,0.00782
sat0.65_g1,1,0.65,89.49,-4.5460,48.6,0.6485,0.2,0.244,0.00780
sat0.65_g1,1,0.65,89.99,-4.5630,48.4,0.6486,0.1,0.244,0.00777
sat0.65_g1,1,0.65,90.49,-4.5800,48.1,0.6486,0.1,0.244,0.00775
sat0.65_g1,1,0.65,90.99,-4.5970,47.9,0.6487,0.1,0.244,0.00772
sat0.65_g1,1,0.65,91.49,-4.6140,47.6,0.6487,0.1,0.244,0.00770
sat0.65_g1,1,0.65,91.99,-4.6300,47.3,0.6488,0.1,0.244,0.00767
sat0.65_g1,1,0.65,92.49,-4.6470,47.1,0.6488,0.1,0.243,0.00765
sat0.65_g1,1,0.65,92.99,-4.6630,46.8,0.6489,0.1,0.243,0.00762
sat0.65_g1,1,0.65,93.49,-4.6790,46.6,0.6489,0.1,0.243,0.00760
sat0.65_g1,1,0.65,93.99,-4.6950,46.3,0.6489,0.1,0.243,0.00757
sat0.65_g1,1,0.65,94.49,-4.7110,46.1,0.6490,0.1,0.243,0.00755
sat0.65_g1,1,0.65,94.99,-4.7270,45.8,0.6490,0.1,0.243,0.00752
sat0.65_g1,1,0.65,95.49,-4.7430,45.6,0.6491,0.1,0.242,0.00750
sat0.65_g1,1,0.65,95.99,-4.7590,45.3,0.6491,0.1,0.242,0.00747
sat0.65_g1,1,0.65,96.49,-4.7750,45.0,0.6491,0.1,0.242,0.00745
sat0.65_g1,1,0.65,96.99,-4.7910,44.8,0.6492,0.1,0.242,0.00742
sat0.65_g1,1,0.65,97.49,-4.8060,44.5,0.6492,0.1,0.242,0.00740
sat0.65_g1,1,0.65,97.99,-4.8220,44.3,0.6492,0.1,0.242,0.00737
sat0.65_g1,1,0.65,98.49,-4.8370,44.0,0.6493,0.1,0.241,0.00735
sat0.65_g1,1,0.65,98.99,-4.8520,43.8,0.6493,0.1,0.241,0.00732
sat0.65_g1,1,0.65,99.49,-4.8680,43.5,0.6493,0.1,0.241,0.00730
sat0.65_g1,1,0.65,99.99,-4.8830,43.3,0.6493,0.1,0.241,0.00727
sat0.65_g1,1,0.65,100.49,-4.8980,43.1,0.6494,0.1,0.241,0.00724
sat0.65_g1,1,0.65,100.99,-4.9130,42.8,0.6494,0.1,0.241,0.00722
sat0.65_g1,1,0.65,101.49,-4.9270,42.6,0.6494,0.1,0.240,0.00719
sat0.65_g1,1,0.65,101.99,-4.9420,42.3,0.6494,0.1,0.240,0.00717
sat0.65_g1,1,0.65,102.49,-4.9570,42.1,0.6495,0.1,0.240,0.00714
sat0.65_g1,1,0.65,102.99,-4.9720,41.8,0.6495,0.1,0.240,0.00712
sat0.65_g1,1,0.65,103.49,-4.9860,41.6,0.6495,0.1,0.240,0.00709
sat0.65_g1,1,0.65,103.99,-5.0010,41.3,0.6495,0.1,0.240,0.00707
sat0.65_g1,1,0.65,104.49,-5.0150,41.1,0.6496,0.1,0.239,0.00704
sat0.65_g1,1,0.65,104.99,-5.0290,40.9,0.6496,0.1,0.239,0.00702
sat0.65_g1,1,0.65,105.49,-5.0430,40.6,0.6496,0.1,0.239,0.00699
sat0.65_g1,1,0.65,105.99,-5.0570,40.4,0.6496,0.1,0.239,0.00697
sat0.65_g1,1,0.65,106.49,-5.0710,40.1,0.6496,0.0,0.239,0.00694
sat0.65_g1,1,0.65,106.99,-5.0850,39.9,0.6496,0.0,0.239,0.00692
sat0.65_g1,1,0.65,107.49,-5.0990,39.7,0.6497,0.0,0.238,0.00689
sat0.65_g1,1,0.65,107.99,-5.1130,39.4,0.6497,0.0,0.238,0.00687
sat0.65_g1,1,0.65,108.49,-5.1270,39.2,0.6497,0.0,0.238,0.00684
sat0.65_g1,1,0.65,108.99,-5.1400,39.0,0.6497,0.0,0.238,0.00682
sat0.65_g1,1,0.65,109.49,-5.1540,38.7,0.6497,0.0,0.238,0.00679
sat0.65_g1,1,0.65,109.99,-5.1670,38.5,0.6497,0.0,0.238,0.00677
sat0.65_g1,1,0.65,110.49,-5.1810,38.3,0.6498,0.0,0.237,0.00674
sat0.65_g1,1,0.65,110.99,-5.1940,38.0,0.6498,0.0,0.237,0.00672
sat0.65_g1,1,0.65,111.49,-5.2070,37.8,0.6498,0.0,0.237,0.00670
sat0.65_g1,1,0.65,111.99,-5.2200,37.6,0.6498,0.0,0.237,0.00667
sat0.65_g1,1,0.65,112.49,-5.2340,37.3,0.6498,0.0,0.237,0.00665
sat0.65_g1,1,0.65,112.99,-5.2470,37.1,0.6498,0.0,0.236,0.00662
sat0.65_g1,1,0.65,113.49,-5.2590,36.9,0.6498,0.0,0.236,0.00660
sat0.65_g1,1,0.65,113.99,-5.2720,36.6,0.6498,0.0,0.236,0.00657
sat0.65_g1,1,0.65,114.49,-5.2850,36.4,0.6498,0.0,0.236,0.00655
sat0.65_g1,1,0.65,114.99,-5.2980,36.2,0.6499,0.0,0.236,0.00653
sat0.65_g1,1,0.65,115.49,-5.3100,36.0,0.6499,0.0,0.236,0.00651
sat0.65_g1,1,0.65,115.99,-5.3230,35.7,0.6499,0.0,0.235,0.00650
sat0.65_g1,1,0.65,116.49,-5.3350,35.5,0.6499,0.0,0.235,0.00648
sat0.65_g1,1,0.65,116.99,-5.3480,35.3,0.6499,0.0,0.235,0.00646
sat0.65_g1,1,0.65,117.49,-5.3600,35.1,0.6499,0.0,0.235,0.00644
sat0.65_g1,1,0.65,117.99,-5.3720,34.9,0.6499,0.0,0.235,0.00642
sat0.65_g1,1,0.65,118.49,-5.3840,34.6,0.6499,0.0,0.235,0.00640
sat0.65_g1,1,0.65,118.99,-5.3960,34.4,0.6499,0.0,0.234,0.00638
sat0.65_g1,1,0.65,119.49,-5.4080,34.2,0.6499,0.0,0.234,0.00636
sat0.65_g1,1,0.65,119.99,-5.4200,34.0,0.6499,0.0,0.234,0.00634
sat0.65_g1,1,0.65,120.49,-5.4320,33.8,0.6500,0.0,0.234,0.00632
sat0.65_g1,1,0.65,120.99,-5.4440,33.5,0.6500,0.0,0.234,0.00630
sat0.65_g1,1,0.65,121.49,-5.4550,33.3,0.6500,0.0,0.233,0.00628
sat0.65_g1,1,0.65,121.99,-5.4670,33.1,0.6500,0.0,0.233,0.00627
sat0.65_g1,1,0.65,122.49,-5.4780,32.9,0.6500,0.0,0.233,0.00625
sat0.65_g1,1,0.65,122.99,-5.4900,32.7,0.6500,0.0,0.233,0.00623
sat0.65_g1,1,0.65,123.49,-5.5010,32.5,0.6500,0.0,0.233,0.00621
sat0.65_g1,1,0.65,123.99,-5.5120,32.3,0.6500,0.0,0.233,0.00619
sat0.65_g1,1,0.65,124.49,-5.5240,32.1,0.6500,0.0,0.232,0.00617
sat0.65_g1,1,0.65,124.99,-5.5350,31.9,0.6500,0.0,0.232,0.00615
sat0.65_g1,1,0.65,125.49,-5.5460,31.6,0.6500,0.0,0.232,0.00613
sat0.65_g1,1,0.65,125.99,-5.5570,31.4,0.6500,0.0,0.232,0.00611
sat0.65_g1,1,0.65,126.49,-5.5680,31.2,0.6500,0.0,0.232,0.00609
sat0.65_g1,1,0.65,126.99,-5.5790,31.0,0.6500,0.0,0.231,0.00607
sat0.65_g1,1,0.65,127.49,-5.5890,30.8,0.6500,0.0,0.231,0.00605
sat0.65_g1,1,0.65,127.99,-5.6000,30.6,0.6500,0.0,0.231,0.00603
sat0.65_g1,1,0.65,128.49,-5.6110,30.4,0.6500,0.0,0.231,0.00601
sat0.65_g1,1,0.65,128.99,-5.6210,30.2,0.6501,0.0,0.231,0.00599
sat0.65_g1,1,0.65,129.49,-5.6320,30.0,0.6501,0.0,0.230,0.00597
sat0.65_g1,1,0.65,129.99,-5.6420,29.8,0.6501,0.0,0.230,0.00596
sat0.65_g1,1,0.65,130.49,-5.6530,29.6,0.6501,0.0,0.230,0.00594
sat0.65_g1,1,0.65,130.99,-5.6630,29.4,0.6501,0.0,0.230,0.00592
sat0.65_g1,1,0.65,131.49,-5.6730,29.2,0.6501,0.0,0.230,0.00590
sat0.65_g1,1,0.65,131.99,-5.6830,29.0,0.6501,0.0,0.230,0.00588
sat0.65_g1,1,0.65,132.49,-5.6930,28.8,0.6501,0.0,0.229,0.00586
sat0.65_g1,1,0.65,132.99,-5.7030,28.6,0.6501,0.0,0.229,0.00584
sat0.65_g1,1,0.65,133.49,-5.7130,28.4,0.6501,0.0,0.229,0.00582
sat0.65_g1,1,0.65,133.99,-5.7230,28.2,0.6501,0.0,0.229,0.00580
sat0.65_g1,1,0.65,134.49,-5.7330,28.1,0.6501,0.0,0.229,0.00578
sat0.65_g1,1,0.65,134.99,-5.7430,27.9,0.6501,0.0,0.228,0.00576
sat0.65_g1,1,0.65,135.49,-5.7520,27.7,0.6501,0.0,0.228,0.00574
sat0.65_g1,1,0.65,135.99,-5.7620,27.5,0.6501,0.0,0.228,0.00572
sat0.65_g1,1,0.65,136.49,-5.7710,27.3,0.6501,0.0,0.228,0.00570
sat0.65_g1,1,0.65,136.99,-5.7810,27.1,0.6501,0.0,0.228,0.00568
sat0.65_g1,1,0.65,137.49,-5.7900,26.9,0.6501,0.0,0.227,0.00566
sat0.65_g1,1,0.65,137.99,-5.8000,26.7,0.6501,0.0,0.227,0.00564
sat0.65_g1,1,0.65,138.49,-5.8090,26.6,0.6501,0.0,0.227,0.00562
sat0.65_g1,1,0.65,138.99,-5.8180,26.4,0.6501,0.0,0.227,0.00560
sat0.65_g1,1,0.65,139.49,-5.8270,26.2,0.6501,0.0,0.227,0.00558
sat0.65_g1,1,0.65,139.99,-5.8360,26.0,0.6501,0.0,0.226,0.00556
sat0.65_g1,1,0.65,140.49,-5.8450,25.8,0.6501,0.0,0.226,0.00554
sat0.65_g1,1,0.65,140.99,-5.8540,25.7,0.6501,0.0,0.226,0.00552
sat0.65_g1,1,0.65,141.49,-5.8630,25.5,0.6501,0.0,0.226,0.00550
sat0.65_g1,1,0.65,141.99,-5.8720,25.3,0.6501,0.0,0.226,0.00548
sat0.65_g1,1,0.65,142.49,-5.8810,25.1,0.6501,0.0,0.225,0.00546
sat0.65_g1,1,0.65,142.99,-5.8900,24.9,0.6501,0.0,0.225,0.00544
sat0.65_g1,1,0.65,143.49,-5.8980,24.8,0.6501,0.0,0.225,0.00542
sat0.65_g1,1,0.65,143.99,-5.9070,24.6,0.6501,0.0,0.225,0.00540
sat0.65_g1,1,0.65,144.49,-5.9160,24.4,0.6502,0.0,0.225,0.00538
sat0.65_g1,1,0.65,144.99,-5.9240,24.2,0.6502,0.0,0.225,0.00536
sat0.65_g1,1,0.65,145.49,-5.9320,24.1,0.6502,0.0,0.224,0.00534
sat0.65_g1,1,0.65,145.99,-5.9410,23.9,0.6502,0.0,0.224,0.00532
sat0.65_g1,1,0.65,146.49,-5.9490,23.7,0.6502,0.0,0.224,0.00530
sat0.65_g1,1,0.65,146.99,-5.9570,23.6,0.6502,0.0,0.224,0.00528
sat0.65_g1,1,0.65,147.49,-5.9660,23.4,0.6502,0.0,0.224,0.00526
sat0.65_g1,1,0.65,147.99,-5.9740,23.2,0.6502,0.0,0.223,0.00524
sat0.65_g1,1,0.65,148.49,-5.9820,23.1,0.6502,0.0,0.223,0.00522
sat0.65_g1,1,0.65,148.99,-5.9900,22.9,0.6502,0.0,0.223,0.00520
sat0.65_g1,1,0.65,149.49,-5.9980,22.7,0.6502,0.0,0.223,0.00518
sat0.65_g1,1,0.65,149.99,-6.0060,22.6,0.6502,0.0,0.223,0.00516
sat0.65_g1,1,0.65,150.49,-6.0130,22.4,0.6502,0.0,0.222,0.00514
sat0.65_g1,1,0.65,150.99,-6.0210,22.2,0.6502,0.0,0.222,0.00512
sat0.65_g1,1,0.65,151.49,-6.0290,22.1,0.6502,0.0,0.222,0.00510
sat0.65_g1,1,0.65,151.99,-6.0370,21.9,0.6502,0.0,0.222,0.00508
sat0.65_g1,1,0.65,152.49,-6.0440,21.8,0.6502,0.0,0.222,0.00506
sat0.65_g1,1,0.65,152.99,-6.0520,21.6,0.6502,0.0,0.221,0.00504
sat0.65_g1,1,0.65,153.49,-6.0590,21.5,0.6502,0.0,0.221,0.00502
sat0.65_g1,1,0.65,153.99,-6.0670,21.3,0.6502,0.0,0.221,0.00500
sat0.65_g1,1,0.65,154.49,-6.0740,21.1,0.6502,0.0,0.221,0.00498
sat0.65_g1,1,0.65,154.99,-6.0820,21.0,0.6502,0.0,0.221,0.00496
sat0.65_g1,1,0.65,155.49,-6.0890,20.8,0.6502,0.0,0.220,0.00494
sat0.65_g1,1,0.65,155.99,-6.0960,20.7,0.6502,0.0,0.220,0.00493
sat0.65_g1,1,0.65,156.49,-6.1030,20.5,0.6502,0.0,0.220,0.00491
sat0.65_g1,1,0.65,156.99,-6.1100,20.4,0.6502,0.0,0.220,0.00489
sat0.65_g1,1,0.65,157.49,-6.1180,20.2,0.6502,0.0,0.220,0.00487
sat0.65_g1,1,0.65,157.99,-6.1250,20.1,0.6502,0.0,0.220,0.00485
sat0.65_g1,1,0.65,158.49,-6.1320,19.9,0.6502,0.0,0.219,0.00483
sat0.65_g1,1,0.65,158.99,-6.1390,19.8,0.6502,0.0,0.219,0.00481
sat0.65_g1,1,0.65,159.49,-6.1450,19.6,0.6502,0.0,0.219,0.00479
sat0.65_g1,1,0.65,159.99,-6.1520,19.5,0.6502,0.0,0.219,0.00477
sat0.65_g1,1,0.65,160.49,-6.1590,19.3,0.6502,0.0,0.219,0.00475
sat0.65_g1,1,0.65,160.99,-6.1660,19.2,0.6502,0.0,0.218,0.00473
sat0.65_g1,1,0.65,161.49,-6.1720,19.1,0.6502,0.0,0.218,0.00471
sat0.65_g1,1,0.65,161.99,-6.1790,18.9,0.6502,0.0,0.218,0.00469
sat0.65_g1,1,0.65,162.49,-6.1860,18.8,0.6502,0.0,0.218,0.00467
sat0.65_g1,1,0.65,162.99,-6.1920,18.6,0.6502,0.0,0.218,0.00465
sat0.65_g1,1,0.65,163.49,-6.1990,18.5,0.6502,0.0,0.218,0.00463
sat0.65_g1,1,0.65,163.99,-6.2050,18.4,0.6502,0.0,0.217,0.00461
sat0.65_g1,1,0.65,164.49,-6.2120,18.2,0.6502,0.0,0.217,0.00459
sat0.65_g1,1,0.65,164.99,-6.2180,18.1,0.6502,0.0,0.217,0.00457
sat0.65_g1,1,0.65,165.49,-6.2240,17.9,0.6502,0.0,0.217,0.00455
sat0.65_g1,1,0.65,165.99,-6.2310,17.8,0.6502,0.0,0.217,0.00453
sat0.65_g1,1,0.65,166.49,-6.2370,17.7,0.6502,0.0,0.216,0.00451
sat0.65_g1,1,0.65,166.99,-6.2430,17.5,0.6502,0.0,0.216,0.00449
sat0.65_g1,1,0.65,167.49,-6.2490,17.4,0.6502,0.0,0.216,0.00447
sat0.65_g1,1,0.65,167.99,-6.2550,17.3,0.6502,0.0,0.216,0.00445
sat0.65_g1,1,0.65,168.49,-6.2610,17.1,0.6502,0.0,0.216,0.00443
sat0.65_g1,1,0.65,168.99,-6.2670,17.0,0.6502,0.0,0.216,0.00441
sat0.65_g1,1,0.65,169.49,-6.2730,16.9,0.6502,0.0,0.215,0.00439
sat0.65_g1,1,0.65,169.99,-6.2790,16.8,0.6502,0.0,0.215,0.00437
sat0.65_g1,1,0.65,170.49,-6.2850,16.6,0.6502,0.0,0.215,0.00435
sat0.65_g1,1,0.65,170.99,-6.2910,16.5,0.6502,0.0,0.215,0.00433
sat0.65_g1,1,0.65,171.49,-6.2970,16.4,0.6502,0.0,0.215,0.00431
sat0.65_g1,1,0.65,171.99,-6.3020,16.2,0.6502,0.0,0.214,0.00429
sat0.65_g1,1,0.65,172.49,-6.3080,16.1,0.6502,0.0,0.214,0.00427
sat0.65_g1,1,0.65,172.99,-6.3140,16.0,0.6502,0.0,0.214,0.00425
sat0.65_g1,1,0.65,173.49,-6.3190,15.9,0.6502,0.0,0.214,0.00423
sat0.65_g1,1,0.65,173.99,-6.3250,15.7,0.6502,0.0,0.214,0.00421
sat0.65_g1,1,0.65,174.49,-6.3300,15.6,0.6502,0.0,0.214,0.00419
sat0.65_g1,1,0.65,174.99,-6.3360,15.5,0.6502,0.0,0.213,0.00417
sat0.65_g1,1,0.65,175.49,-6.3410,15.4,0.6502,0.0,0.213,0.00415
sat0.65_g1,1,0.65,175.99,-6.3470,15.3,0.6502,0.0,0.213,0.00413
sat0.65_g1,1,0.65,176.49,-6.3520,15.1,0.6502,0.0,0.213,0.00411
sat0.65_g1,1,0.65,176.99,-6.3570,15.0,0.6502,0.0,0.213,0.00409
sat0.65_g1,1,0.65,177.49,-6.3630,14.9,0.6502,0.0,0.213,0.00407
sat0.65_g1,1,0.65,177.99,-6.3680,14.8,0.6502,0.0,0.212,0.00405
sat0.65_g1,1,0.65,178.49,-6.3730,14.7,0.6502,0.0,0.212,0.00403
sat0.65_g1,1,0.65,178.99,-6.3780,14.6,0.6502,0.0,0.212,0.00401
sat0.65_g1,1,0.65,179.49,-6.3830,14.5,0.6502,0.0,0.212,0.00399
sat0.65_g1,1,0.65,179.99,-6.3880,14.3,0.6502,0.0,0.212,0.00397
sat0.65_g1,1,0.65,180.49,-6.3940,14.2,0.6502,0.0,0.212,0.00395
sat0.65_g1,1,0.65,180.99,-6.3990,14.1,0.6502,0.0,0.211,0.00393
sat0.65_g1,1,0.65,181.49,-6.4030,14.0,0.6502,0.0,0.211,0.00391
sat0.65_g1,1,0.65,181.99,-6.4080,13.9,0.6502,0.0,0.211,0.00389
sat0.65_g1,1,0.65,182.49,-6.4130,13.8,0.6502,0.0,0.211,0.00387
sat0.65_g1,1,0.65,182.99,-6.4180,13.7,0.6502,0.0,0.211,0.00385
sat0.65_g1,1,0.65,183.49,-6.4230,13.6,0.6502,0.0,0.211,0.00383
sat0.65_g1,1,0.65,183.99,-6.4280,13.5,0.6502,0.0,0.210,0.00381
sat0.65_g1,1,0.65,184.49,-6.4320,13.4,0.6502,0.0,0.210,0.00379
sat0.65_g1,1,0.65,184.99,-6.4370,13.3,0.6502,0.0,0.210,0.00377
sat0.65_g1,1,0.65,185.49,-6.4420,13.1,0.6502,0.0,0.210,0.00375
sat0.65_g1,1,0.65,185.99,-6.4460,13.0,0.6502,0.0,0.210,0.00373
sat0.65_g1,1,0.65,186.49,-6.4510,12.9,0.6502,0.0,0.210,0.00371
sat0.65_g1,1,0.65,186.99,-6.4550,12.8,0.6502,0.0,0.209,0.00370
sat0.65_g1,1,0.65,187.49,-6.4600,12.7,0.6502,0.0,0.209,0.00368
sat0.65_g1,1,0.65,187.99,-6.4640,12.6,0.6502,0.0,0.209,0.00366
sat0.65_g1,1,0.65,188.49,-6.4690,12.5,0.6502,0.0,0.209,0.00364
sat0.65_g1,1,0.65,188.99,-6.4730,12.4,0.6502,0.0,0.209,0.00362
sat0.65_g1,1,0.65,189.49,-6.4780,12.3,0.6502,0.0,0.209,0.00360
sat0.65_g1,1,0.65,189.99,-6.4820,12.2,0.6502,0.0,0.208,0.00358
sat0.65_g1,1,0.65,190.49,-6.4860,12.1,0.6502,0.0,0.208,0.00356
sat0.65_g1,1,0.65,190.99,-6.4900,12.0,0.6502,0.0,0.208,0.00354
sat0.65_g1,1,0.65,191.49,-6.4950,11.9,0.6502,0.0,0.208,0.00352
sat0.65_g1,1,0.65,191.99,-6.4990,11.9,0.6502,0.0,0.208,0.00350
sat0.65_g1,1,0.65,192.49,-6.5030,11.8,0.6502,0.0,0.208,0.00349
sat0.65_g1,1,0.65,192.99,-6.5070,11.7,0.6502,0.0,0.207,0.00347
sat0.65_g1,1,0.65,193.49,-6.5110,11.6,0.6502,0.0,0.207,0.00345
sat0.65_g1,1,0.65,193.99,-6.5150,11.5,0.6502,0.0,0.207,0.00343
sat0.65_g1,1,0.65,194.49,-6.5190,11.4,0.6502,0.0,0.207,0.00341
sat0.65_g1,1,0.65,194.99,-6.5230,11.3,0.6502,0.0,0.207,0.00339
sat0.65_g1,1,0.65,195.49,-6.5270,11.2,0.6502,0.0,0.207,0.00337
sat0.65_g1,1,0.65,195.99,-6.5310,11.1,0.6502,0.0,0.207,0.00335
sat0.65_g1,1,0.65,196.49,-6.5350,11.0,0.6502,0.0,0.206,0.00334
sat0.65_g1,1,0.65,196.99,-6.5390,10.9,0.6502,0.0,0.206,0.00332
sat0.65_g1,1,0.65,197.49,-6.5430,10.9,0.6502,0.0,0.206,0.00330
sat0.65_g1,1,0.65,197.99,-6.5460,10.8,0.6502,0.0,0.206,0.00328
sat0.65_g1,1,0.65,198.49,-6.5500,10.7,0.6502,0.0,0.206,0.00326
sat0.65_g1,1,0.65,198.99,-6.5540,10.6,0.6502,0.0,0.206,0.00324
sat0.65_g1,1,0.65,199.49,-6.5580,10.5,0.6502,0.0,0.205,0.00322
sat0.65_g1,1,0.65,199.99,-6.5610,10.4,0.6502,0.0,0.205,0.00321
sat0.65_g1,1,0.65,200.49,-6.5650,10.3,0.6502,0.0,0.205,0.00319
sat0.65_g1,1,0.65,200.99,-6.5690,10.3,0.6502,0.0,0.205,0.00317
sat0.65_g1,1,0.65,201.49,-6.5720,10.2,0.6502,0.0,0.205,0.00315
sat0.65_g1,1,0.65,201.99,-6.5760,10.1,0.6502,0.0,0.205,0.00313
sat0.65_g1,1,0.65,202.49,-6.5790,10.0,0.6502,0.0,0.205,0.00311
sat0.65_g1,1,0.65,202.99,-6.5830,9.9,0.6502,0.0,0.204,0.00310
sat0.65_g1,1,0.65,203.49,-6.5860,9.8,0.6502,0.0,0.204,0.00308
sat0.65_g1,1,0.65,203.99,-6.5900,9.8,0.6502,0.0,0.204,0.00306
sat0.65_g1,1,0.65,204.49,-6.5930,9.7,0.6502,0.0,0.204,0.00304
sat0.65_g1,1,0.65,204.99,-6.5960,9.6,0.6502,0.0,0.204,0.00303
sat0.65_g1,1,0.65,205.49,-6.6000,9.5,0.6502,0.0,0.204,0.00301
sat0.65_g1,1,0.65,205.99,-6.6030,9.5,0.6502,0.0,0.204,0.00299
sat0.65_g1,1,0.65,206.49,-6.6060,9.4,0.6502,0.0,0.204,0.00297
sat0.65_g1,1,0.65,206.99,-6.6100,9.3,0.6502,0.0,0.203,0.00296
sat0.65_g1,1,0.65,207.49,-6.6130,9.2,0.6502,0.0,0.203,0.00294
sat0.65_g1,1,0.65,207.99,-6.6160,9.2,0.6502,0.0,0.203,0.00292
sat0.65_g1,1,0.65,208.49,-6.6190,9.1,0.6502,0.0,0.203,0.00290
sat0.65_g1,1,0.65,208.99,-6.6230,9.0,0.6502,0.0,0.203,0.00289
sat0.65_g1,1,0.65,209.49,-6.6260,8.9,0.6502,0.0,0.203,0.00287
sat0.65_g1,1,0.65,209.99,-6.6290,8.9,0.6502,0.0,0.203,0.00285
sat0.65_g1,1,0.65,210.49,-6.6320,8.8,0.6502,0.0,0.202,0.00283
sat0.65_g1,1,0.65,210.99,-6.6350,8.7,0.6502,0.0,0.202,0.00282
sat0.65_g1,1,0.65,211.49,-6.6380,8.6,0.6502,0.0,0.202,0.00280
sat0.65_g1,1,0.65,211.99,-6.6410,8.6,0.6502,0.0,0.202,0.00278
sat0.65_g1,1,0.65,212.49,-6.6440,8.5,0.6502,0.0,0.202,0.00277
sat0.65_g1,1,0.65,212.99,-6.6470,8.4,0.6502,0.0,0.202,0.00275
sat0.65_g1,1,0.65,213.49,-6.6500,8.4,0.6502,0.0,0.202,0.00273
sat0.65_g1,1,0.65,213.99,-6.6530,8.3,0.6502,0.0,0.202,0.00272
sat0.65_g1,1,0.65,214.49,-6.6560,8.2,0.6502,0.0,0.201,0.00270
sat0.65_g1,1,0.65,214.99,-6.6590,8.2,0.6502,0.0,0.201,0.00268
sat0.65_g1,1,0.65,215.49,-6.6610,8.1,0.6502,0.0,0.201,0.00267
sat0.65_g1,1,0.65,215.99,-6.6640,8.0,0.6502,0.0,0.201,0.00265
sat0.65_g1,1,0.65,216.49,-6.6670,8.0,0.6502,0.0,0.201,0.00263
sat0.65_g1,1,0.65,216.99,-6.6700,7.9,0.6502,0.0,0.201,0.00262
sat0.65_g1,1,0.65,217.49,-6.6730,7.8,0.6502,0.0,0.201,0.00260
sat0.65_g1,1,0.65,217.99,-6.6750,7.8,0.6502,0.0,0.201,0.00259
sat0.65_g1,1,0.65,218.49,-6.6780,7.7,0.6502,0.0,0.201,0.00257
sat0.65_g1,1,0.65,218.99,-6.6810,7.6,0.6502,0.0,0.200,0.00255
sat0.65_g1,1,0.65,219.49,-6.6830,7.6,0.6502,0.0,0.200,0.00254
sat0.65_g1,1,0.65,219.99,-6.6860,7.5,0.6502,0.0,0.200,0.00252
sat0.65_g1,1,0.65,220.49,-6.6890,7.5,0.6502,0.0,0.200,0.00251
sat0.65_g1,1,0.65,220.99,-6.6910,7.4,0.6502,0.0,0.200,0.00249
sat0.65_g1,1,0.65,221.49,-6.6940,7.3,0.6502,0.0,0.200,0.00247
sat0.65_g1,1,0.65,221.99,-6.6960,7.3,0.6502,0.0,0.200,0.00246
sat0.65_g1,1,0.65,222.49,-6.6990,7.2,0.6502,0.0,0.200,0.00244
sat0.65_g1,1,0.65,222.99,-6.7010,7.2,0.6502,0.0,0.200,0.00243
sat0.65_g1,1,0.65,223.49,-6.7040,7.1,0.6502,0.0,0.199,0.00241
sat0.65_g1,1,0.65,223.99,-6.7060,7.0,0.6502,0.0,0.199,0.00239
sat0.65_g1,1,0.65,224.49,-6.7090,7.0,0.6502,0.0,0.199,0.00238
sat0.65_g1,1,0.65,224.99,-6.7110,6.9,0.6502,0.0,0.199,0.00236
sat0.65_g1,1,0.65,225.49,-6.7140,6.9,0.6502,0.0,0.199,0.00235
sat0.65_g1,1,0.65,225.99,-6.7160,6.8,0.6502,0.0,0.199,0.00233
sat0.65_g1,1,0.65,226.49,-6.7180,6.8,0.6502,0.0,0.199,0.00232
sat0.65_g1,1,0.65,226.99,-6.7210,6.7,0.6502,0.0,0.199,0.00230
sat0.65_g1,1,0.65,227.49,-6.7230,6.6,0.6502,0.0,0.199,0.00229
sat0.65_g1,1,0.65,227.99,-6.7260,6.6,0.6502,0.0,0.198,0.00227
sat0.65_g1,1,0.65,228.49,-6.7280,6.5,0.6502,0.0,0.198,0.00226
sat0.65_g1,1,0.65,228.99,-6.7300,6.5,0.6502,0.0,0.198,0.00224
sat0.65_g1,1,0.65,229.49,-6.7320,6.4,0.6502,0.0,0.198,0.00223
sat0.65_g1,1,0.65,229.99,-6.7350,6.4,0.6502,0.0,0.198,0.00221
sat0.65_g1,1,0.65,230.49,-6.7370,6.3,0.6502,0.0,0.198,0.00220
sat0.65_g1,1,0.65,230.99,-6.7390,6.3,0.6502,0.0,0.198,0.00218
sat0.65_g1,1,0.65,231.49,-6.7410,6.2,0.6502,0.0,0.198,0.00217
sat0.65_g1,1,0.65,231.99,-6.7430,6.2,0.6502,0.0,0.198,0.00215
sat0.65_g1,1,0.65,232.49,-6.7460,6.1,0.6502,0.0,0.198,0.00214
sat0.65_g1,1,0.65,232.99,-6.7480,6.1,0.6502,0.0,0.198,0.00212
sat0.65_g1,1,0.65,233.49,-6.7500,6.0,0.6502,0.0,0.197,0.00211
sat0.65_g1,1,0.65,233.99,-6.7520,6.0,0.6502,0.0,0.197,0.00210
sat0.65_g1,1,0.65,234.49,-6.7540,5.9,0.6502,0.0,0.197,0.00208
sat0.65_g1,1,0.65,234.99,-6.7560,5.9,0.6502,0.0,0.197,0.00207
sat0.65_g1,1,0.65,235.49,-6.7580,5.8,0.6502,0.0,0.197,0.00205
sat0.65_g1,1,0.65,235.99,-6.7600,5.8,0.6502,0.0,0.197,0.00204
sat0.65_g1,1,0.65,236.49,-6.7620,5.7,0.6502,0.0,0.197,0.00202
sat0.65_g1,1,0.65,236.99,-6.7640,5.7,0.6502,0.0,0.197,0.00201
sat0.65_g1,1,0.65,237.49,-6.7660,5.6,0.6502,0.0,0.197,0.00200
sat0.65_g1,1,0.65,237.99,-6.7680,5.6,0.6502,0.0,0.197,0.00198
sat0.65_g1,1,0.65,238.49,-6.7700,5.5,0.6502,0.0,0.197,0.00197
sat0.65_g1,1,0.65,238.99,-6.7720,5.5,0.6502,0.0,0.197,0.00195
sat0.65_g1,1,0.65,239.49,-6.7740,5.4,0.6502,0.0,0.196,0.00194
sat0.65_g1,1,0.65,239.99,-6.7760,5.4,0.6502,0.0,0.196,0.00193
sat0.65_g1,1,0.65,240.49,-6.7780,5.4,0.6502,0.0,0.196,0.00191
sat0.65_g1,1,0.65,240.99,-6.7800,5.3,0.6502,0.0,0.196,0.00190
sat0.65_g1,1,0.65,241.49,-6.7820,5.3,0.6502,0.0,0.196,0.00189
sat0.65_g1,1,0.65,241.99,-6.7830,5.2,0.6502,0.0,0.196,0.00187
sat0.65_g1,1,0.65,242.49,-6.7850,5.2,0.6502,0.0,0.196,0.00186
sat0.65_g1,1,0.65,242.99,-6.7870,5.1,0.6502,0.0,0.196,0.00184
sat0.65_g1,1,0.65,243.49,-6.7890,5.1,0.6502,0.0,0.196,0.00183
sat0.65_g1,1,0.65,243.99,-6.7910,5.1,0.6502,0.0,0.196,0.00182
sat0.65_g1,1,0.65,244.49,-6.7920,5.0,0.6502,0.0,0.196,0.00180
sat0.65_g1,1,0.65,244.99,-6.7940,5.0,0.6502,0.0,0.196,0.00179
sat0.65_g1,1,0.65,245.49,-6.7960,4.9,0.6502,0.0,0.196,0.00178
sat0.65_g1,1,0.65,245.99,-6.7980,4.9,0.6502,0.0,0.196,0.00176
sat0.65_g1,1,0.65,246.49,-6.7990,4.8,0.6502,0.0,0.196,0.00175
sat0.65_g1,1,0.65,246.99,-6.8010,4.8,0.6502,0.0,0.195,0.00174
sat0.65_g1,1,0.65,247.49,-6.8030,4.8,0.6502,0.0,0.195,0.00173
sat0.65_g1,1,0.65,247.99,-6.8040,4.7,0.6502,0.0,0.195,0.00171
sat0.65_g1,1,0.65,248.49,-6.8060,4.7,0.6502,0.0,0.195,0.00170
sat0.65_g1,1,0.65,248.99,-6.8080,4.6,0.6502,0.0,0.195,0.00169
sat0.65_g1,1,0.65,249.49,-6.8090,4.6,0.6502,0.0,0.195,0.00168
sat0.65_g1,1,0.65,249.99,-6.8110,4.6,0.6502,0.0,0.195,0.00166
sat0.65_g1,1,0.65,250.48,-6.8130,4.5,0.6502,0.0,0.195,0.00165
sat0.65_g1,1,0.65,250.98,-6.8140,4.5,0.6502,0.0,0.195,0.00164
sat0.65_g1,1,0.65,251.48,-6.8160,4.5,0.6502,0.0,0.195,0.00163
sat0.65_g1,1,0.65,251.98,-6.8170,4.4,0.6502,0.0,0.195,0.00161
sat0.65_g1,1,0.65,252.48,-6.8190,4.4,0.6502,0.0,0.195,0.00160
sat0.65_g1,1,0.65,252.98,-6.8200,4.3,0.6502,0.0,0.195,0.00159
sat0.65_g1,1,0.65,253.48,-6.8220,4.3,0.6502,0.0,0.195,0.00158
sat0.65_g1,1,0.65,253.98,-6.8240,4.3,0.6502,0.0,0.195,0.00157
sat0.65_g1,1,0.65,254.48,-6.8250,4.2,0.6502,0.0,0.195,0.00155
sat0.65_g1,1,0.65,254.98,-6.8270,4.2,0.6502,0.0,0.195,0.00154
sat0.65_g1,1,0.65,255.48,-6.8280,4.2,0.6502,0.0,0.194,0.00153
sat0.65_g1,1,0.65,255.98,-6.8290,4.1,0.6502,0.0,0.194,0.00152
sat0.65_g1,1,0.65,256.48,-6.8310,4.1,0.6502,0.0,0.194,0.00151
sat0.65_g1,1,0.65,256.98,-6.8320,4.1,0.6502,0.0,0.194,0.00150
sat0.65_g1,1,0.65,257.48,-6.8340,4.0,0.6502,0.0,0.194,0.00148
sat0.65_g1,1,0.65,257.98,-6.8350,4.0,0.6502,0.0,0.194,0.00147
sat0.65_g1,1,0.65,258.48,-6.8370,4.0,0.6502,0.0,0.194,0.00146
sat0.65_g1,1,0.65,258.98,-6.8380,3.9,0.6502,0.0,0.194,0.00145
sat0.65_g1,1,0.65,259.48,-6.8390,3.9,0.6502,0.0,0.194,0.00144
sat0.65_g1,1,0.65,259.98,-6.8410,3.9,0.6502,0.0,0.194,0.00143
sat0.65_g1,1,0.65,260.48,-6.8420,3.8,0.6502,0.0,0.194,0.00142
sat0.65_g1,1,0.65,260.98,-6.8440,3.8,0.6502,0.0,0.194,0.00141
sat0.65_g1,1,0.65,261.48,-6.8450,3.8,0.6502,0.0,0.194,0.00140
sat0.65_g1,1,0.65,261.98,-6.8460,3.7,0.6502,0.0,0.194,0.00138
sat0.65_g1,1,0.65,262.48,-6.8470,3.7,0.6502,0.0,0.194,0.00137
sat0.65_g1,1,0.65,262.98,-6.8490,3.7,0.6502,0.0,0.194,0.00136
sat0.65_g1,1,0.65,263.48,-6.8500,3.6,0.6502,0.0,0.194,0.00135
sat0.65_g1,1,0.65,263.98,-6.8510,3.6,0.6502,0.0,0.194,0.00134
sat0.65_g1,1,0.65,264.48,-6.8530,3.6,0.6502,0.0,0.194,0.00133
sat0.65_g1,1,0.65,264.98,-6.8540,3.5,0.6502,0.0,0.194,0.00132
sat0.65_g1,1,0.65,265.48,-6.8550,3.5,0.6502,0.0,0.194,0.00131
sat0.65_g1,1,0.65,265.98,-6.8560,3.5,0.6502,0.0,0.194,0.00130
sat0.65_g1,1,0.65,266.48,-6.8580,3.5,0.6502,0.0,0.194,0.00129
sat0.65_g1,1,0.65,266.98,-6.8590,3.4,0.6502,0.0,0.193,0.00128
sat0.65_g1,1,0.65,267.48,-6.8600,3.4,0.6502,0.0,0.193,0.00127
sat0.65_g1,1,0.65,267.98,-6.8610,3.4,0.6502,0.0,0.193,0.00126
sat0.65_g1,1,0.65,268.48,-6.8620,3.3,0.6502,0.0,0.193,0.00125
sat0.65_g1,1,0.65,268.98,-6.8640,3.3,0.6502,0.0,0.193,0.00124
sat0.65_g1,1,0.65,269.48,-6.8650,3.3,0.6502,0.0,0.193,0.00123
sat0.65_g1,1,0.65,269.98,-6.8660,3.3,0.6502,0.0,0.193,0.00122
sat0.65_g1,1,0.65,270.48,-6.8670,3.2,0.6502,0.0,0.193,0.00121
sat0.65_g1,1,0.65,270.98,-6.8680,3.2,0.6502,0.0,0.193,0.00120
sat0.65_g1,1,0.65,271.48,-6.8690,3.2,0.6502,0.0,0.193,0.00119
sat0.65_g1,1,0.65,271.98,-6.8710,3.1,0.6502,0.0,0.193,0.00118
sat0.65_g1,1,0.65,272.48,-6.8720,3.1,0.6502,0.0,0.193,0.00117
sat0.65_g1,1,0.65,272.98,-6.8730,3.1,0.6502,0.0,0.193,0.00116
sat0.65_g1,1,0.65,273.48,-6.8740,3.1,0.6502,0.0,0.193,0.00115
sat0.65_g1,1,0.65,273.98,-6.8750,3.0,0.6502,0.0,0.193,0.00114
sat0.65_g1,1,0.65,274.48,-6.8760,3.0,0.6502,0.0,0.193,0.00113
sat0.65_g1,1,0.65,274.98,-6.8770,3.0,0.6502,0.0,0.193,0.00113
sat0.65_g1,1,0.65,275.48,-6.8780,3.0,0.6502,0.0,0.193,0.00112
sat0.65_g1,1,0.65,275.98,-6.8790,2.9,0.6502,0.0,0.193,0.00111
sat0.65_g1,1,0.65,276.48,-6.8800,2.9,0.6502,0.0,0.193,0.00110
sat0.65_g1,1,0.65,276.98,-6.8810,2.9,0.6502,0.0,0.193,0.00109
sat0.65_g1,1,0.65,277.48,-6.8820,2.9,0.6502,0.0,0.193,0.00108
sat0.65_g1,1,0.65,277.98,-6.8830,2.8,0.6502,0.0,0.193,0.00107
sat0.65_g1,1,0.65,278.48,-6.8840,2.8,0.6502,0.0,0.193,0.00106
sat0.65_g1,1,0.65,278.98,-6.8850,2.8,0.6502,0.0,0.193,0.00105
sat0.65_g1,1,0.65,279.48,-6.8860,2.8,0.6502,0.0,0.193,0.00105
sat0.65_g1,1,0.65,279.98,-6.8870,2.7,0.6502,0.0,0.193,0.00104
sat0.65_g1,1,0.65,280.48,-6.8880,2.7,0.6502,0.0,0.193,0.00103
sat0.65_g1,1,0.65,280.98,-6.8890,2.7,0.6502,0.0,0.193,0.00102
sat0.65_g1,1,0.65,281.48,-6.8900,2.7,0.6502,0.0,0.193,0.00101
sat0.65_g1,1,0.65,281.98,-6.8910,2.6,0.6502,0.0,0.193,0.00100
sat0.65_g1,1,0.65,282.48,-6.8920,2.6,0.6502,0.0,0.193,0.00100
sat0.65_g1,1,0.65,282.98,-6.8930,2.6,0.6502,0.0,0.193,0.00099
sat0.65_g1,1,0.65,283.48,-6.8940,2.6,0.6502,0.0,0.193,0.00098
sat0.65_g1,1,0.65,283.98,-6.8950,2.6,0.6502,0.0,0.192,0.00097
sat0.65_g1,1,0.65,284.48,-6.8960,2.5,0.6502,0.0,0.192,0.00096
sat0.65_g1,1,0.65,284.98,-6.8970,2.5,0.6502,0.0,0.192,0.00096
sat0.65_g1,1,0.65,285.48,-6.8970,2.5,0.6502,0.0,0.192,0.00095
sat0.65_g1,1,0.65,285.98,-6.8980,2.5,0.6502,0.0,0.192,0.00094
sat0.65_g1,1,0.65,286.48,-6.8990,2.5,0.6502,0.0,0.192,0.00093
sat0.65_g1,1,0.65,286.98,-6.9000,2.4,0.6502,0.0,0.192,0.00093
sat0.65_g1,1,0.65,287.48,-6.9010,2.4,0.6502,0.0,0.192,0.00092
sat0.65_g1,1,0.65,287.98,-6.9020,2.4,0.6502,0.0,0.192,0.00091
sat0.65_g1,1,0.65,288.48,-6.9030,2.4,0.6502,0.0,0.192,0.00090
sat0.65_g1,1,0.65,288.98,-6.9030,2.3,0.6502,0.0,0.192,0.00089
sat0.65_g1,1,0.65,289.48,-6.9040,2.3,0.6502,0.0,0.192,0.00089
sat0.65_g1,1,0.65,289.98,-6.9050,2.3,0.6502,0.0,0.192,0.00088
sat0.65_g1,1,0.65,290.48,-6.9060,2.3,0.6502,0.0,0.192,0.00087
sat0.65_g1,1,0.65,290.98,-6.9070,2.3,0.6502,0.0,0.192,0.00087
sat0.65_g1,1,0.65,291.48,-6.9080,2.2,0.6502,0.0,0.192,0.00086
sat0.65_g1,1,0.65,291.98,-6.9080,2.2,0.6502,0.0,0.192,0.00085
sat0.65_g1,1,0.65,292.48,-6.9090,2.2,0.6502,0.0,0.192,0.00085
sat0.65_g1,1,0.65,292.98,-6.9100,2.2,0.6502,0.0,0.192,0.00084
sat0.65_g1,1,0.65,293.48,-6.9110,2.2,0.6502,0.0,0.192,0.00083
sat0.65_g1,1,0.65,293.98,-6.9110,2.2,0.6502,0.0,0.192,0.00082
sat0.65_g1,1,0.65,294.48,-6.9120,2.1,0.6502,0.0,0.192,0.00082
sat0.65_g1,1,0.65,294.98,-6.9130,2.1,0.6502,0.0,0.192,0.00081
sat0.65_g1,1,0.65,295.48,-6.9140,2.1,0.6502,0.0,0.192,0.00080
sat0.65_g1,1,0.65,295.98,-6.9140,2.1,0.6502,0.0,0.192,0.00080
sat0.65_g1,1,0.65,296.48,-6.9150,2.1,0.6502,0.0,0.192,0.00079
sat0.65_g1,1,0.65,296.98,-6.9160,2.0,0.6502,0.0,0.192,0.00078
sat0.65_g1,1,0.65,297.48,-6.9170,2.0,0.6502,0.0,0.192,0.00078
sat0.65_g1,1,0.65,297.98,-6.9170,2.0,0.6502,0.0,0.192,0.00077
sat0.65_g1,1,0.65,298.48,-6.9180,2.0,0.6502,0.0,0.192,0.00076
sat0.65_g1,1,0.65,298.98,-6.9190,2.0,0.6502,0.0,0.192,0.00076
sat0.65_g1,1,0.65,299.48,-6.9200,2.0,0.6502,0.0,0.192,0.00075
sat0.65_g1,1,0.65,299.98,-6.9200,1.9,0.6502,0.0,0.192,0.00075
sat0.65_g1,1,0.65,300.48,-6.9210,1.9,0.6502,0.0,0.192,0.00074
sat0.65_g1,1,0.65,300.98,-6.9220,1.9,0.6502,0.0,0.192,0.00073
sat0.65_g1,1,0.65,301.48,-6.9220,1.9,0.6502,0.0,0.192,0.00073
sat0.65_g1,1,0.65,301.98,-6.9230,1.9,0.6502,0.0,0.192,0.00072
sat0.65_g1,1,0.65,302.48,-6.9240,1.9,0.6502,0.0,0.192,0.00072
sat0.65_g1,1,0.65,302.98,-6.9240,1.8,0.6502,0.0,0.192,0.00071
sat0.65_g1,1,0.65,303.48,-6.9250,1.8,0.6502,0.0,0.192,0.00070
sat0.65_g1,1,0.65,303.98,-6.9260,1.8,0.6502,0.0,0.192,0.00070
sat0.65_g1,1,0.65,304.48,-6.9260,1.8,0.6502,0.0,0.192,0.00069
sat0.65_g1,1,0.65,304.98,-6.9270,1.8,0.6502,0.0,0.192,0.00069
sat0.65_g1,1,0.65,305.48,-6.9270,1.8,0.6502,0.0,0.192,0.00068
sat0.65_g1,1,0.65,305.98,-6.9280,1.8,0.6502,0.0,0.192,0.00067
sat0.65_g1,1,0.65,306.48,-6.9290,1.7,0.6502,0.0,0.192,0.00067
sat0.65_g1,1,0.65,306.98,-6.9290,1.7,0.6502,0.0,0.192,0.00066
sat0.65_g1,1,0.65,307.48,-6.9300,1.7,0.6502,0.0,0.192,0.00066
sat0.65_g1,1,0.65,307.98,-6.9310,1.7,0.6502,0.0,0.192,0.00065
sat0.65_g1,1,0.65,308.48,-6.9310,1.7,0.6502,0.0,0.192,0.00065
sat0.65_g1,1,0.65,308.98,-6.9320,1.7,0.6502,0.0,0.192,0.00064
sat0.65_g1,1,0.65,309.48,-6.9320,1.7,0.6502,0.0,0.192,0.00064
sat0.65_g1,1,0.65,309.98,-6.9330,1.6,0.6502,0.0,0.192,0.00063
sat0.65_g1,1,0.65,310.48,-6.9330,1.6,0.6502,0.0,0.192,0.00063
sat0.65_g1,1,0.65,310.98,-6.9340,1.6,0.6502,0.0,0.192,0.00062
sat0.65_g1,1,0.65,311.48,-6.9350,1.6,0.6502,0.0,0.192,0.00061
sat0.65_g1,1,0.65,311.98,-6.9350,1.6,0.6502,0.0,0.192,0.00061
sat0.65_g1,1,0.65,312.48,-6.9360,1.6,0.6502,0.0,0.192,0.00060
sat0.65_g1,1,0.65,312.98,-6.9360,1.6,0.6502,0.0,0.192,0.00060
sat0.65_g1,1,0.65,313.48,-6.9370,1.5,0.6502,0.0,0.192,0.00059
sat0.65_g1,1,0.65,313.98,-6.9370,1.5,0.6502,0.0,0.192,0.00059
sat0.65_g1,1,0.65,314.48,-6.9380,1.5,0.6502,0.0,0.192,0.00058
sat0.65_g1,1,0.65,314.98,-6.9380,1.5,0.6502,0.0,0.192,0.00058
sat0.65_g1,1,0.65,315.48,-6.9390,1.5,0.6502,0.0,0.192,0.00057
sat0.65_g1,1,0.65,315.98,-6.9400,1.5,0.6502,0.0,0.192,0.00057
sat0.65_g1,1,0.65,316.48,-6.9400,1.5,0.6502,0.0,0.192,0.00056
sat0.65_g1,1,0.65,316.98,-6.9410,1.5,0.6502,0.0,0.192,0.00056
sat0.65_g1,1,0.65,317.48,-6.9410,1.4,0.6502,0.0,0.191,0.00056
sat0.65_g1,1,0.65,317.98,-6.9420,1.4,0.6502,0.0,0.191,0.00055
sat0.65_g1,1,0.65,318.48,-6.9420,1.4,0.6502,0.0,0.191,0.00055
sat0.65_g1,1,0.65,318.98,-6.9430,1.4,0.6502,0.0,0.191,0.00054
sat0.65_g1,1,0.65,319.48,-6.9430,1.4,0.6502,0.0,0.191,0.00054
sat0.65_g1,1,0.65,319.98,-6.9440,1.4,0.6502,0.0,0.191,0.00053
sat0.65_g1,1,0.65,320.48,-6.9440,1.4,0.6502,0.0,0.191,0.00053
sat0.65_g1,1,0.65,320.98,-6.9450,1.4,0.6502,0.0,0.191,0.00052
sat0.65_g1,1,0.65,321.48,-6.9450,1.3,0.6502,0.0,0.191,0.00052
sat0.65_g1,1,0.65,321.98,-6.9450,1.3,0.6502,0.0,0.191,0.00051
sat0.65_g1,1,0.65,322.48,-6.9460,1.3,0.6502,0.0,0.191,0.00051
sat0.65_g1,1,0.65,322.98,-6.9460,1.3,0.6502,0.0,0.191,0.00051
sat0.65_g1,1,0.65,323.48,-6.9470,1.3,0.6502,0.0,0.191,0.00050
sat0.65_g1,1,0.65,323.98,-6.9470,1.3,0.6502,0.0,0.191,0.00050
sat0.65_g1,1,0.65,324.48,-6.9480,1.3,0.6502,0.0,0.191,0.00049
sat0.65_g1,1,0.65,324.98,-6.9480,1.3,0.6502,0.0,0.191,0.00049
sat0.65_g1,1,0.65,325.48,-6.9490,1.3,0.6502,0.0,0.191,0.00048
sat0.65_g1,1,0.65,325.98,-6.9490,1.2,0.6502,0.0,0.191,0.00048
sat0.65_g1,1,0.65,326.48,-6.9500,1.2,0.6502,0.0,0.191,0.00048
sat0.65_g1,1,0.65,326.98,-6.9500,1.2,0.6502,0.0,0.191,0.00047
sat0.65_g1,1,0.65,327.48,-6.9500,1.2,0.6502,0.0,0.191,0.00047
sat0.65_g1,1,0.65,327.98,-6.9510,1.2,0.6502,0.0,0.191,0.00046
sat0.65_g1,1,0.65,328.48,-6.9510,1.2,0.6502,0.0,0.191,0.00046
sat0.65_g1,1,0.65,328.98,-6.9520,1.2,0.6502,0.0,0.191,0.00046
sat0.65_g1,1,0.65,329.48,-6.9520,1.2,0.6502,0.0,0.191,0.00045
sat0.65_g1,1,0.65,329.98,-6.9530,1.2,0.6502,0.0,0.191,0.00045
sat0.65_g1,1,0.65,330.48,-6.9530,1.1,0.6502,0.0,0.191,0.00044
sat0.65_g1,1,0.65,330.98,-6.9530,1.1,0.6502,0.0,0.191,0.00044
sat0.65_g1,1,0.65,331.48,-6.9540,1.1,0.6502,0.0,0.191,0.00044
sat0.65_g1,1,0.65,331.98,-6.9540,1.1,0.6502,0.0,0.191,0.00043
sat0.65_g1,1,0.65,332.48,-6.9550,1.1,0.6502,0.0,0.191,0.00043
sat0.65_g1,1,0.65,332.98,-6.9550,1.1,0.6502,0.0,0.191,0.00043
sat0.65_g1,1,0.65,333.48,-6.9550,1.1,0.6502,0.0,0.191,0.00042
sat0.65_g1,1,0.65,333.98,-6.9560,1.1,0.6502,0.0,0.191,0.00042
sat0.65_g1,1,0.65,334.48,-6.9560,1.1,0.6502,0.0,0.191,0.00042
sat0.65_g1,1,0.65,334.98,-6.9570,1.1,0.6502,0.0,0.191,0.00041
sat0.65_g1,1,0.65,335.48,-6.9570,1.1,0.6502,0.0,0.191,0.00041
sat0.65_g1,1,0.65,335.98,-6.9570,1.0,0.6502,0.0,0.191,0.00040
sat0.65_g1,1,0.65,336.48,-6.9580,1.0,0.6502,0.0,0.191,0.00040
sat0.65_g1,1,0.65,336.98,-6.9580,1.0,0.6502,0.0,0.191,0.00040
sat0.65_g1,1,0.65,337.48,-6.9580,1.0,0.6502,0.0,0.191,0.00039
sat0.65_g1,1,0.65,337.98,-6.9590,1.0,0.6502,0.0,0.191,0.00039
sat0.65_g1,1,0.65,338.48,-6.9590,1.0,0.6502,0.0,0.191,0.00039
sat0.65_g1,1,0.65,338.98,-6.9590,1.0,0.6502,0.0,0.191,0.00038
sat0.65_g1,1,0.65,339.48,-6.9600,1.0,0.6502,0.0,0.191,0.00038
sat0.65_g1,1,0.65,339.98,-6.9600,1.0,0.6502,0.0,0.191,0.00038
sat0.65_g1,1,0.65,340.48,-6.9600,1.0,0.6502,0.0,0.191,0.00038
sat0.65_g1,1,0.65,340.98,-6.9610,1.0,0.6502,0.0,0.191,0.00037
sat0.65_g1,1,0.65,341.48,-6.9610,1.0,0.6502,0.0,0.191,0.00037
sat0.65_g1,1,0.65,341.98,-6.9610,0.9,0.6502,0.0,0.191,0.00036
sat0.65_g1,1,0.65,342.48,-6.9620,0.9,0.6502,0.0,0.191,0.00036
sat0.65_g1,1,0.65,342.98,-6.9620,0.9,0.6502,0.0,0.191,0.00036
sat0.65_g1,1,0.65,343.48,-6.9620,0.9,0.6502,0.0,0.191,0.00036
sat0.65_g1,1,0.65,343.98,-6.9630,0.9,0.6502,0.0,0.191,0.00035
sat0.65_g1,1,0.65,344.48,-6.9630,0.9,0.6502,0.0,0.191,0.00035
sat0.65_g1,1,0.65,344.98,-6.9630,0.9,0.6502,0.0,0.191,0.00035
sat0.65_g1,1,0.65,345.48,-6.9640,0.9,0.6502,0.0,0.191,0.00034
sat0.65_g1,1,0.65,345.98,-6.9640,0.9,0.6502,0.0,0.191,0.00034
sat0.65_g1,1,0.65,346.48,-6.9640,0.9,0.6502,0.0,0.191,0.00034
sat0.65_g1,1,0.65,346.98,-6.9650,0.9,0.6502,0.0,0.191,0.00034
sat0.65_g1,1,0.65,347.48,-6.9650,0.9,0.6502,0.0,0.191,0.00033
sat0.65_g1,1,0.65,347.98,-6.9650,0.8,0.6502,0.0,0.191,0.00033
sat0.65_g1,1,0.65,348.48,-6.9660,0.8,0.6502,0.0,0.191,0.00033
sat0.65_g1,1,0.65,348.98,-6.9660,0.8,0.6502,0.0,0.191,0.00032
sat0.65_g1,1,0.65,349.48,-6.9660,0.8,0.6502,0.0,0.191,0.00032
sat0.65_g1,1,0.65,349.98,-6.9660,0.8,0.6502,0.0,0.191,0.00032
sat0.65_g1,1,0.65,350.48,-6.9670,0.8,0.6502,0.0,0.191,0.00032
sat0.65_g1,1,0.65,350.98,-6.9670,0.8,0.6502,0.0,0.191,0.00031
sat0.65_g1,1,0.65,351.48,-6.9670,0.8,0.6502,0.0,0.191,0.00031
sat0.65_g1,1,0.65,351.98,-6.9680,0.8,0.6502,0.0,0.191,0.00031
sat0.65_g1,1,0.65,352.48,-6.9680,0.8,0.6502,0.0,0.191,0.00030
sat0.65_g1,1,0.65,352.98,-6.9680,0.8,0.6502,0.0,0.191,0.00030
sat0.65_g1,1,0.65,353.48,-6.9680,0.8,0.6502,0.0,0.191,0.00030
sat0.65_g1,1,0.65,353.98,-6.9690,0.8,0.6502,0.0,0.191,0.00030
sat0.65_g1,1,0.65,354.48,-6.9690,0.8,0.6502,0.0,0.191,0.00029
sat0.65_g1,1,0.65,354.98,-6.9690,0.8,0.6502,0.0,0.191,0.00029
sat0.65_g1,1,0.65,355.48,-6.9700,0.7,0.6502,0.0,0.191,0.00029
sat0.65_g1,1,0.65,355.98,-6.9700,0.7,0.6502,0.0,0.191,0.00029
sat0.65_g1,1,0.65,356.48,-6.9700,0.7,0.6502,0.0,0.191,0.00028
sat0.65_g1,1,0.65,356.98,-6.9700,0.7,0.6502,0.0,0.191,0.00028
sat0.65_g1,1,0.65,357.48,-6.9710,0.7,0.6502,0.0,0.191,0.00028
sat0.65_g1,1,0.65,357.98,-6.9710,0.7,0.6502,0.0,0.191,0.00028
sat0.65_g1,1,0.65,358.48,-6.9710,0.7,0.6502,0.0,0.191,0.00028
sat0.65_g1,1,0.65,358.98,-6.9710,0.7,0.6502,0.0,0.191,0.00027
sat0.65_g1,1,0.65,359.48,-6.9720,0.7,0.6502,0.0,0.191,0.00027
sat0.65_g1,1,0.65,359.98,-6.9720,0.7,0.6502,0.0,0.191,0.00027
sat0.65_g1,1,0.65,360.48,-6.9720,0.7,0.6502,0.0,0.191,0.00027
sat0.65_g1,1,0.65,360.98,-6.9720,0.7,0.6502,0.0,0.191,0.00026
sat0.65_g1,1,0.65,361.48,-6.9730,0.7,0.6502,0.0,0.191,0.00026
sat0.65_g1,1,0.65,361.98,-6.9730,0.7,0.6502,0.0,0.191,0.00026
sat0.65_g1,1,0.65,362.48,-6.9730,0.7,0.6502,0.0,0.191,0.00026
sat0.65_g1,1,0.65,362.98,-6.9730,0.7,0.6502,0.0,0.191,0.00025
sat0.65_g1,1,0.65,363.48,-6.9730,0.6,0.6502,0.0,0.191,0.00025
sat0.65_g1,1,0.65,363.98,-6.9740,0.6,0.6502,0.0,0.191,0.00025
sat0.65_g1,1,0.65,364.48,-6.9740,0.6,0.6502,0.0,0.191,0.00025
sat0.65_g1,1,0.65,364.98,-6.9740,0.6,0.6502,0.0,0.191,0.00025
sat0.65_g1,1,0.65,365.48,-6.9740,0.6,0.6502,0.0,0.191,0.00024
sat0.65_g1,1,0.65,365.98,-6.9750,0.6,0.6502,0.0,0.191,0.00024
sat0.65_g1,1,0.65,366.48,-6.9750,0.6,0.6502,0.0,0.191,0.00024
sat0.65_g1,1,0.65,366.98,-6.9750,0.6,0.6502,0.0,0.191,0.00024
sat0.65_g1,1,0.65,367.48,-6.9750,0.6,0.6502,0.0,0.191,0.00023
sat0.65_g1,1,0.65,367.98,-6.9750,0.6,0.6502,0.0,0.191,0.00023
sat0.65_g1,1,0.65,368.48,-6.9760,0.6,0.6502,0.0,0.191,0.00023
sat0.65_g1,1,0.65,368.98,-6.9760,0.6,0.6502,0.0,NaN,0.00023
sat0.65_g1,1,0.65,369.48,-6.9760,0.6,0.6502,0.0,NaN,0.00023
sat0.65_g1,1,0.65,369.98,-6.9760,0.6,0.6502,0.0,NaN,0.00022
sat0.65_g1,1,0.65,370.48,-6.9770,0.6,0.6502,0.0,NaN,0.00022
sat0.65_g1,1,0.65,370.98,-6.9770,0.6,0.6502,0.0,NaN,0.00022
sat0.65_g1,1,0.65,371.48,-6.9770,0.6,0.6502,0.0,NaN,0.00022
sat0.65_g1,1,0.65,371.98,-6.9770,0.6,0.6502,0.0,NaN,0.00022
sat0.65_g1,1,0.65,372.48,-6.9770,0.6,0.6502,0.0,NaN,0.00022
sat0.65_g1,1,0.65,372.98,-6.9780,0.6,0.6502,0.0,NaN,0.00021
sat0.65_g1,1,0.65,373.48,-6.9780,0.5,0.6502,0.0,NaN,0.00021
sat0.65_g1,1,0.65,373.98,-6.9780,0.5,0.6502,0.0,NaN,0.00021
sat0.65_g1,1,0.65,374.48,-6.9780,0.5,0.6502,0.0,NaN,0.00021
sat0.65_g1,1,0.65,374.98,-6.9780,0.5,0.6502,0.0,NaN,0.00021
sat0.65_g1,1,0.65,375.48,-6.9780,0.5,0.6502,0.0,NaN,0.00020
sat0.65_g1,1,0.65,375.98,-6.9790,0.5,0.6502,0.0,NaN,0.00020
sat0.65_g1,1,0.65,376.48,-6.9790,0.5,0.6502,0.0,NaN,0.00020
sat0.65_g1,1,0.65,376.98,-6.9790,0.5,0.6502,0.0,NaN,0.00020
sat0.65_g1,1,0.65,377.48,-6.9790,0.5,0.6502,0.0,NaN,0.00020
sat0.65_g1,1,0.65,377.98,-6.9790,0.5,0.6502,0.0,NaN,0.00020
sat0.65_g1,1,0.65,378.48,-6.9800,0.5,0.6502,0.0,NaN,0.00019
sat0.65_g1,1,0.65,378.98,-6.9800,0.5,0.6502,0.0,NaN,0.00019
sat0.65_g1,1,0.65,379.48,-6.9800,0.5,0.6502,0.0,NaN,0.00019
sat0.65_g1,1,0.65,379.98,-6.9800,0.5,0.6502,0.0,NaN,0.00019
sat0.65_g1,1,0.65,380.48,-6.9800,0.5,0.6502,0.0,NaN,0.00019
sat0.65_g1,1,0.65,380.98,-6.9800,0.5,0.6502,0.0,NaN,0.00019
sat0.65_g1,1,0.65,381.48,-6.9810,0.5,0.6502,0.0,NaN,0.00018
sat0.65_g1,1,0.65,381.98,-6.9810,0.5,0.6502,0.0,NaN,0.00018
sat0.65_g1,1,0.65,382.48,-6.9810,0.5,0.6502,0.0,NaN,0.00018
sat0.65_g1,1,0.65,382.98,-6.9810,0.5,0.6502,0.0,NaN,0.00018
sat0.65_g1,1,0.65,383.48,-6.9810,0.5,0.6502,0.0,NaN,0.00018
sat0.65_g1,1,0.65,383.98,-6.9810,0.5,0.6502,0.0,NaN,0.00018
sat0.65_g1,1,0.65,384.48,-6.9820,0.5,0.6502,0.0,NaN,0.00017
sat0.65_g1,1,0.65,384.98,-6.9820,0.4,0.6502,0.0,NaN,0.00017
sat0.65_g1,1,0.65,385.48,-6.9820,0.4,0.6502,0.0,NaN,0.00017
sat0.65_g1,1,0.65,385.98,-6.9820,0.4,0.6502,0.0,NaN,0.00017
sat0.65_g1,1,0.65,386.48,-6.9820,0.4,0.6502,0.0,NaN,0.00017
sat0.65_g1,1,0.65,386.98,-6.9820,0.4,0.6502,0.0,NaN,0.00017
sat0.65_g1,1,0.65,387.48,-6.9830,0.4,0.6502,0.0,NaN,0.00017
sat0.65_g1,1,0.65,387.98,-6.9830,0.4,0.6502,0.0,NaN,0.00016
sat0.65_g1,1,0.65,388.48,-6.9830,0.4,0.6502,0.0,NaN,0.00016
sat0.65_g1,1,0.65,388.98,-6.9830,0.4,0.6502,0.0,NaN,0.00016
sat0.65_g1,1,0.65,389.48,-6.9830,0.4,0.6502,0.0,NaN,0.00016
sat0.65_g1,1,0.65,389.98,-6.9830,0.4,0.6502,0.0,NaN,0.00016
sat0.65_g1,1,0.65,390.48,-6.9830,0.4,0.6502,0.0,NaN,0.00016
sat0.65_g1,1,0.65,390.98,-6.9840,0.4,0.6502,0.0,NaN,0.00016
sat0.65_g1,1,0.65,391.48,-6.9840,0.4,0.6502,0.0,NaN,0.00015
sat0.65_g1,1,0.65,391.98,-6.9840,0.4,0.6502,0.0,NaN,0.00015
sat0.65_g1,1,0.65,392.48,-6.9840,0.4,0.6502,0.0,NaN,0.00015
sat0.65_g1,1,0.65,392.98,-6.9840,0.4,0.6502,0.0,NaN,0.00015
sat0.65_g1,1,0.65,393.48,-6.9840,0.4,0.6502,0.0,NaN,0.00015
sat0.65_g1,1,0.65,393.98,-6.9840,0.4,0.6502,0.0,NaN,0.00015
sat0.65_g1,1,0.65,394.48,-6.9850,0.4,0.6502,0.0,NaN,0.00015
sat0.65_g1,1,0.65,394.98,-6.9850,0.4,0.6502,0.0,NaN,0.00015
sat0.65_g1,1,0.65,395.48,-6.9850,0.4,0.6502,0.0,NaN,0.00015
sat0.65_g1,1,0.65,395.98,-6.9850,0.4,0.6502,0.0,NaN,0.00014
sat0.65_g1,1,0.65,396.48,-6.9850,0.4,0.6502,0.0,NaN,0.00014
sat0.65_g1,1,0.65,396.98,-6.9850,0.4,0.6502,0.0,NaN,0.00014
sat0.65_g1,1,0.65,397.48,-6.9850,0.4,0.6502,0.0,NaN,0.00014
sat0.65_g1,1,0.65,397.98,-6.9850,0.4,0.6502,0.0,NaN,0.00014
sat0.65_g1,1,0.65,398.48,-6.9860,0.4,0.6502,0.0,NaN,0.00014
sat0.65_g1,1,0.65,398.98,-6.9860,0.4,0.6502,0.0,NaN,0.00014
sat0.65_g1,1,0.65,399.48,-6.9860,0.3,0.6502,0.0,NaN,0.00014
sat0.65_g1,1,0.65,399.98,-6.9860,0.3,0.6502,0.0,NaN,0.00013
sat0.65_g1,1,0.65,400.48,-6.9860,0.3,0.6502,0.0,NaN,0.00013
sat0.65_g1,1,0.65,400.98,-6.9860,0.3,0.6502,0.0,NaN,0.00013
sat0.65_g1,1,0.65,401.48,-6.9860,0.3,0.6502,0.0,NaN,0.00013
sat0.65_g1,1,0.65,401.98,-6.9860,0.3,0.6502,0.0,NaN,0.00013
sat0.65_g1,1,0.65,402.48,-6.9870,0.3,0.6502,0.0,NaN,0.00013
sat0.65_g1,1,0.65,402.98,-6.9870,0.3,0.6502,0.0,NaN,0.00013
sat0.65_g1,1,0.65,403.48,-6.9870,0.3,0.6502,0.0,NaN,0.00013
sat0.65_g1,1,0.65,403.98,-6.9870,0.3,0.6502,0.0,NaN,0.00013
sat0.65_g1,1,0.65,404.48,-6.9870,0.3,0.6502,0.0,NaN,0.00012
sat0.65_g1,1,0.65,404.98,-6.9870,0.3,0.6502,0.0,NaN,0.00012
sat0.65_g1,1,0.65,405.48,-6.9870,0.3,0.6502,0.0,NaN,0.00012
sat0.65_g1,1,0.65,405.98,-6.9870,0.3,0.6502,0.0,NaN,0.00012
sat0.65_g1,1,0.65,406.48,-6.9870,0.3,0.6502,0.0,NaN,0.00012
sat0.65_g1,1,0.65,406.98,-6.9880,0.3,0.6502,0.0,NaN,0.00012
sat0.65_g1,1,0.65,407.48,-6.9880,0.3,0.6502,0.0,NaN,0.00012
sat0.65_g1,1,0.65,407.98,-6.9880,0.3,0.6502,0.0,NaN,0.00012
sat0.65_g1,1,0.65,408.48,-6.9880,0.3,0.6502,0.0,NaN,0.00012
sat0.65_g1,1,0.65,408.98,-6.9880,0.3,0.6502,0.0,NaN,0.00012
sat0.65_g1,1,0.65,409.48,-6.9880,0.3,0.6502,0.0,NaN,0.00011
sat0.65_g1,1,0.65,409.98,-6.9880,0.3,0.6502,0.0,NaN,0.00011
sat0.65_g1,1,0.65,410.48,-6.9880,0.3,0.6502,0.0,NaN,0.00011
sat0.65_g1,1,0.65,410.98,-6.9880,0.3,0.6502,0.0,NaN,0.00011
sat0.65_g1,1,0.65,411.48,-6.9880,0.3,0.6502,0.0,NaN,0.00011
sat0.65_g1,1,0.65,411.98,-6.9890,0.3,0.6502,0.0,NaN,0.00011
sat0.65_g1,1,0.65,412.48,-6.9890,0.3,0.6502,0.0,NaN,0.00011
sat0.65_g1,1,0.65,412.98,-6.9890,0.3,0.6502,0.0,NaN,0.00011
sat0.65_g1,1,0.65,413.48,-6.9890,0.3,0.6502,0.0,NaN,0.00011
sat0.65_g1,1,0.65,413.98,-6.9890,0.3,0.6502,0.0,NaN,0.00011
sat0.65_g1,1,0.65,414.48,-6.9890,0.3,0.6502,0.0,NaN,0.00010
sat0.65_g1,1,0.65,414.98,-6.9890,0.3,0.6502,0.0,NaN,0.00010
sat0.65_g1,1,0.65,415.20,-6.9890,0.3,0.6502,0.0,NaN,0.00010
sat2.6_g1,1,2.6,0.50,-0.0350,98.4,0.0333,92.3,0.802,0.01280
sat2.6_g1,1,2.6,1.00,-0.0690,97.4,0.0647,88.3,0.513,0.01860
sat2.6_g1,1,2.6,1.50,-0.1020,96.7,0.0950,85.8,0.418,0.02010
sat2.6_g1,1,2.6,2.00,-0.1360,96.2,0.1246,84.1,0.374,0.02100
sat2.6_g1,1,2.6,2.50,-0.1700,95.7,0.1537,82.8,0.352,0.02140
sat2.6_g1,1,2.6,3.00,-0.2030,95.4,0.1823,81.7,0.339,0.02150
sat2.6_g1,1,2.6,3.50,-0.2360,95.0,0.2106,80.7,0.331,0.02150
sat2.6_g1,1,2.6,4.00,-0.2690,94.7,0.2386,79.7,0.325,0.02150
sat2.6_g1,1,2.6,4.50,-0.3020,94.5,0.2662,78.8,0.322,0.02140
sat2.6_g1,1,2.6,5.00,-0.3350,94.2,0.2935,77.8,0.319,0.02140
sat2.6_g1,1,2.6,5.50,-0.3680,93.9,0.3204,76.9,0.318,0.02130
sat2.6_g1,1,2.6,6.00,-0.4000,93.7,0.3471,76.0,0.317,0.02120
sat2.6_g1,1,2.6,6.50,-0.4330,93.4,0.3734,75.1,0.316,0.02110
sat2.6_g1,1,2.6,7.00,-0.4660,93.2,0.3994,74.2,0.315,0.02100
sat2.6_g1,1,2.6,7.50,-0.4980,93.0,0.4251,73.3,0.314,0.02090
sat2.6_g1,1,2.6,8.00,-0.5300,92.7,0.4505,72.4,0.314,0.02080
sat2.6_g1,1,2.6,8.50,-0.5630,92.5,0.4756,71.6,0.313,0.02080
sat2.6_g1,1,2.6,9.00,-0.5950,92.2,0.5004,70.7,0.313,0.02070
sat2.6_g1,1,2.6,9.50,-0.6270,92.0,0.5249,69.9,0.313,0.02060
sat2.6_g1,1,2.6,10.00,-0.6590,91.7,0.5491,69.1,0.312,0.02050
sat2.6_g1,1,2.6,10.50,-0.6910,91.5,0.5731,68.3,0.312,0.02040
sat2.6_g1,1,2.6,11.00,-0.7230,91.2,0.5967,67.4,0.311,0.02030
sat2.6_g1,1,2.6,11.50,-0.7540,91.0,0.6201,66.6,0.311,0.02020
sat2.6_g1,1,2.6,12.00,-0.7860,90.7,0.6432,65.9,0.311,0.02010
sat2.6_g1,1,2.6,12.50,-0.8180,90.5,0.6660,65.1,0.310,0.02000
sat2.6_g1,1,2.6,13.00,-0.8490,90.2,0.6885,64.3,0.310,0.01990
sat2.6_g1,1,2.6,13.50,-0.8800,90.0,0.7108,63.5,0.310,0.01980
sat2.6_g1,1,2.6,14.00,-0.9120,89.7,0.7328,62.8,0.309,0.01980
sat2.6_g1,1,2.6,14.50,-0.9430,89.5,0.7546,62.0,0.309,0.01970
sat2.6_g1,1,2.6,15.00,-0.9740,89.2,0.7761,61.3,0.309,0.01960
sat2.6_g1,1,2.6,15.50,-1.0050,89.0,0.7973,60.6,0.309,0.01950
sat2.6_g1,1,2.6,16.00,-1.0360,88.7,0.8183,59.9,0.308,0.01940
sat2.6_g1,1,2.6,16.50,-1.0670,88.5,0.8390,59.2,0.308,0.01930
sat2.6_g1,1,2.6,17.00,-1.0980,88.2,0.8595,58.5,0.308,0.01920
sat2.6_g1,1,2.6,17.50,-1.1290,88.0,0.8798,57.8,0.307,0.01910
sat2.6_g1,1,2.6,18.00,-1.1590,87.7,0.8998,57.1,0.307,0.01910
sat2.6_g1,1,2.6,18.50,-1.1900,87.4,0.9196,56.4,0.307,0.01900
sat2.6_g1,1,2.6,19.00,-1.2200,87.2,0.9391,55.7,0.306,0.01890
sat2.6_g1,1,2.6,19.50,-1.2500,86.9,0.9584,55.1,0.306,0.01880
sat2.6_g1,1,2.6,20.00,-1.2810,86.7,0.9775,54.4,0.306,0.01870
sat2.6_g1,1,2.6,20.50,-1.3110,86.4,0.9964,53.8,0.305,0.01860
sat2.6_g1,1,2.6,21.00,-1.3410,86.2,1.0150,53.2,0.305,0.01850
sat2.6_g1,1,2.6,21.50,-1.3710,85.9,1.0334,52.5,0.305,0.01850
sat2.6_g1,1,2.6,22.00,-1.4010,85.6,1.0516,51.9,0.304,0.01840
sat2.6_g1,1,2.6,22.50,-1.4310,85.4,1.0696,51.3,0.304,0.01830
sat2.6_g1,1,2.6,23.00,-1.4600,85.1,1.0874,50.7,0.304,0.01820
sat2.6_g1,1,2.6,23.50,-1.4900,84.9,1.1050,50.1,0.304,0.01810
sat2.6_g1,1,2.6,24.00,-1.5190,84.6,1.1223,49.5,0.303,0.01810
sat2.6_g1,1,2.6,24.50,-1.5490,84.3,1.1395,48.9,0.303,0.01800
sat2.6_g1,1,2.6,25.00,-1.5780,84.1,1.1564,48.4,0.303,0.01790
sat2.6_g1,1,2.6,25.50,-1.6070,83.8,1.1732,47.8,0.302,0.01780
sat2.6_g1,1,2.6,26.00,-1.6370,83.5,1.1897,47.2,0.302,0.01770
sat2.6_g1,1,2.6,26.50,-1.6660,83.3,1.2061,46.7,0.302,0.01760
sat2.6_g1,1,2.6,27.00,-1.6950,83.0,1.2222,46.1,0.301,0.01760
sat2.6_g1,1,2.6,27.50,-1.7230,82.8,1.2382,45.6,0.301,0.01750
sat2.6_g1,1,2.6,28.00,-1.7520,82.5,1.2540,45.0,0.301,0.01740
sat2.6_g1,1,2.6,28.50,-1.7810,82.2,1.2696,44.5,0.300,0.01730
sat2.6_g1,1,2.6,29.00,-1.8100,82.0,1.2850,44.0,0.300,0.01730
sat2.6_g1,1,2.6,29.50,-1.8380,81.7,1.3003,43.5,0.300,0.01720
sat2.6_g1,1,2.6,30.00,-1.8670,81.4,1.3153,43.0,0.300,0.01710
sat2.6_g1,1,2.6,30.50,-1.8950,81.2,1.3302,42.4,0.299,0.01700
sat2.6_g1,1,2.6,31.00,-1.9230,80.9,1.3449,41.9,0.299,0.01690
sat2.6_g1,1,2.6,31.50,-1.9510,80.6,1.3594,41.5,0.299,0.01690
sat2.6_g1,1,2.6,32.00,-1.9790,80.4,1.3738,41.0,0.298,0.01680
sat2.6_g1,1,2.6,32.50,-2.0070,80.1,1.3880,40.5,0.298,0.01670
sat2.6_g1,1,2.6,33.00,-2.0350,79.8,1.4020,40.0,0.298,0.01660
sat2.6_g1,1,2.6,33.50,-2.0630,79.5,1.4159,39.5,0.297,0.01660
sat2.6_g1,1,2.6,34.00,-2.0910,79.3,1.4296,39.1,0.297,0.01650
sat2.6_g1,1,2.6,34.50,-2.1180,79.0,1.4431,38.6,0.297,0.01640
sat2.6_g1,1,2.6,35.00,-2.1460,78.7,1.4565,38.2,0.297,0.01630
sat2.6_g1,1,2.6,35.50,-2.1730,78.5,1.4697,37.7,0.296,0.01630
sat2.6_g1,1,2.6,36.00,-2.2000,78.2,1.4828,37.3,0.296,0.01620
sat2.6_g1,1,2.6,36.50,-2.2280,77.9,1.4957,36.8,0.296,0.01610
sat2.6_g1,1,2.6,37.00,-2.2550,77.7,1.5085,36.4,0.295,0.01600
sat2.6_g1,1,2.6,37.50,-2.2820,77.4,1.5211,36.0,0.295,0.01600
sat2.6_g1,1,2.6,38.00,-2.3090,77.1,1.5336,35.6,0.295,0.01590
sat2.6_g1,1,2.6,38.50,-2.3350,76.8,1.5459,35.1,0.294,0.01580
sat2.6_g1,1,2.6,39.00,-2.3620,76.6,1.5581,34.7,0.294,0.01570
sat2.6_g1,1,2.6,39.50,-2.3890,76.3,1.5701,34.3,0.294,0.01570
sat2.6_g1,1,2.6,40.00,-2.4150,76.0,1.5820,33.9,0.293,0.01560
sat2.6_g1,1,2.6,40.50,-2.4420,75.7,1.5937,33.5,0.293,0.01550
sat2.6_g1,1,2.6,41.00,-2.4680,75.5,1.6054,33.1,0.293,0.01550
sat2.6_g1,1,2.6,41.50,-2.4940,75.2,1.6169,32.7,0.293,0.01540
sat2.6_g1,1,2.6,42.00,-2.5200,74.9,1.6282,32.4,0.292,0.01530
sat2.6_g1,1,2.6,42.50,-2.5470,74.6,1.6394,32.0,0.292,0.01520
sat2.6_g1,1,2.6,43.00,-2.5720,74.4,1.6505,31.6,0.292,0.01520
sat2.6_g1,1,2.6,43.50,-2.5980,74.1,1.6615,31.2,0.291,0.01510
sat2.6_g1,1,2.6,44.00,-2.6240,73.8,1.6723,30.9,0.291,0.01500
sat2.6_g1,1,2.6,44.50,-2.6500,73.5,1.6830,30.5,0.291,0.01500
sat2.6_g1,1,2.6,45.00,-2.6750,73.3,1.6936,30.1,0.290,0.01490
sat2.6_g1,1,2.6,45.50,-2.7010,73.0,1.7040,29.8,0.290,0.01480
sat2.6_g1,1,2.6,46.00,-2.7260,72.7,1.7144,29.4,0.290,0.01480
sat2.6_g1,1,2.6,46.50,-2.7520,72.4,1.7246,29.1,0.289,0.01470
sat2.6_g1,1,2.6,47.00,-2.7770,72.2,1.7346,28.8,0.289,0.01460
sat2.6_g1,1,2.6,47.50,-2.8020,71.9,1.7446,28.4,0.289,0.01460
sat2.6_g1,1,2.6,48.00,-2.8270,71.6,1.7544,28.1,0.289,0.01450
sat2.6_g1,1,2.6,48.50,-2.8520,71.3,1.7642,27.8,0.288,0.01440
sat2.6_g1,1,2.6,49.00,-2.8770,71.0,1.7738,27.4,0.288,0.01440
sat2.6_g1,1,2.6,49.50,-2.9010,70.8,1.7833,27.1,0.288,0.01430
sat2.6_g1,1,2.6,50.00,-2.9260,70.5,1.7926,26.8,0.287,0.01420
sat2.6_g1,1,2.6,50.50,-2.9500,70.2,1.8019,26.5,0.287,0.01420
sat2.6_g1,1,2.6,51.00,-2.9750,69.9,1.8111,26.2,0.287,0.01410
sat2.6_g1,1,2.6,51.50,-2.9990,69.6,1.8201,25.9,0.286,0.01400
sat2.6_g1,1,2.6,52.00,-3.0230,69.4,1.8291,25.6,0.286,0.01400
sat2.6_g1,1,2.6,52.50,-3.0480,69.1,1.8379,25.3,0.286,0.01390
sat2.6_g1,1,2.6,53.00,-3.0720,68.8,1.8467,25.0,0.285,0.01380
sat2.6_g1,1,2.6,53.50,-3.0950,68.5,1.8553,24.7,0.285,0.01380
sat2.6_g1,1,2.6,54.00,-3.1190,68.3,1.8639,24.4,0.285,0.01370
sat2.6_g1,1,2.6,54.50,-3.1430,68.0,1.8723,24.1,0.285,0.01370
sat2.6_g1,1,2.6,55.00,-3.1670,67.7,1.8807,23.8,0.284,0.01360
sat2.6_g1,1,2.6,55.50,-3.1900,67.4,1.8889,23.6,0.284,0.01350
sat2.6_g1,1,2.6,56.00,-3.2140,67.1,1.8971,23.3,0.284,0.01350
sat2.6_g1,1,2.6,56.50,-3.2370,66.9,1.9052,23.0,0.283,0.01340
sat2.6_g1,1,2.6,57.00,-3.2600,66.6,1.9131,22.7,0.283,0.01330
sat2.6_g1,1,2.6,57.50,-3.2840,66.3,1.9210,22.5,0.283,0.01330
sat2.6_g1,1,2.6,58.00,-3.3070,66.0,1.9288,22.2,0.282,0.01320
sat2.6_g1,1,2.6,58.50,-3.3300,65.7,1.9365,22.0,0.282,0.01320
sat2.6_g1,1,2.6,59.00,-3.3520,65.5,1.9441,21.7,0.282,0.01310
sat2.6_g1,1,2.6,59.50,-3.3750,65.2,1.9516,21.5,0.281,0.01300
sat2.6_g1,1,2.6,60.00,-3.3980,64.9,1.9591,21.2,0.281,0.01300
sat2.6_g1,1,2.6,60.50,-3.4200,64.6,1.9664,21.0,0.281,0.01290
sat2.6_g1,1,2.6,61.00,-3.4430,64.3,1.9737,20.7,0.280,0.01290
sat2.6_g1,1,2.6,61.50,-3.4650,64.1,1.9809,20.5,0.280,0.01280
sat2.6_g1,1,2.6,62.00,-3.4880,63.8,1.9880,20.2,0.280,0.01270
sat2.6_g1,1,2.6,62.50,-3.5100,63.5,1.9950,20.0,0.280,0.01270
sat2.6_g1,1,2.6,63.00,-3.5320,63.2,2.0019,19.8,0.279,0.01260
sat2.6_g1,1,2.6,63.50,-3.5540,62.9,2.0088,19.5,0.279,0.01260
sat2.6_g1,1,2.6,64.00,-3.5760,62.7,2.0156,19.3,0.279,0.01250
sat2.6_g1,1,2.6,64.50,-3.5970,62.4,2.0223,19.1,0.278,0.01240
sat2.6_g1,1,2.6,65.00,-3.6190,62.1,2.0289,18.9,0.278,0.01240
sat2.6_g1,1,2.6,65.50,-3.6410,61.8,2.0354,18.6,0.278,0.01230
sat2.6_g1,1,2.6,66.00,-3.6620,61.5,2.0419,18.4,0.277,0.01230
sat2.6_g1,1,2.6,66.50,-3.6840,61.3,2.0483,18.2,0.277,0.01220
sat2.6_g1,1,2.6,67.00,-3.7050,61.0,2.0546,18.0,0.277,0.01220
sat2.6_g1,1,2.6,67.50,-3.7260,60.7,2.0609,17.8,0.276,0.01210
sat2.6_g1,1,2.6,68.00,-3.7470,60.4,2.0670,17.6,0.276,0.01200
sat2.6_g1,1,2.6,68.50,-3.7680,60.1,2.0732,17.4,0.276,0.01200
sat2.6_g1,1,2.6,69.00,-3.7890,59.9,2.0792,17.2,0.276,0.01190
sat2.6_g1,1,2.6,69.50,-3.8100,59.6,2.0852,17.0,0.275,0.01190
sat2.6_g1,1,2.6,70.00,-3.8310,59.3,2.0911,16.8,0.275,0.01180
sat2.6_g1,1,2.6,70.50,-3.8510,59.0,2.0969,16.6,0.275,0.01180
sat2.6_g1,1,2.6,71.00,-3.8720,58.8,2.1026,16.4,0.274,0.01170
sat2.6_g1,1,2.6,71.50,-3.8920,58.5,2.1083,16.2,0.274,0.01170
sat2.6_g1,1,2.6,72.00,-3.9130,58.2,2.1140,16.0,0.274,0.01160
sat2.6_g1,1,2.6,72.50,-3.9330,57.9,2.1195,15.8,0.273,0.01160
sat2.6_g1,1,2.6,73.00,-3.9530,57.6,2.1250,15.7,0.273,0.01150
sat2.6_g1,1,2.6,73.50,-3.9730,57.4,2.1305,15.5,0.273,0.01150
sat2.6_g1,1,2.6,74.00,-3.9930,57.1,2.1358,15.3,0.273,0.01140
sat2.6_g1,1,2.6,74.50,-4.0130,56.8,2.1411,15.1,0.272,0.01140
sat2.6_g1,1,2.6,75.00,-4.0320,56.5,2.1464,14.9,0.272,0.01130
sat2.6_g1,1,2.6,75.50,-4.0520,56.3,2.1515,14.8,0.272,0.01130
sat2.6_g1,1,2.6,76.00,-4.0720,56.0,2.1567,14.6,0.271,0.01120
sat2.6_g1,1,2.6,76.50,-4.0910,55.7,2.1617,14.4,0.271,0.01120
sat2.6_g1,1,2.6,77.00,-4.1100,55.4,2.1667,14.3,0.271,0.01110
sat2.6_g1,1,2.6,77.50,-4.1300,55.2,2.1716,14.1,0.270,0.01110
sat2.6_g1,1,2.6,78.00,-4.1490,54.9,2.1765,13.9,0.270,0.01100
sat2.6_g1,1,2.6,78.50,-4.1680,54.6,2.1813,13.8,0.270,0.01100
sat2.6_g1,1,2.6,79.00,-4.1870,54.4,2.1861,13.6,0.270,0.01090
sat2.6_g1,1,2.6,79.50,-4.2060,54.1,2.1908,13.5,0.269,0.01090
sat2.6_g1,1,2.6,80.00,-4.2250,53.8,2.1955,13.3,0.269,0.01080
sat2.6_g1,1,2.6,80.50,-4.2430,53.5,2.2000,13.1,0.269,0.01080
sat2.6_g1,1,2.6,81.00,-4.2620,53.3,2.2046,13.0,0.268,0.01070
sat2.6_g1,1,2.6,81.50,-4.2800,53.0,2.2091,12.8,0.268,0.01070
sat2.6_g1,1,2.6,82.00,-4.2990,52.7,2.2135,12.7,0.268,0.01060
sat2.6_g1,1,2.6,82.50,-4.3170,52.5,2.2179,12.6,0.268,0.01060
sat2.6_g1,1,2.6,83.00,-4.3360,52.2,2.2222,12.4,0.267,0.01050
sat2.6_g1,1,2.6,83.49,-4.3540,51.9,2.2265,12.3,0.267,0.01050
sat2.6_g1,1,2.6,83.99,-4.3720,51.6,2.2308,12.1,0.267,0.01040
sat2.6_g1,1,2.6,84.49,-4.3900,51.4,2.2349,12.0,0.266,0.01040
sat2.6_g1,1,2.6,84.99,-4.4080,51.1,2.2391,11.8,0.266,0.01040
sat2.6_g1,1,2.6,85.49,-4.4250,50.8,2.2432,11.7,0.266,0.01030
sat2.6_g1,1,2.6,85.99,-4.4430,50.6,2.2472,11.6,0.265,0.01030
sat2.6_g1,1,2.6,86.49,-4.4610,50.3,2.2512,11.4,0.265,0.01020
sat2.6_g1,1,2.6,86.99,-4.4780,50.0,2.2552,11.3,0.265,0.01020
sat2.6_g1,1,2.6,87.49,-4.4960,49.8,2.2591,11.2,0.265,0.01010
sat2.6_g1,1,2.6,87.99,-4.5130,49.5,2.2629,11.1,0.264,0.01010
sat2.6_g1,1,2.6,88.49,-4.5300,49.2,2.2668,10.9,0.264,0.01000
sat2.6_g1,1,2.6,88.99,-4.5470,49.0,2.2705,10.8,0.264,0.00999
sat2.6_g1,1,2.6,89.49,-4.5640,48.7,2.2743,10.7,0.263,0.00995
sat2.6_g1,1,2.6,89.99,-4.5810,48.5,2.2780,10.6,0.263,0.00990
sat2.6_g1,1,2.6,90.49,-4.5980,48.2,2.2816,10.4,0.263,0.00986
sat2.6_g1,1,2.6,90.99,-4.6150,47.9,2.2852,10.3,0.263,0.00982
sat2.6_g1,1,2.6,91.49,-4.6310,47.7,2.2888,10.2,0.262,0.00977
sat2.6_g1,1,2.6,91.99,-4.6480,47.4,2.2923,10.1,0.262,0.00973
sat2.6_g1,1,2.6,92.49,-4.6640,47.1,2.2958,10.0,0.262,0.00969
sat2.6_g1,1,2.6,92.99,-4.6810,46.9,2.2992,9.9,0.261,0.00964
sat2.6_g1,1,2.6,93.49,-4.6970,46.6,2.3026,9.7,0.261,0.00960
sat2.6_g1,1,2.6,93.99,-4.7130,46.4,2.3060,9.6,0.261,0.00956
sat2.6_g1,1,2.6,94.49,-4.7290,46.1,2.3093,9.5,0.261,0.00951
sat2.6_g1,1,2.6,94.99,-4.7450,45.8,2.3126,9.4,0.260,0.00947
sat2.6_g1,1,2.6,95.49,-4.7610,45.6,2.3159,9.3,0.260,0.00943
sat2.6_g1,1,2.6,95.99,-4.7770,45.3,2.3191,9.2,0.260,0.00939
sat2.6_g1,1,2.6,96.49,-4.7930,45.1,2.3223,9.1,0.259,0.00934
sat2.6_g1,1,2.6,96.99,-4.8090,44.8,2.3254,9.0,0.259,0.00930
sat2.6_g1,1,2.6,97.49,-4.8240,44.6,2.3285,8.9,0.259,0.00926
sat2.6_g1,1,2.6,97.99,-4.8400,44.3,2.3316,8.8,0.259,0.00922
sat2.6_g1,1,2.6,98.49,-4.8550,44.1,2.3346,8.7,0.258,0.00918
sat2.6_g1,1,2.6,98.99,-4.8700,43.8,2.3376,8.6,0.258,0.00913
sat2.6_g1,1,2.6,99.49,-4.8860,43.6,2.3406,8.5,0.258,0.00909
sat2.6_g1,1,2.6,99.99,-4.9010,43.3,2.3436,8.4,0.257,0.00905
sat2.6_g1,1,2.6,100.49,-4.9160,43.1,2.3465,8.3,0.257,0.00901
sat2.6_g1,1,2.6,100.99,-4.9310,42.8,2.3493,8.2,0.257,0.00897
sat2.6_g1,1,2.6,101.49,-4.9460,42.6,2.3522,8.1,0.257,0.00893
sat2.6_g1,1,2.6,101.99,-4.9600,42.3,2.3550,8.0,0.256,0.00889
sat2.6_g1,1,2.6,102.49,-4.9750,42.1,2.3577,7.9,0.256,0.00885
sat2.6_g1,1,2.6,102.99,-4.9900,41.8,2.3605,7.8,0.256,0.00881
sat2.6_g1,1,2.6,103.49,-5.0040,41.6,2.3632,7.7,0.255,0.00877
sat2.6_g1,1,2.6,103.99,-5.0190,41.3,2.3659,7.6,0.255,0.00873
sat2.6_g1,1,2.6,104.49,-5.0330,41.1,2.3685,7.6,0.255,0.00869
sat2.6_g1,1,2.6,104.99,-5.0470,40.8,2.3711,7.5,0.255,0.00865
sat2.6_g1,1,2.6,105.49,-5.0610,40.6,2.3737,7.4,0.254,0.00861
sat2.6_g1,1,2.6,105.99,-5.0750,40.4,2.3763,7.3,0.254,0.00857
sat2.6_g1,1,2.6,106.49,-5.0890,40.1,2.3788,7.2,0.254,0.00853
sat2.6_g1,1,2.6,106.99,-5.1030,39.9,2.3813,7.1,0.254,0.00849
sat2.6_g1,1,2.6,107.49,-5.1170,39.6,2.3838,7.1,0.253,0.00845
sat2.6_g1,1,2.6,107.99,-5.1310,39.4,2.3862,7.0,0.253,0.00841
sat2.6_g1,1,2.6,108.49,-5.1450,39.1,2.3886,6.9,0.253,0.00837
sat2.6_g1,1,2.6,108.99,-5.1580,38.9,2.3910,6.8,0.252,0.00833
sat2.6_g1,1,2.6,109.49,-5.1720,38.7,2.3934,6.7,0.252,0.00829
sat2.6_g1,1,2.6,109.99,-5.1850,38.4,2.3957,6.7,0.252,0.00825
sat2.6_g1,1,2.6,110.49,-5.1990,38.2,2.3980,6.6,0.252,0.00821
sat2.6_g1,1,2.6,110.99,-5.2120,38.0,2.4003,6.5,0.251,0.00817
sat2.6_g1,1,2.6,111.49,-5.2250,37.7,2.4026,6.4,0.251,0.00814
sat2.6_g1,1,2.6,111.99,-5.2380,37.5,2.4048,6.4,0.251,0.00810
sat2.6_g1,1,2.6,112.49,-5.2510,37.3,2.4070,6.3,0.250,0.00806
sat2.6_g1,1,2.6,112.99,-5.2640,37.0,2.4092,6.2,0.250,0.00802
sat2.6_g1,1,2.6,113.49,-5.2770,36.8,2.4114,6.1,0.250,0.00798
sat2.6_g1,1,2.6,113.99,-5.2900,36.6,2.4135,6.1,0.250,0.00795
sat2.6_g1,1,2.6,114.49,-5.3030,36.3,2.4156,6.0,0.249,0.00791
sat2.6_g1,1,2.6,114.99,-5.3150,36.1,2.4177,5.9,0.249,0.00787
sat2.6_g1,1,2.6,115.49,-5.3280,35.9,2.4198,5.9,0.249,0.00783
sat2.6_g1,1,2.6,115.99,-5.3400,35.7,2.4218,5.8,0.249,0.00780
sat2.6_g1,1,2.6,116.49,-5.3530,35.4,2.4238,5.7,0.248,0.00776
sat2.6_g1,1,2.6,116.99,-5.3650,35.2,2.4258,5.7,0.248,0.00772
sat2.6_g1,1,2.6,117.49,-5.3770,35.0,2.4278,5.6,0.248,0.00768
sat2.6_g1,1,2.6,117.99,-5.3900,34.8,2.4297,5.5,0.247,0.00765
sat2.6_g1,1,2.6,118.49,-5.4020,34.5,2.4316,5.5,0.247,0.00761
sat2.6_g1,1,2.6,118.99,-5.4140,34.3,2.4335,5.4,0.247,0.00758
sat2.6_g1,1,2.6,119.49,-5.4260,34.1,2.4354,5.4,0.247,0.00754
sat2.6_g1,1,2.6,119.99,-5.4370,33.9,2.4373,5.3,0.246,0.00750
sat2.6_g1,1,2.6,120.49,-5.4490,33.7,2.4391,5.2,0.246,0.00747
sat2.6_g1,1,2.6,120.99,-5.4610,33.4,2.4409,5.2,0.246,0.00745
sat2.6_g1,1,2.6,121.49,-5.4720,33.2,2.4427,5.1,0.246,0.00742
sat2.6_g1,1,2.6,121.99,-5.4840,33.0,2.4445,5.1,0.245,0.00739
sat2.6_g1,1,2.6,122.49,-5.4960,32.8,2.4463,5.0,0.245,0.00736
sat2.6_g1,1,2.6,122.99,-5.5070,32.6,2.4480,4.9,0.245,0.00733
sat2.6_g1,1,2.6,123.49,-5.5180,32.4,2.4497,4.9,0.244,0.00731
sat2.6_g1,1,2.6,123.99,-5.5290,32.2,2.4514,4.8,0.244,0.00728
sat2.6_g1,1,2.6,124.49,-5.5410,31.9,2.4531,4.8,0.244,0.00725
sat2.6_g1,1,2.6,124.99,-5.5520,31.7,2.4548,4.7,0.244,0.00722
sat2.6_g1,1,2.6,125.49,-5.5630,31.5,2.4564,4.7,0.243,0.00719
sat2.6_g1,1,2.6,125.99,-5.5740,31.3,2.4580,4.6,0.243,0.00717
sat2.6_g1,1,2.6,126.49,-5.5850,31.1,2.4596,4.6,0.243,0.00714
sat2.6_g1,1,2.6,126.99,-5.5950,30.9,2.4612,4.5,0.243,0.00711
sat2.6_g1,1,2.6,127.49,-5.6060,30.7,2.4628,4.5,0.242,0.00708
sat2.6_g1,1,2.6,127.99,-5.6170,30.5,2.4644,4.4,0.242,0.00705
sat2.6_g1,1,2.6,128.49,-5.6270,30.3,2.4659,4.4,0.242,0.00703
sat2.6_g1,1,2.6,128.99,-5.6380,30.1,2.4674,4.3,0.242,0.00700
sat2.6_g1,1,2.6,129.49,-5.6480,29.9,2.4689,4.3,0.241,0.00697
sat2.6_g1,1,2.6,129.99,-5.6590,29.7,2.4704,4.2,0.241,0.00694
sat2.6_g1,1,2.6,130.49,-5.6690,29.5,2.4719,4.2,0.241,0.00692
sat2.6_g1,1,2.6,130.99,-5.6790,29.3,2.4733,4.1,0.240,0.00689
sat2.6_g1,1,2.6,131.49,-5.6890,29.1,2.4747,4.1,0.240,0.00686
sat2.6_g1,1,2.6,131.99,-5.7000,28.9,2.4762,4.0,0.240,0.00683
sat2.6_g1,1,2.6,132.49,-5.7100,28.7,2.4776,4.0,0.240,0.00681
sat2.6_g1,1,2.6,132.99,-5.7190,28.5,2.4789,3.9,0.239,0.00678
sat2.6_g1,1,2.6,133.49,-5.7290,28.3,2.4803,3.9,0.239,0.00675
sat2.6_g1,1,2.6,133.99,-5.7390,28.1,2.4817,3.8,0.239,0.00672
sat2.6_g1,1,2.6,134.49,-5.7490,27.9,2.4830,3.8,0.239,0.00670
sat2.6_g1,1,2.6,134.99,-5.7590,27.7,2.4843,3.7,0.238,0.00667
sat2.6_g1,1,2.6,135.49,-5.7680,27.5,2.4856,3.7,0.238,0.00664
sat2.6_g1,1,2.6,135.99,-5.7780,27.3,2.4869,3.7,0.238,0.00662
sat2.6_g1,1,2.6,136.49,-5.7870,27.1,2.4882,3.6,0.237,0.00659
sat2.6_g1,1,2.6,136.99,-5.7970,27.0,2.4895,3.6,0.237,0.00656
sat2.6_g1,1,2.6,137.49,-5.8060,26.8,2.4907,3.5,0.237,0.00653
sat2.6_g1,1,2.6,137.99,-5.8150,26.6,2.4920,3.5,0.237,0.00651
sat2.6_g1,1,2.6,138.49,-5.8250,26.4,2.4932,3.5,0.236,0.00648
sat2.6_g1,1,2.6,138.99,-5.8340,26.2,2.4944,3.4,0.236,0.00645
sat2.6_g1,1,2.6,139.49,-5.8430,26.0,2.4956,3.4,0.236,0.00643
sat2.6_g1,1,2.6,139.99,-5.8520,25.8,2.4968,3.3,0.236,0.00640
sat2.6_g1,1,2.6,140.49,-5.8610,25.7,2.4979,3.3,0.235,0.00637
sat2.6_g1,1,2.6,140.99,-5.8700,25.5,2.4991,3.3,0.235,0.00635
sat2.6_g1,1,2.6,141.49,-5.8790,25.3,2.5002,3.2,0.235,0.00632
sat2.6_g1,1,2.6,141.99,-5.8870,25.1,2.5014,3.2,0.235,0.00629
sat2.6_g1,1,2.6,142.49,-5.8960,24.9,2.5025,3.2,0.234,0.00627
sat2.6_g1,1,2.6,142.99,-5.9050,24.8,2.5036,3.1,0.234,0.00624
sat2.6_g1,1,2.6,143.49,-5.9130,24.6,2.5047,3.1,0.234,0.00621
sat2.6_g1,1,2.6,143.99,-5.9220,24.4,2.5058,3.0,0.234,0.00619
sat2.6_g1,1,2.6,144.49,-5.9300,24.2,2.5068,3.0,0.233,0.00616
sat2.6_g1,1,2.6,144.99,-5.9390,24.1,2.5079,3.0,0.233,0.00613
sat2.6_g1,1,2.6,145.49,-5.9470,23.9,2.5089,2.9,0.233,0.00611
sat2.6_g1,1,2.6,145.99,-5.9560,23.7,2.5100,2.9,0.232,0.00608
sat2.6_g1,1,2.6,146.49,-5.9640,23.6,2.5110,2.9,0.232,0.00605
sat2.6_g1,1,2.6,146.99,-5.9720,23.4,2.5120,2.8,0.232,0.00603
sat2.6_g1,1,2.6,147.49,-5.9800,23.2,2.5130,2.8,0.232,0.00600
sat2.6_g1,1,2.6,147.99,-5.9880,23.1,2.5140,2.8,0.231,0.00597
sat2.6_g1,1,2.6,148.49,-5.9960,22.9,2.5150,2.7,0.231,0.00595
sat2.6_g1,1,2.6,148.99,-6.0040,22.7,2.5159,2.7,0.231,0.00592
sat2.6_g1,1,2.6,149.49,-6.0120,22.6,2.5169,2.7,0.231,0.00590
sat2.6_g1,1,2.6,149.99,-6.0200,22.4,2.5178,2.7,0.230,0.00587
sat2.6_g1,1,2.6,150.49,-6.0280,22.2,2.5188,2.6,0.230,0.00585
sat2.6_g1,1,2.6,150.99,-6.0350,22.1,2.5197,2.6,0.230,0.00582
sat2.6_g1,1,2.6,151.49,-6.0430,21.9,2.5206,2.6,0.230,0.00580
sat2.6_g1,1,2.6,151.99,-6.0510,21.7,2.5215,2.5,0.229,0.00577
sat2.6_g1,1,2.6,152.49,-6.0580,21.6,2.5224,2.5,0.229,0.00575
sat2.6_g1,1,2.6,152.99,-6.0660,21.4,2.5233,2.5,0.229,0.00572
sat2.6_g1,1,2.6,153.49,-6.0730,21.3,2.5242,2.4,0.229,0.00570
sat2.6_g1,1,2.6,153.99,-6.0810,21.1,2.5250,2.4,0.228,0.00567
sat2.6_g1,1,2.6,154.49,-6.0880,21.0,2.5259,2.4,0.228,0.00565
sat2.6_g1,1,2.6,154.99,-6.0950,20.8,2.5267,2.4,0.228,0.00562
sat2.6_g1,1,2.6,155.49,-6.1020,20.6,2.5275,2.3,0.228,0.00560
sat2.6_g1,1,2.6,155.99,-6.1100,20.5,2.5284,2.3,0.227,0.00557
sat2.6_g1,1,2.6,156.49,-6.1170,20.3,2.5292,2.3,0.227,0.00555
sat2.6_g1,1,2.6,156.99,-6.1240,20.2,2.5300,2.3,0.227,0.00552
sat2.6_g1,1,2.6,157.49,-6.1310,20.0,2.5308,2.2,0.227,0.00550
sat2.6_g1,1,2.6,157.99,-6.1380,19.9,2.5316,2.2,0.226,0.00547
sat2.6_g1,1,2.6,158.49,-6.1450,19.7,2.5324,2.2,0.226,0.00545
sat2.6_g1,1,2.6,158.99,-6.1520,19.6,2.5331,2.2,0.226,0.00542
sat2.6_g1,1,2.6,159.49,-6.1580,19.5,2.5339,2.1,0.226,0.00540
sat2.6_g1,1,2.6,159.99,-6.1650,19.3,2.5346,2.1,0.225,0.00537
sat2.6_g1,1,2.6,160.49,-6.1720,19.2,2.5354,2.1,0.225,0.00535
sat2.6_g1,1,2.6,160.99,-6.1790,19.0,2.5361,2.1,0.225,0.00532
sat2.6_g1,1,2.6,161.49,-6.1850,18.9,2.5369,2.0,0.225,0.00530
sat2.6_g1,1,2.6,161.99,-6.1920,18.7,2.5376,2.0,0.224,0.00527
sat2.6_g1,1,2.6,162.49,-6.1980,18.6,2.5383,2.0,0.224,0.00525
sat2.6_g1,1,2.6,162.99,-6.2050,18.4,2.5390,2.0,0.224,0.00522
sat2.6_g1,1,2.6,163.49,-6.2110,18.3,2.5397,1.9,0.224,0.00520
sat2.6_g1,1,2.6,163.99,-6.2180,18.2,2.5404,1.9,0.223,0.00517
sat2.6_g1,1,2.6,164.49,-6.2240,18.0,2.5411,1.9,0.223,0.00515
sat2.6_g1,1,2.6,164.99,-6.2300,17.9,2.5417,1.9,0.223,0.00512
sat2.6_g1,1,2.6,165.49,-6.2370,17.8,2.5424,1.9,0.223,0.00510
sat2.6_g1,1,2.6,165.99,-6.2430,17.6,2.5431,1.8,0.223,0.00508
sat2.6_g1,1,2.6,166.49,-6.2490,17.5,2.5437,1.8,0.222,0.00505
sat2.6_g1,1,2.6,166.99,-6.2550,17.4,2.5444,1.8,0.222,0.00503
sat2.6_g1,1,2.6,167.49,-6.2610,17.2,2.5450,1.8,0.222,0.00500
sat2.6_g1,1,2.6,167.99,-6.2670,17.1,2.5456,1.8,0.222,0.00498
sat2.6_g1,1,2.6,168.49,-6.2730,17.0,2.5462,1.7,0.221,0.00495
sat2.6_g1,1,2.6,168.99,-6.2790,16.8,2.5469,1.7,0.221,0.00493
sat2.6_g1,1,2.6,169.49,-6.2850,16.7,2.5475,1.7,0.221,0.00490
sat2.6_g1,1,2.6,169.99,-6.2910,16.6,2.5481,1.7,0.221,0.00488
sat2.6_g1,1,2.6,170.49,-6.2970,16.4,2.5487,1.7,0.220,0.00486
sat2.6_g1,1,2.6,170.99,-6.3020,16.3,2.5493,1.6,0.220,0.00483
sat2.6_g1,1,2.6,171.49,-6.3080,16.2,2.5498,1.6,0.220,0.00481
sat2.6_g1,1,2.6,171.99,-6.3140,16.1,2.5504,1.6,0.220,0.00478
sat2.6_g1,1,2.6,172.49,-6.3200,15.9,2.5510,1.6,0.220,0.00476
sat2.6_g1,1,2.6,172.99,-6.3250,15.8,2.5515,1.6,0.219,0.00473
sat2.6_g1,1,2.6,173.49,-6.3310,15.7,2.5521,1.5,0.219,0.00471
sat2.6_g1,1,2.6,173.99,-6.3360,15.6,2.5526,1.5,0.219,0.00469
sat2.6_g1,1,2.6,174.49,-6.3420,15.4,2.5532,1.5,0.219,0.00466
sat2.6_g1,1,2.6,174.99,-6.3470,15.3,2.5537,1.5,0.218,0.00464
sat2.6_g1,1,2.6,175.49,-6.3520,15.2,2.5543,1.5,0.218,0.00462
sat2.6_g1,1,2.6,175.99,-6.3580,15.1,2.5548,1.5,0.218,0.00459
sat2.6_g1,1,2.6,176.49,-6.3630,15.0,2.5553,1.4,0.218,0.00457
sat2.6_g1,1,2.6,176.99,-6.3680,14.8,2.5558,1.4,0.218,0.00454
sat2.6_g1,1,2.6,177.49,-6.3730,14.7,2.5563,1.4,0.217,0.00452
sat2.6_g1,1,2.6,177.99,-6.3790,14.6,2.5568,1.4,0.217,0.00450
sat2.6_g1,1,2.6,178.49,-6.3840,14.5,2.5573,1.4,0.217,0.00447
sat2.6_g1,1,2.6,178.99,-6.3890,14.4,2.5578,1.4,0.217,0.00445
sat2.6_g1,1,2.6,179.49,-6.3940,14.3,2.5583,1.3,0.216,0.00443
sat2.6_g1,1,2.6,179.99,-6.3990,14.2,2.5588,1.3,0.216,0.00440
sat2.6_g1,1,2.6,180.49,-6.4040,14.0,2.5593,1.3,0.216,0.00438
sat2.6_g1,1,2.6,180.99,-6.4090,13.9,2.5597,1.3,0.216,0.00436
sat2.6_g1,1,2.6,181.49,-6.4140,13.8,2.5602,1.3,0.216,0.00433
sat2.6_g1,1,2.6,181.99,-6.4190,13.7,2.5606,1.3,0.215,0.00431
sat2.6_g1,1,2.6,182.49,-6.4230,13.6,2.5611,1.3,0.215,0.00429
sat2.6_g1,1,2.6,182.99,-6.4280,13.5,2.5615,1.2,0.215,0.00426
sat2.6_g1,1,2.6,183.49,-6.4330,13.4,2.5620,1.2,0.215,0.00424
sat2.6_g1,1,2.6,183.99,-6.4380,13.3,2.5624,1.2,0.215,0.00422
sat2.6_g1,1,2.6,184.49,-6.4420,13.2,2.5629,1.2,0.214,0.00420
sat2.6_g1,1,2.6,184.99,-6.4470,13.1,2.5633,1.2,0.214,0.00417
sat2.6_g1,1,2.6,185.49,-6.4510,13.0,2.5637,1.2,0.214,0.00415
sat2.6_g1,1,2.6,185.99,-6.4560,12.9,2.5641,1.2,0.214,0.00413
sat2.6_g1,1,2.6,186.49,-6.4600,12.8,2.5645,1.1,0.214,0.00411
sat2.6_g1,1,2.6,186.99,-6.4650,12.7,2.5650,1.1,0.213,0.00408
sat2.6_g1,1,2.6,187.49,-6.4690,12.6,2.5654,1.1,0.213,0.00406
sat2.6_g1,1,2.6,187.99,-6.4740,12.5,2.5658,1.1,0.213,0.00404
sat2.6_g1,1,2.6,188.49,-6.4780,12.4,2.5662,1.1,0.213,0.00402
sat2.6_g1,1,2.6,188.99,-6.4830,12.3,2.5665,1.1,0.213,0.00399
sat2.6_g1,1,2.6,189.49,-6.4870,12.2,2.5669,1.1,0.212,0.00397
sat2.6_g1,1,2.6,189.99,-6.4910,12.1,2.5673,1.0,0.212,0.00395
sat2.6_g1,1,2.6,190.49,-6.4950,12.0,2.5677,1.0,0.212,0.00393
sat2.6_g1,1,2.6,190.99,-6.4990,11.9,2.5681,1.0,0.212,0.00390
sat2.6_g1,1,2.6,191.49,-6.5040,11.8,2.5684,1.0,0.212,0.00388
sat2.6_g1,1,2.6,191.99,-6.5080,11.7,2.5688,1.0,0.211,0.00386
sat2.6_g1,1,2.6,192.49,-6.5120,11.6,2.5692,1.0,0.211,0.00384
sat2.6_g1,1,2.6,192.99,-6.5160,11.5,2.5695,1.0,0.211,0.00382
sat2.6_g1,1,2.6,193.49,-6.5200,11.4,2.5699,1.0,0.211,0.00379
sat2.6_g1,1,2.6,193.99,-6.5240,11.3,2.5702,1.0,0.211,0.00377
sat2.6_g1,1,2.6,194.49,-6.5280,11.2,2.5706,0.9,0.210,0.00375
sat2.6_g1,1,2.6,194.99,-6.5320,11.1,2.5709,0.9,0.210,0.00373
sat2.6_g1,1,2.6,195.49,-6.5360,11.0,2.5712,0.9,0.210,0.00371
sat2.6_g1,1,2.6,195.99,-6.5400,11.0,2.5716,0.9,0.210,0.00369
sat2.6_g1,1,2.6,196.49,-6.5430,10.9,2.5719,0.9,0.210,0.00366
sat2.6_g1,1,2.6,196.99,-6.5470,10.8,2.5722,0.9,0.209,0.00364
sat2.6_g1,1,2.6,197.49,-6.5510,10.7,2.5725,0.9,0.209,0.00362
sat2.6_g1,1,2.6,197.99,-6.5550,10.6,2.5729,0.9,0.209,0.00360
sat2.6_g1,1,2.6,198.49,-6.5580,10.5,2.5732,0.9,0.209,0.00358
sat2.6_g1,1,2.6,198.99,-6.5620,10.4,2.5735,0.9,0.209,0.00356
sat2.6_g1,1,2.6,199.49,-6.5660,10.3,2.5738,0.8,0.209,0.00354
sat2.6_g1,1,2.6,199.99,-6.5690,10.3,2.5741,0.8,0.208,0.00352
sat2.6_g1,1,2.6,200.49,-6.5730,10.2,2.5744,0.8,0.208,0.00350
sat2.6_g1,1,2.6,200.99,-6.5770,10.1,2.5747,0.8,0.208,0.00347
sat2.6_g1,1,2.6,201.49,-6.5800,10.0,2.5750,0.8,0.208,0.00345
sat2.6_g1,1,2.6,201.99,-6.5840,9.9,2.5753,0.8,0.208,0.00343
sat2.6_g1,1,2.6,202.49,-6.5870,9.9,2.5755,0.8,0.207,0.00341
sat2.6_g1,1,2.6,202.99,-6.5900,9.8,2.5758,0.8,0.207,0.00339
sat2.6_g1,1,2.6,203.49,-6.5940,9.7,2.5761,0.8,0.207,0.00337
sat2.6_g1,1,2.6,203.99,-6.5970,9.6,2.5764,0.8,0.207,0.00335
sat2.6_g1,1,2.6,204.49,-6.6010,9.5,2.5767,0.7,0.207,0.00333
sat2.6_g1,1,2.6,204.99,-6.6040,9.5,2.5769,0.7,0.207,0.00331
sat2.6_g1,1,2.6,205.49,-6.6070,9.4,2.5772,0.7,0.206,0.00329
sat2.6_g1,1,2.6,205.99,-6.6110,9.3,2.5775,0.7,0.206,0.00327
sat2.6_g1,1,2.6,206.49,-6.6140,9.2,2.5777,0.7,0.206,0.00325
sat2.6_g1,1,2.6,206.99,-6.6170,9.2,2.5780,0.7,0.206,0.00323
sat2.6_g1,1,2.6,207.49,-6.6200,9.1,2.5782,0.7,0.206,0.00321
sat2.6_g1,1,2.6,207.99,-6.6230,9.0,2.5785,0.7,0.206,0.00319
sat2.6_g1,1,2.6,208.49,-6.6270,8.9,2.5787,0.7,0.205,0.00317
sat2.6_g1,1,2.6,208.99,-6.6300,8.9,2.5790,0.7,0.205,0.00315
sat2.6_g1,1,2.6,209.49,-6.6330,8.8,2.5792,0.7,0.205,0.00313
sat2.6_g1,1,2.6,209.99,-6.6360,8.7,2.5795,0.7,0.205,0.00311
sat2.6_g1,1,2.6,210.49,-6.6390,8.6,2.5797,0.7,0.205,0.00309
sat2.6_g1,1,2.6,210.99,-6.6420,8.6,2.5799,0.6,0.205,0.00307
sat2.6_g1,1,2.6,211.49,-6.6450,8.5,2.5802,0.6,0.205,0.00305
sat2.6_g1,1,2.6,211.99,-6.6480,8.4,2.5804,0.6,0.204,0.00303
sat2.6_g1,1,2.6,212.49,-6.6510,8.4,2.5806,0.6,0.204,0.00301
sat2.6_g1,1,2.6,212.99,-6.6540,8.3,2.5808,0.6,0.204,0.00300
sat2.6_g1,1,2.6,213.49,-6.6570,8.2,2.5811,0.6,0.204,0.00298
sat2.6_g1,1,2.6,213.99,-6.6590,8.2,2.5813,0.6,0.204,0.00296
sat2.6_g1,1,2.6,214.49,-6.6620,8.1,2.5815,0.6,0.204,0.00294
sat2.6_g1,1,2.6,214.99,-6.6650,8.0,2.5817,0.6,0.203,0.00292
sat2.6_g1,1,2.6,215.49,-6.6680,8.0,2.5819,0.6,0.203,0.00290
sat2.6_g1,1,2.6,215.99,-6.6710,7.9,2.5821,0.6,0.203,0.00288
sat2.6_g1,1,2.6,216.49,-6.6730,7.8,2.5823,0.6,0.203,0.00286
sat2.6_g1,1,2.6,216.99,-6.6760,7.8,2.5825,0.6,0.203,0.00285
sat2.6_g1,1,2.6,217.49,-6.6790,7.7,2.5827,0.6,0.203,0.00283
sat2.6_g1,1,2.6,217.99,-6.6820,7.6,2.5829,0.5,0.203,0.00281
sat2.6_g1,1,2.6,218.49,-6.6840,7.6,2.5831,0.5,0.202,0.00279
sat2.6_g1,1,2.6,218.99,-6.6870,7.5,2.5833,0.5,0.202,0.00277
sat2.6_g1,1,2.6,219.49,-6.6890,7.5,2.5835,0.5,0.202,0.00275
sat2.6_g1,1,2.6,219.99,-6.6920,7.4,2.5837,0.5,0.202,0.00274
sat2.6_g1,1,2.6,220.49,-6.6950,7.3,2.5839,0.5,0.202,0.00272
sat2.6_g1,1,2.6,220.99,-6.6970,7.3,2.5841,0.5,0.202,0.00270
sat2.6_g1,1,2.6,221.49,-6.7000,7.2,2.5843,0.5,0.202,0.00268
sat2.6_g1,1,2.6,221.99,-6.7020,7.2,2.5845,0.5,0.202,0.00267
sat2.6_g1,1,2.6,222.49,-6.7050,7.1,2.5846,0.5,0.201,0.00265
sat2.6_g1,1,2.6,222.99,-6.7070,7.0,2.5848,0.5,0.201,0.00263
sat2.6_g1,1,2.6,223.49,-6.7100,7.0,2.5850,0.5,0.201,0.00261
sat2.6_g1,1,2.6,223.99,-6.7120,6.9,2.5852,0.5,0.201,0.00259
sat2.6_g1,1,2.6,224.49,-6.7150,6.9,2.5853,0.5,0.201,0.00258
sat2.6_g1,1,2.6,224.99,-6.7170,6.8,2.5855,0.5,0.201,0.00256
sat2.6_g1,1,2.6,225.49,-6.7190,6.8,2.5857,0.5,0.201,0.00254
sat2.6_g1,1,2.6,225.99,-6.7220,6.7,2.5858,0.5,0.201,0.00253
sat2.6_g1,1,2.6,226.49,-6.7240,6.6,2.5860,0.4,0.200,0.00251
sat2.6_g1,1,2.6,226.99,-6.7260,6.6,2.5862,0.4,0.200,0.00249
sat2.6_g1,1,2.6,227.49,-6.7290,6.5,2.5863,0.4,0.200,0.00247
sat2.6_g1,1,2.6,227.99,-6.7310,6.5,2.5865,0.4,0.200,0.00246
sat2.6_g1,1,2.6,228.49,-6.7330,6.4,2.5866,0.4,0.200,0.00244
sat2.6_g1,1,2.6,228.99,-6.7350,6.4,2.5868,0.4,0.200,0.00242
sat2.6_g1,1,2.6,229.49,-6.7380,6.3,2.5869,0.4,0.200,0.00241
sat2.6_g1,1,2.6,229.99,-6.7400,6.3,2.5871,0.4,0.200,0.00239
sat2.6_g1,1,2.6,230.49,-6.7420,6.2,2.5872,0.4,0.199,0.00237
sat2.6_g1,1,2.6,230.99,-6.7440,6.2,2.5874,0.4,0.199,0.00236
sat2.6_g1,1,2.6,231.49,-6.7460,6.1,2.5875,0.4,0.199,0.00234
sat2.6_g1,1,2.6,231.99,-6.7480,6.1,2.5877,0.4,0.199,0.00232
sat2.6_g1,1,2.6,232.49,-6.7510,6.0,2.5878,0.4,0.199,0.00231
sat2.6_g1,1,2.6,232.99,-6.7530,6.0,2.5880,0.4,0.199,0.00229
sat2.6_g1,1,2.6,233.49,-6.7550,5.9,2.5881,0.4,0.199,0.00228
sat2.6_g1,1,2.6,233.99,-6.7570,5.9,2.5882,0.4,0.199,0.00226
sat2.6_g1,1,2.6,234.49,-6.7590,5.8,2.5884,0.4,0.199,0.00224
sat2.6_g1,1,2.6,234.99,-6.7610,5.8,2.5885,0.4,0.198,0.00223
sat2.6_g1,1,2.6,235.49,-6.7630,5.7,2.5886,0.4,0.198,0.00221
sat2.6_g1,1,2.6,235.99,-6.7650,5.7,2.5888,0.4,0.198,0.00220
sat2.6_g1,1,2.6,236.49,-6.7670,5.6,2.5889,0.4,0.198,0.00218
sat2.6_g1,1,2.6,236.99,-6.7690,5.6,2.5890,0.4,0.198,0.00217
sat2.6_g1,1,2.6,237.49,-6.7710,5.5,2.5892,0.3,0.198,0.00215
sat2.6_g1,1,2.6,237.99,-6.7730,5.5,2.5893,0.3,0.198,0.00213
sat2.6_g1,1,2.6,238.49,-6.7750,5.4,2.5894,0.3,0.198,0.00212
sat2.6_g1,1,2.6,238.99,-6.7770,5.4,2.5895,0.3,0.198,0.00210
sat2.6_g1,1,2.6,239.49,-6.7790,5.3,2.5896,0.3,0.198,0.00209
sat2.6_g1,1,2.6,239.99,-6.7800,5.3,2.5898,0.3,0.198,0.00207
sat2.6_g1,1,2.6,240.49,-6.7820,5.3,2.5899,0.3,0.197,0.00206
sat2.6_g1,1,2.6,240.99,-6.7840,5.2,2.5900,0.3,0.197,0.00204
sat2.6_g1,1,2.6,241.49,-6.7860,5.2,2.5901,0.3,0.197,0.00203
sat2.6_g1,1,2.6,241.99,-6.7880,5.1,2.5902,0.3,0.197,0.00201
sat2.6_g1,1,2.6,242.49,-6.7900,5.1,2.5903,0.3,0.197,0.00200
sat2.6_g1,1,2.6,242.99,-6.7910,5.0,2.5905,0.3,0.197,0.00198
sat2.6_g1,1,2.6,243.49,-6.7930,5.0,2.5906,0.3,0.197,0.00197
sat2.6_g1,1,2.6,243.99,-6.7950,5.0,2.5907,0.3,0.197,0.00195
sat2.6_g1,1,2.6,244.49,-6.7970,4.9,2.5908,0.3,0.197,0.00194
sat2.6_g1,1,2.6,244.99,-6.7980,4.9,2.5909,0.3,0.197,0.00192
sat2.6_g1,1,2.6,245.49,-6.8000,4.8,2.5910,0.3,0.197,0.00191
sat2.6_g1,1,2.6,245.99,-6.8020,4.8,2.5911,0.3,0.197,0.00189
sat2.6_g1,1,2.6,246.49,-6.8030,4.8,2.5912,0.3,0.197,0.00188
sat2.6_g1,1,2.6,246.99,-6.8050,4.7,2.5913,0.3,0.196,0.00186
sat2.6_g1,1,2.6,247.49,-6.8070,4.7,2.5914,0.3,0.196,0.00185
sat2.6_g1,1,2.6,247.99,-6.8080,4.6,2.5915,0.3,0.196,0.00184
sat2.6_g1,1,2.6,248.49,-6.8100,4.6,2.5916,0.3,0.196,0.00182
sat2.6_g1,1,2.6,248.99,-6.8120,4.6,2.5917,0.3,0.196,0.00181
sat2.6_g1,1,2.6,249.49,-6.8130,4.5,2.5918,0.3,0.196,0.00180
sat2.6_g1,1,2.6,249.99,-6.8150,4.5,2.5919,0.3,0.196,0.00178
sat2.6_g1,1,2.6,250.48,-6.8160,4.4,2.5920,0.3,0.196,0.00177
sat2.6_g1,1,2.6,250.98,-6.8180,4.4,2.5921,0.3,0.196,0.00175
sat2.6_g1,1,2.6,251.48,-6.8200,4.4,2.5922,0.3,0.196,0.00174
sat2.6_g1,1,2.6,251.98,-6.8210,4.3,2.5923,0.2,0.196,0.00173
sat2.6_g1,1,2.6,252.48,-6.8230,4.3,2.5923,0.2,0.196,0.00171
sat2.6_g1,1,2.6,252.98,-6.8240,4.3,2.5924,0.2,0.196,0.00170
sat2.6_g1,1,2.6,253.48,-6.8260,4.2,2.5925,0.2,0.196,0.00169
sat2.6_g1,1,2.6,253.98,-6.8270,4.2,2.5926,0.2,0.195,0.00167
sat2.6_g1,1,2.6,254.48,-6.8290,4.1,2.5927,0.2,0.195,0.00166
sat2.6_g1,1,2.6,254.98,-6.8300,4.1,2.5928,0.2,0.195,0.00165
sat2.6_g1,1,2.6,255.48,-6.8320,4.1,2.5929,0.2,0.195,0.00164
sat2.6_g1,1,2.6,255.98,-6.8330,4.0,2.5929,0.2,0.195,0.00162
sat2.6_g1,1,2.6,256.48,-6.8340,4.0,2.5930,0.2,0.195,0.00161
sat2.6_g1,1,2.6,256.98,-6.8360,4.0,2.5931,0.2,0.195,0.00160
sat2.6_g1,1,2.6,257.48,-6.8370,3.9,2.5932,0.2,0.195,0.00159
sat2.6_g1,1,2.6,257.98,-6.8390,3.9,2.5933,0.2,0.195,0.00157
sat2.6_g1,1,2.6,258.48,-6.8400,3.9,2.5933,0.2,0.195,0.00156
sat2.6_g1,1,2.6,258.98,-6.8410,3.8,2.5934,0.2,0.195,0.00155
sat2.6_g1,1,2.6,259.48,-6.8430,3.8,2.5935,0.2,0.195,0.00154
sat2.6_g1,1,2.6,259.98,-6.8440,3.8,2.5936,0.2,0.195,0.00152
sat2.6_g1,1,2.6,260.48,-6.8450,3.7,2.5936,0.2,0.195,0.00151
sat2.6_g1,1,2.6,260.98,-6.8470,3.7,2.5937,0.2,0.195,0.00150
sat2.6_g1,1,2.6,261.48,-6.8480,3.7,2.5938,0.2,0.195,0.00149
sat2.6_g1,1,2.6,261.98,-6.8490,3.7,2.5939,0.2,0.195,0.00148
sat2.6_g1,1,2.6,262.48,-6.8510,3.6,2.5939,0.2,0.194,0.00146
sat2.6_g1,1,2.6,262.98,-6.8520,3.6,2.5940,0.2,0.194,0.00145
sat2.6_g1,1,2.6,263.48,-6.8530,3.6,2.5941,0.2,0.194,0.00144
sat2.6_g1,1,2.6,263.98,-6.8540,3.5,2.5941,0.2,0.194,0.00143
sat2.6_g1,1,2.6,264.48,-6.8560,3.5,2.5942,0.2,0.194,0.00142
sat2.6_g1,1,2.6,264.98,-6.8570,3.5,2.5943,0.2,0.194,0.00141
sat2.6_g1,1,2.6,265.48,-6.8580,3.4,2.5943,0.2,0.194,0.00139
sat2.6_g1,1,2.6,265.98,-6.8590,3.4,2.5944,0.2,0.194,0.00138
sat2.6_g1,1,2.6,266.48,-6.8610,3.4,2.5945,0.2,0.194,0.00137
sat2.6_g1,1,2.6,266.98,-6.8620,3.4,2.5945,0.2,0.194,0.00136
sat2.6_g1,1,2.6,267.48,-6.8630,3.3,2.5946,0.2,0.194,0.00135
sat2.6_g1,1,2.6,267.98,-6.8640,3.3,2.5947,0.2,0.194,0.00134
sat2.6_g1,1,2.6,268.48,-6.8650,3.3,2.5947,0.2,0.194,0.00133
sat2.6_g1,1,2.6,268.98,-6.8660,3.2,2.5948,0.2,0.194,0.00132
sat2.6_g1,1,2.6,269.48,-6.8680,3.2,2.5948,0.2,0.194,0.00131
sat2.6_g1,1,2.6,269.98,-6.8690,3.2,2.5949,0.2,0.194,0.00130
sat2.6_g1,1,2.6,270.48,-6.8700,3.2,2.5950,0.2,0.194,0.00128
sat2.6_g1,1,2.6,270.98,-6.8710,3.1,2.5950,0.2,0.194,0.00127
sat2.6_g1,1,2.6,271.48,-6.8720,3.1,2.5951,0.2,0.194,0.00126
sat2.6_g1,1,2.6,271.98,-6.8730,3.1,2.5951,0.2,0.194,0.00125
sat2.6_g1,1,2.6,272.48,-6.8740,3.1,2.5952,0.2,0.194,0.00124
sat2.6_g1,1,2.6,272.98,-6.8750,3.0,2.5952,0.2,0.194,0.00123
sat2.6_g1,1,2.6,273.48,-6.8760,3.0,2.5953,0.2,0.194,0.00122
sat2.6_g1,1,2.6,273.98,-6.8780,3.0,2.5954,0.1,0.194,0.00121
sat2.6_g1,1,2.6,274.48,-6.8790,3.0,2.5954,0.1,0.194,0.00120
sat2.6_g1,1,2.6,274.98,-6.8800,2.9,2.5955,0.1,0.193,0.00119
sat2.6_g1,1,2.6,275.48,-6.8810,2.9,2.5955,0.1,0.193,0.00118
sat2.6_g1,1,2.6,275.98,-6.8820,2.9,2.5956,0.1,0.193,0.00117
sat2.6_g1,1,2.6,276.48,-6.8830,2.9,2.5956,0.1,0.193,0.00116
sat2.6_g1,1,2.6,276.98,-6.8840,2.8,2.5957,0.1,0.193,0.00115
sat2.6_g1,1,2.6,277.48,-6.8850,2.8,2.5957,0.1,0.193,0.00114
sat2.6_g1,1,2.6,277.98,-6.8860,2.8,2.5958,0.1,0.193,0.00114
sat2.6_g1,1,2.6,278.48,-6.8870,2.8,2.5958,0.1,0.193,0.00113
sat2.6_g1,1,2.6,278.98,-6.8880,2.7,2.5959,0.1,0.193,0.00112
sat2.6_g1,1,2.6,279.48,-6.8890,2.7,2.5959,0.1,0.193,0.00111
sat2.6_g1,1,2.6,279.98,-6.8900,2.7,2.5960,0.1,0.193,0.00110
sat2.6_g1,1,2.6,280.48,-6.8910,2.7,2.5960,0.1,0.193,0.00109
sat2.6_g1,1,2.6,280.98,-6.8910,2.6,2.5960,0.1,0.193,0.00108
sat2.6_g1,1,2.6,281.48,-6.8920,2.6,2.5961,0.1,0.193,0.00107
sat2.6_g1,1,2.6,281.98,-6.8930,2.6,2.5961,0.1,0.193,0.00106
sat2.6_g1,1,2.6,282.48,-6.8940,2.6,2.5962,0.1,0.193,0.00105
sat2.6_g1,1,2.6,282.98,-6.8950,2.6,2.5962,0.1,0.193,0.00104
sat2.6_g1,1,2.6,283.48,-6.8960,2.5,2.5963,0.1,0.193,0.00104
sat2.6_g1,1,2.6,283.98,-6.8970,2.5,2.5963,0.1,0.193,0.00103
sat2.6_g1,1,2.6,284.48,-6.8980,2.5,2.5964,0.1,0.193,0.00102
sat2.6_g1,1,2.6,284.98,-6.8990,2.5,2.5964,0.1,0.193,0.00101
sat2.6_g1,1,2.6,285.48,-6.9000,2.4,2.5964,0.1,0.193,0.00100
sat2.6_g1,1,2.6,285.98,-6.9000,2.4,2.5965,0.1,0.193,0.00099
sat2.6_g1,1,2.6,286.48,-6.9010,2.4,2.5965,0.1,0.193,0.00098
sat2.6_g1,1,2.6,286.98,-6.9020,2.4,2.5966,0.1,0.193,0.00098
sat2.6_g1,1,2.6,287.48,-6.9030,2.4,2.5966,0.1,0.193,0.00097
sat2.6_g1,1,2.6,287.98,-6.9040,2.3,2.5966,0.1,0.193,0.00096
sat2.6_g1,1,2.6,288.48,-6.9050,2.3,2.5967,0.1,0.193,0.00095
sat2.6_g1,1,2.6,288.98,-6.9060,2.3,2.5967,0.1,0.193,0.00094
sat2.6_g1,1,2.6,289.48,-6.9060,2.3,2.5968,0.1,0.193,0.00094
sat2.6_g1,1,2.6,289.98,-6.9070,2.3,2.5968,0.1,0.193,0.00093
sat2.6_g1,1,2.6,290.48,-6.9080,2.2,2.5968,0.1,0.193,0.00092
sat2.6_g1,1,2.6,290.98,-6.9090,2.2,2.5969,0.1,0.193,0.00091
sat2.6_g1,1,2.6,291.48,-6.9100,2.2,2.5969,0.1,0.193,0.00090
sat2.6_g1,1,2.6,291.98,-6.9100,2.2,2.5969,0.1,0.193,0.00090
sat2.6_g1,1,2.6,292.48,-6.9110,2.2,2.5970,0.1,0.192,0.00089
sat2.6_g1,1,2.6,292.98,-6.9120,2.1,2.5970,0.1,0.192,0.00088
sat2.6_g1,1,2.6,293.48,-6.9130,2.1,2.5970,0.1,0.192,0.00088
sat2.6_g1,1,2.6,293.98,-6.9130,2.1,2.5971,0.1,0.192,0.00087
sat2.6_g1,1,2.6,294.48,-6.9140,2.1,2.5971,0.1,0.192,0.00086
sat2.6_g1,1,2.6,294.98,-6.9150,2.1,2.5971,0.1,0.192,0.00085
sat2.6_g1,1,2.6,295.48,-6.9160,2.1,2.5972,0.1,0.192,0.00085
sat2.6_g1,1,2.6,295.98,-6.9160,2.0,2.5972,0.1,0.192,0.00084
sat2.6_g1,1,2.6,296.48,-6.9170,2.0,2.5972,0.1,0.192,0.00083
sat2.6_g1,1,2.6,296.98,-6.9180,2.0,2.5973,0.1,0.192,0.00082
sat2.6_g1,1,2.6,297.48,-6.9180,2.0,2.5973,0.1,0.192,0.00082
sat2.6_g1,1,2.6,297.98,-6.9190,2.0,2.5973,0.1,0.192,0.00081
sat2.6_g1,1,2.6,298.48,-6.9200,2.0,2.5974,0.1,0.192,0.00080
sat2.6_g1,1,2.6,298.98,-6.9210,1.9,2.5974,0.1,0.192,0.00080
sat2.6_g1,1,2.6,299.48,-6.9210,1.9,2.5974,0.1,0.192,0.00079
sat2.6_g1,1,2.6,299.98,-6.9220,1.9,2.5975,0.1,0.192,0.00078
sat2.6_g1,1,2.6,300.48,-6.9230,1.9,2.5975,0.1,0.192,0.00078
sat2.6_g1,1,2.6,300.98,-6.9230,1.9,2.5975,0.1,0.192,0.00077
sat2.6_g1,1,2.6,301.48,-6.9240,1.9,2.5975,0.1,0.192,0.00076
sat2.6_g1,1,2.6,301.98,-6.9250,1.8,2.5976,0.1,0.192,0.00076
sat2.6_g1,1,2.6,302.48,-6.9250,1.8,2.5976,0.1,0.192,0.00075
sat2.6_g1,1,2.6,302.98,-6.9260,1.8,2.5976,0.1,0.192,0.00074
sat2.6_g1,1,2.6,303.48,-6.9260,1.8,2.5977,0.1,0.192,0.00074
sat2.6_g1,1,2.6,303.98,-6.9270,1.8,2.5977,0.1,0.192,0.00073
sat2.6_g1,1,2.6,304.48,-6.9280,1.8,2.5977,0.1,0.192,0.00072
sat2.6_g1,1,2.6,304.98,-6.9280,1.7,2.5977,0.1,0.192,0.00072
sat2.6_g1,1,2.6,305.48,-6.9290,1.7,2.5978,0.1,0.192,0.00071
sat2.6_g1,1,2.6,305.98,-6.9300,1.7,2.5978,0.1,0.192,0.00071
sat2.6_g1,1,2.6,306.48,-6.9300,1.7,2.5978,0.1,0.192,0.00070
sat2.6_g1,1,2.6,306.98,-6.9310,1.7,2.5978,0.1,0.192,0.00069
sat2.6_g1,1,2.6,307.48,-6.9310,1.7,2.5979,0.1,0.192,0.00069
sat2.6_g1,1,2.6,307.98,-6.9320,1.7,2.5979,0.1,0.192,0.00068
sat2.6_g1,1,2.6,308.48,-6.9330,1.6,2.5979,0.1,0.192,0.00068
sat2.6_g1,1,2.6,308.98,-6.9330,1.6,2.5979,0.1,0.192,0.00067
sat2.6_g1,1,2.6,309.48,-6.9340,1.6,2.5980,0.1,0.192,0.00067
sat2.6_g1,1,2.6,309.98,-6.9340,1.6,2.5980,0.1,0.192,0.00066
sat2.6_g1,1,2.6,310.48,-6.9350,1.6,2.5980,0.1,0.192,0.00065
sat2.6_g1,1,2.6,310.98,-6.9350,1.6,2.5980,0.1,0.192,0.00065
sat2.6_g1,1,2.6,311.48,-6.9360,1.6,2.5981,0.1,0.192,0.00064
sat2.6_g1,1,2.6,311.98,-6.9370,1.5,2.5981,0.1,0.192,0.00064
sat2.6_g1,1,2.6,312.48,-6.9370,1.5,2.5981,0.1,0.192,0.00063
sat2.6_g1,1,2.6,312.98,-6.9380,1.5,2.5981,0.1,0.192,0.00063
sat2.6_g1,1,2.6,313.48,-6.9380,1.5,2.5981,0.1,0.192,0.00062
sat2.6_g1,1,2.6,313.98,-6.9390,1.5,2.5982,0.1,0.192,0.00061
sat2.6_g1,1,2.6,314.48,-6.9390,1.5,2.5982,0.1,0.192,0.00061
sat2.6_g1,1,2.6,314.98,-6.9400,1.5,2.5982,0.1,0.192,0.00060
sat2.6_g1,1,2.6,315.48,-6.9400,1.5,2.5982,0.1,0.192,0.00060
sat2.6_g1,1,2.6,315.98,-6.9410,1.4,2.5982,0.1,0.192,0.00059
sat2.6_g1,1,2.6,316.48,-6.9410,1.4,2.5983,0.1,0.192,0.00059
sat2.6_g1,1,2.6,316.98,-6.9420,1.4,2.5983,0.1,0.192,0.00058
sat2.6_g1,1,2.6,317.48,-6.9420,1.4,2.5983,0.1,0.192,0.00058
sat2.6_g1,1,2.6,317.98,-6.9430,1.4,2.5983,0.1,0.192,0.00057
sat2.6_g1,1,2.6,318.48,-6.9430,1.4,2.5983,0.1,0.192,0.00057
sat2.6_g1,1,2.6,318.98,-6.9440,1.4,2.5984,0.1,0.192,0.00056
sat2.6_g1,1,2.6,319.48,-6.9440,1.4,2.5984,0.1,0.192,0.00056
sat2.6_g1,1,2.6,319.98,-6.9450,1.3,2.5984,0.1,0.192,0.00056
sat2.6_g1,1,2.6,320.48,-6.9450,1.3,2.5984,0.1,0.192,0.00055
sat2.6_g1,1,2.6,320.98,-6.9460,1.3,2.5984,0.1,0.192,0.00055
sat2.6_g1,1,2.6,321.48,-6.9460,1.3,2.5985,0.0,0.192,0.00054
sat2.6_g1,1,2.6,321.98,-6.9470,1.3,2.5985,0.0,0.192,0.00054
sat2.6_g1,1,2.6,322.48,-6.9470,1.3,2.5985,0.0,0.192,0.00053
sat2.6_g1,1,2.6,322.98,-6.9480,1.3,2.5985,0.0,0.192,0.00053
sat2.6_g1,1,2.6,323.48,-6.9480,1.3,2.5985,0.0,0.192,0.00052
sat2.6_g1,1,2.6,323.98,-6.9480,1.3,2.5985,0.0,0.192,0.00052
sat2.6_g1,1,2.6,324.48,-6.9490,1.2,2.5986,0.0,0.192,0.00051
sat2.6_g1,1,2.6,324.98,-6.9490,1.2,2.5986,0.0,0.192,0.00051
sat2.6_g1,1,2.6,325.48,-6.9500,1.2,2.5986,0.0,0.192,0.00050
sat2.6_g1,1,2.6,325.98,-6.9500,1.2,2.5986,0.0,0.192,0.00050
sat2.6_g1,1,2.6,326.48,-6.9510,1.2,2.5986,0.0,0.192,0.00049
sat2.6_g1,1,2.6,326.98,-6.9510,1.2,2.5986,0.0,0.192,0.00049
sat2.6_g1,1,2.6,327.48,-6.9520,1.2,2.5987,0.0,0.192,0.00049
sat2.6_g1,1,2.6,327.98,-6.9520,1.2,2.5987,0.0,0.192,0.00048
sat2.6_g1,1,2.6,328.48,-6.9520,1.2,2.5987,0.0,0.192,0.00048
sat2.6_g1,1,2.6,328.98,-6.9530,1.2,2.5987,0.0,0.192,0.00047
sat2.6_g1,1,2.6,329.48,-6.9530,1.1,2.5987,0.0,0.192,0.00047
sat2.6_g1,1,2.6,329.98,-6.9540,1.1,2.5987,0.0,0.192,0.00047
sat2.6_g1,1,2.6,330.48,-6.9540,1.1,2.5988,0.0,0.191,0.00046
sat2.6_g1,1,2.6,330.98,-6.9540,1.1,2.5988,0.0,0.191,0.00046
sat2.6_g1,1,2.6,331.48,-6.9550,1.1,2.5988,0.0,0.191,0.00045
sat2.6_g1,1,2.6,331.98,-6.9550,1.1,2.5988,0.0,0.191,0.00045
sat2.6_g1,1,2.6,332.48,-6.9560,1.1,2.5988,0.0,0.191,0.00045
sat2.6_g1,1,2.6,332.98,-6.9560,1.1,2.5988,0.0,0.191,0.00044
sat2.6_g1,1,2.6,333.48,-6.9560,1.1,2.5988,0.0,0.191,0.00044
sat2.6_g1,1,2.6,333.98,-6.9570,1.1,2.5988,0.0,0.191,0.00044
sat2.6_g1,1,2.6,334.48,-6.9570,1.0,2.5989,0.0,0.191,0.00043
sat2.6_g1,1,2.6,334.98,-6.9570,1.0,2.5989,0.0,0.191,0.00043
sat2.6_g1,1,2.6,335.48,-6.9580,1.0,2.5989,0.0,0.191,0.00042
sat2.6_g1,1,2.6,335.98,-6.9580,1.0,2.5989,0.0,0.191,0.00042
sat2.6_g1,1,2.6,336.48,-6.9590,1.0,2.5989,0.0,0.191,0.00042
sat2.6_g1,1,2.6,336.98,-6.9590,1.0,2.5989,0.0,0.191,0.00041
sat2.6_g1,1,2.6,337.48,-6.9590,1.0,2.5989,0.0,0.191,0.00041
sat2.6_g1,1,2.6,337.98,-6.9600,1.0,2.5990,0.0,0.191,0.00041
sat2.6_g1,1,2.6,338.48,-6.9600,1.0,2.5990,0.0,0.191,0.00040
sat2.6_g1,1,2.6,338.98,-6.9600,1.0,2.5990,0.0,0.191,0.00040
sat2.6_g1,1,2.6,339.48,-6.9610,1.0,2.5990,0.0,0.191,0.00040
sat2.6_g1,1,2.6,339.98,-6.9610,1.0,2.5990,0.0,0.191,0.00039
sat2.6_g1,1,2.6,340.48,-6.9610,0.9,2.5990,0.0,0.191,0.00039
sat2.6_g1,1,2.6,340.98,-6.9620,0.9,2.5990,0.0,0.191,0.00038
sat2.6_g1,1,2.6,341.48,-6.9620,0.9,2.5990,0.0,0.191,0.00038
sat2.6_g1,1,2.6,341.98,-6.9620,0.9,2.5990,0.0,0.191,0.00038
sat2.6_g1,1,2.6,342.48,-6.9630,0.9,2.5991,0.0,0.191,0.00038
sat2.6_g1,1,2.6,342.98,-6.9630,0.9,2.5991,0.0,0.191,0.00037
sat2.6_g1,1,2.6,343.48,-6.9630,0.9,2.5991,0.0,0.191,0.00037
sat2.6_g1,1,2.6,343.98,-6.9640,0.9,2.5991,0.0,0.191,0.00036
sat2.6_g1,1,2.6,344.48,-6.9640,0.9,2.5991,0.0,0.191,0.00036
sat2.6_g1,1,2.6,344.98,-6.9640,0.9,2.5991,0.0,0.191,0.00036
sat2.6_g1,1,2.6,345.48,-6.9650,0.9,2.5991,0.0,0.191,0.00036
sat2.6_g1,1,2.6,345.98,-6.9650,0.9,2.5991,0.0,0.191,0.00035
sat2.6_g1,1,2.6,346.48,-6.9650,0.9,2.5991,0.0,0.191,0.00035
sat2.6_g1,1,2.6,346.98,-6.9650,0.8,2.5991,0.0,0.191,0.00035
sat2.6_g1,1,2.6,347.48,-6.9660,0.8,2.5992,0.0,0.191,0.00034
sat2.6_g1,1,2.6,347.98,-6.9660,0.8,2.5992,0.0,0.191,0.00034
sat2.6_g1,1,2.6,348.48,-6.9660,0.8,2.5992,0.0,0.191,0.00034
sat2.6_g1,1,2.6,348.98,-6.9670,0.8,2.5992,0.0,0.191,0.00034
sat2.6_g1,1,2.6,349.48,-6.9670,0.8,2.5992,0.0,0.191,0.00033
sat2.6_g1,1,2.6,349.98,-6.9670,0.8,2.5992,0.0,0.191,0.00033
sat2.6_g1,1,2.6,350.48,-6.9670,0.8,2.5992,0.0,0.191,0.00033
sat2.6_g1,1,2.6,350.98,-6.9680,0.8,2.5992,0.0,0.191,0.00032
sat2.6_g1,1,2.6,351.48,-6.9680,0.8,2.5992,0.0,0.191,0.00032
sat2.6_g1,1,2.6,351.98,-6.9680,0.8,2.5992,0.0,0.191,0.00032
sat2.6_g1,1,2.6,352.48,-6.9690,0.8,2.5993,0.0,0.191,0.00032
sat2.6_g1,1,2.6,352.98,-6.9690,0.8,2.5993,0.0,0.191,0.00031
sat2.6_g1,1,2.6,353.48,-6.9690,0.8,2.5993,0.0,0.191,0.00031
sat2.6_g1,1,2.6,353.98,-6.9690,0.7,2.5993,0.0,0.191,0.00031
sat2.6_g1,1,2.6,354.48,-6.9700,0.7,2.5993,0.0,0.191,0.00030
sat2.6_g1,1,2.6,354.98,-6.9700,0.7,2.5993,0.0,0.191,0.00030
sat2.6_g1,1,2.6,355.48,-6.9700,0.7,2.5993,0.0,0.191,0.00030
sat2.6_g1,1,2.6,355.98,-6.9700,0.7,2.5993,0.0,0.191,0.00030
sat2.6_g1,1,2.6,356.48,-6.9710,0.7,2.5993,0.0,0.191,0.00029
sat2.6_g1,1,2.6,356.98,-6.9710,0.7,2.5993,0.0,0.191,0.00029
sat2.6_g1,1,2.6,357.48,-6.9710,0.7,2.5993,0.0,0.191,0.00029
sat2.6_g1,1,2.6,357.98,-6.9710,0.7,2.5993,0.0,0.191,0.00029
sat2.6_g1,1,2.6,358.48,-6.9720,0.7,2.5993,0.0,0.191,0.00028
sat2.6_g1,1,2.6,358.98,-6.9720,0.7,2.5994,0.0,0.191,0.00028
sat2.6_g1,1,2.6,359.48,-6.9720,0.7,2.5994,0.0,0.191,0.00028
sat2.6_g1,1,2.6,359.98,-6.9720,0.7,2.5994,0.0,0.191,0.00028
sat2.6_g1,1,2.6,360.48,-6.9730,0.7,2.5994,0.0,0.191,0.00027
sat2.6_g1,1,2.6,360.98,-6.9730,0.7,2.5994,0.0,0.191,0.00027
sat2.6_g1,1,2.6,361.48,-6.9730,0.7,2.5994,0.0,0.191,0.00027
sat2.6_g1,1,2.6,361.98,-6.9730,0.7,2.5994,0.0,0.191,0.00027
sat2.6_g1,1,2.6,362.48,-6.9740,0.6,2.5994,0.0,0.191,0.00026
sat2.6_g1,1,2.6,362.98,-6.9740,0.6,2.5994,0.0,0.191,0.00026
sat2.6_g1,1,2.6,363.48,-6.9740,0.6,2.5994,0.0,0.191,0.00026
sat2.6_g1,1,2.6,363.98,-6.9740,0.6,2.5994,0.0,0.191,0.00026
sat2.6_g1,1,2.6,364.48,-6.9740,0.6,2.5994,0.0,0.191,0.00026
sat2.6_g1,1,2.6,364.98,-6.9750,0.6,2.5994,0.0,0.191,0.00025
sat2.6_g1,1,2.6,365.48,-6.9750,0.6,2.5994,0.0,0.191,0.00025
sat2.6_g1,1,2.6,365.98,-6.9750,0.6,2.5995,0.0,0.191,0.00025
sat2.6_g1,1,2.6,366.48,-6.9750,0.6,2.5995,0.0,0.191,0.00025
sat2.6_g1,1,2.6,366.98,-6.9760,0.6,2.5995,0.0,0.191,0.00024
sat2.6_g1,1,2.6,367.48,-6.9760,0.6,2.5995,0.0,NaN,0.00024
sat2.6_g1,1,2.6,367.98,-6.9760,0.6,2.5995,0.0,NaN,0.00024
sat2.6_g1,1,2.6,368.48,-6.9760,0.6,2.5995,0.0,NaN,0.00024
sat2.6_g1,1,2.6,368.98,-6.9760,0.6,2.5995,0.0,NaN,0.00024
sat2.6_g1,1,2.6,369.48,-6.9770,0.6,2.5995,0.0,NaN,0.00023
sat2.6_g1,1,2.6,369.98,-6.9770,0.6,2.5995,0.0,NaN,0.00023
sat2.6_g1,1,2.6,370.48,-6.9770,0.6,2.5995,0.0,NaN,0.00023
sat2.6_g1,1,2.6,370.98,-6.9770,0.6,2.5995,0.0,NaN,0.00023
sat2.6_g1,1,2.6,371.48,-6.9770,0.6,2.5995,0.0,NaN,0.00022
sat2.6_g1,1,2.6,371.98,-6.9780,0.5,2.5995,0.0,NaN,0.00022
sat2.6_g1,1,2.6,372.48,-6.9780,0.5,2.5995,0.0,NaN,0.00022
sat2.6_g1,1,2.6,372.98,-6.9780,0.5,2.5995,0.0,NaN,0.00022
sat2.6_g1,1,2.6,373.48,-6.9780,0.5,2.5995,0.0,NaN,0.00022
sat2.6_g1,1,2.6,373.98,-6.9780,0.5,2.5995,0.0,NaN,0.00022
sat2.6_g1,1,2.6,374.48,-6.9790,0.5,2.5996,0.0,NaN,0.00021
sat2.6_g1,1,2.6,374.98,-6.9790,0.5,2.5996,0.0,NaN,0.00021
sat2.6_g1,1,2.6,375.48,-6.9790,0.5,2.5996,0.0,NaN,0.00021
sat2.6_g1,1,2.6,375.98,-6.9790,0.5,2.5996,0.0,NaN,0.00021
sat2.6_g1,1,2.6,376.48,-6.9790,0.5,2.5996,0.0,NaN,0.00021
sat2.6_g1,1,2.6,376.98,-6.9790,0.5,2.5996,0.0,NaN,0.00020
sat2.6_g1,1,2.6,377.48,-6.9800,0.5,2.5996,0.0,NaN,0.00020
sat2.6_g1,1,2.6,377.98,-6.9800,0.5,2.5996,0.0,NaN,0.00020
sat2.6_g1,1,2.6,378.48,-6.9800,0.5,2.5996,0.0,NaN,0.00020
sat2.6_g1,1,2.6,378.98,-6.9800,0.5,2.5996,0.0,NaN,0.00020
sat2.6_g1,1,2.6,379.48,-6.9800,0.5,2.5996,0.0,NaN,0.00020
sat2.6_g1,1,2.6,379.98,-6.9810,0.5,2.5996,0.0,NaN,0.00019
sat2.6_g1,1,2.6,380.48,-6.9810,0.5,2.5996,0.0,NaN,0.00019
sat2.6_g1,1,2.6,380.98,-6.9810,0.5,2.5996,0.0,NaN,0.00019
sat2.6_g1,1,2.6,381.48,-6.9810,0.5,2.5996,0.0,NaN,0.00019
sat2.6_g1,1,2.6,381.98,-6.9810,0.5,2.5996,0.0,NaN,0.00019
sat2.6_g1,1,2.6,382.48,-6.9810,0.5,2.5996,0.0,NaN,0.00019
sat2.6_g1,1,2.6,382.98,-6.9820,0.5,2.5996,0.0,NaN,0.00018
sat2.6_g1,1,2.6,383.48,-6.9820,0.4,2.5996,0.0,NaN,0.00018
sat2.6_g1,1,2.6,383.98,-6.9820,0.4,2.5996,0.0,NaN,0.00018
sat2.6_g1,1,2.6,384.48,-6.9820,0.4,2.5996,0.0,NaN,0.00018
sat2.6_g1,1,2.6,384.98,-6.9820,0.4,2.5996,0.0,NaN,0.00018
sat2.6_g1,1,2.6,385.48,-6.9820,0.4,2.5997,0.0,NaN,0.00018
sat2.6_g1,1,2.6,385.98,-6.9820,0.4,2.5997,0.0,NaN,0.00017
sat2.6_g1,1,2.6,386.48,-6.9830,0.4,2.5997,0.0,NaN,0.00017
sat2.6_g1,1,2.6,386.98,-6.9830,0.4,2.5997,0.0,NaN,0.00017
sat2.6_g1,1,2.6,387.48,-6.9830,0.4,2.5997,0.0,NaN,0.00017
sat2.6_g1,1,2.6,387.98,-6.9830,0.4,2.5997,0.0,NaN,0.00017
sat2.6_g1,1,2.6,388.48,-6.9830,0.4,2.5997,0.0,NaN,0.00017
sat2.6_g1,1,2.6,388.98,-6.9830,0.4,2.5997,0.0,NaN,0.00017
sat2.6_g1,1,2.6,389.48,-6.9830,0.4,2.5997,0.0,NaN,0.00016
sat2.6_g1,1,2.6,389.98,-6.9840,0.4,2.5997,0.0,NaN,0.00016
sat2.6_g1,1,2.6,390.48,-6.9840,0.4,2.5997,0.0,NaN,0.00016
sat2.6_g1,1,2.6,390.98,-6.9840,0.4,2.5997,0.0,NaN,0.00016
sat2.6_g1,1,2.6,391.48,-6.9840,0.4,2.5997,0.0,NaN,0.00016
sat2.6_g1,1,2.6,391.98,-6.9840,0.4,2.5997,0.0,NaN,0.00016
sat2.6_g1,1,2.6,392.48,-6.9840,0.4,2.5997,0.0,NaN,0.00016
sat2.6_g1,1,2.6,392.98,-6.9840,0.4,2.5997,0.0,NaN,0.00015
sat2.6_g1,1,2.6,393.48,-6.9850,0.4,2.5997,0.0,NaN,0.00015
sat2.6_g1,1,2.6,393.98,-6.9850,0.4,2.5997,0.0,NaN,0.00015
sat2.6_g1,1,2.6,394.48,-6.9850,0.4,2.5997,0.0,NaN,0.00015
sat2.6_g1,1,2.6,394.98,-6.9850,0.4,2.5997,0.0,NaN,0.00015
sat2.6_g1,1,2.6,395.48,-6.9850,0.4,2.5997,0.0,NaN,0.00015
sat2.6_g1,1,2.6,395.98,-6.9850,0.4,2.5997,0.0,NaN,0.00015
sat2.6_g1,1,2.6,396.48,-6.9850,0.4,2.5997,0.0,NaN,0.00015
sat2.6_g1,1,2.6,396.98,-6.9860,0.4,2.5997,0.0,NaN,0.00014
sat2.6_g1,1,2.6,397.48,-6.9860,0.4,2.5997,0.0,NaN,0.00014
sat2.6_g1,1,2.6,397.98,-6.9860,0.3,2.5997,0.0,NaN,0.00014
sat2.6_g1,1,2.6,398.48,-6.9860,0.3,2.5997,0.0,NaN,0.00014
sat2.6_g1,1,2.6,398.98,-6.9860,0.3,2.5997,0.0,NaN,0.00014
sat2.6_g1,1,2.6,399.48,-6.9860,0.3,2.5998,0.0,NaN,0.00014
sat2.6_g1,1,2.6,399.98,-6.9860,0.3,2.5998,0.0,NaN,0.00014
sat2.6_g1,1,2.6,400.48,-6.9860,0.3,2.5998,0.0,NaN,0.00014
sat2.6_g1,1,2.6,400.98,-6.9860,0.3,2.5998,0.0,NaN,0.00013
sat2.6_g1,1,2.6,401.48,-6.9870,0.3,2.5998,0.0,NaN,0.00013
sat2.6_g1,1,2.6,401.98,-6.9870,0.3,2.5998,0.0,NaN,0.00013
sat2.6_g1,1,2.6,402.48,-6.9870,0.3,2.5998,0.0,NaN,0.00013
sat2.6_g1,1,2.6,402.98,-6.9870,0.3,2.5998,0.0,NaN,0.00013
sat2.6_g1,1,2.6,403.48,-6.9870,0.3,2.5998,0.0,NaN,0.00013
sat2.6_g1,1,2.6,403.98,-6.9870,0.3,2.5998,0.0,NaN,0.00013
sat2.6_g1,1,2.6,404.48,-6.9870,0.3,2.5998,0.0,NaN,0.00013
sat2.6_g1,1,2.6,404.98,-6.9870,0.3,2.5998,0.0,NaN,0.00013
sat2.6_g1,1,2.6,405.48,-6.9870,0.3,2.5998,0.0,NaN,0.00012
sat2.6_g1,1,2.6,405.98,-6.9880,0.3,2.5998,0.0,NaN,0.00012
sat2.6_g1,1,2.6,406.48,-6.9880,0.3,2.5998,0.0,NaN,0.00012
sat2.6_g1,1,2.6,406.98,-6.9880,0.3,2.5998,0.0,NaN,0.00012
sat2.6_g1,1,2.6,407.48,-6.9880,0.3,2.5998,0.0,NaN,0.00012
sat2.6_g1,1,2.6,407.98,-6.9880,0.3,2.5998,0.0,NaN,0.00012
sat2.6_g1,1,2.6,408.48,-6.9880,0.3,2.5998,0.0,NaN,0.00012
sat2.6_g1,1,2.6,408.98,-6.9880,0.3,2.5998,0.0,NaN,0.00012
sat2.6_g1,1,2.6,409.48,-6.9880,0.3,2.5998,0.0,NaN,0.00012
sat2.6_g1,1,2.6,409.98,-6.9880,0.3,2.5998,0.0,NaN,0.00012
sat2.6_g1,1,2.6,410.48,-6.9890,0.3,2.5998,0.0,NaN,0.00011
sat2.6_g1,1,2.6,410.98,-6.9890,0.3,2.5998,0.0,NaN,0.00011
sat2.6_g1,1,2.6,411.48,-6.9890,0.3,2.5998,0.0,NaN,0.00011
sat2.6_g1,1,2.6,411.98,-6.9890,0.3,2.5998,0.0,NaN,0.00011
sat2.6_g1,1,2.6,412.48,-6.9890,0.3,2.5998,0.0,NaN,0.00011
sat2.6_g1,1,2.6,412.98,-6.9890,0.3,2.5998,0.0,NaN,0.00011
sat2.6_g1,1,2.6,413.48,-6.9890,0.3,2.5998,0.0,NaN,0.00011
sat2.6_g1,1,2.6,413.98,-6.9890,0.3,2.5998,0.0,NaN,0.00011
sat2.6_g1,1,2.6,414.48,-6.9890,0.3,2.5998,0.0,NaN,0.00011
sat2.6_g1,1,2.6,414.98,-6.9890,0.3,2.5998,0.0,NaN,0.00011
sat2.6_g1,1,2.6,415.20,-6.9890,0.3,2.5998,0.0,NaN,0.00010
