run,dish,boundary,gravity_g,t_s,dish_mean_CO2,net_assimilation_pct,dish_mean_H2O,transpiration_pct,g_bl_vs_dish_air,g_bl_vs_ambient,u_max_lattice
BRIC_wet_g1,BRIC-mid,sealed,1,0.50,-0.0350,98.5,0.6384,44.3,0.827,0.701,0.07780
BRIC_wet_g1,BRIC-mid,sealed,1,1.00,-0.0690,97.6,0.9839,29.6,0.556,0.447,0.04740
BRIC_wet_g1,BRIC-mid,sealed,1,1.50,-0.1030,96.9,1.1399,16.8,0.446,0.345,0.02990
BRIC_wet_g1,BRIC-mid,sealed,1,2.00,-0.1360,96.2,1.2071,10.4,0.383,0.287,0.01970
BRIC_wet_g1,BRIC-mid,sealed,1,2.50,-0.1700,95.6,1.2401,6.9,0.342,0.248,0.01300
BRIC_wet_g1,BRIC-mid,sealed,1,3.00,-0.2030,95.0,1.2581,4.8,0.310,0.220,0.00729
BRIC_wet_g1,BRIC-mid,sealed,1,3.50,-0.2360,94.5,1.2688,3.4,0.284,0.197,0.00777
BRIC_wet_g1,BRIC-mid,sealed,1,4.00,-0.2690,94.1,1.2760,2.4,0.272,0.183,0.00940
BRIC_wet_g1,BRIC-mid,sealed,1,4.50,-0.3010,93.7,1.2817,1.7,0.265,0.173,0.00998
BRIC_wet_g1,BRIC-mid,sealed,1,5.00,-0.3340,93.4,1.2861,1.3,0.261,0.165,0.01040
BRIC_wet_g1,BRIC-mid,sealed,1,5.50,-0.3670,93.2,1.2896,0.9,0.259,0.159,0.01060
BRIC_wet_g1,BRIC-mid,sealed,1,6.00,-0.3990,92.9,1.2922,0.7,0.259,0.153,0.01080
BRIC_wet_g1,BRIC-mid,sealed,1,6.50,-0.4310,92.7,1.2942,0.5,0.259,0.148,0.01090
BRIC_wet_g1,BRIC-mid,sealed,1,7.00,-0.4640,92.4,1.2957,0.4,0.259,0.143,0.01090
BRIC_wet_g1,BRIC-mid,sealed,1,7.50,-0.4960,92.2,1.2968,0.3,0.259,0.139,0.01100
BRIC_wet_g1,BRIC-mid,sealed,1,8.00,-0.5280,92.0,1.2976,0.2,0.259,0.135,0.01100
BRIC_wet_g1,BRIC-mid,sealed,1,8.50,-0.5600,91.7,1.2982,0.2,0.259,0.131,0.01100
BRIC_wet_g1,BRIC-mid,sealed,1,9.00,-0.5920,91.5,1.2986,0.1,0.260,0.127,0.01100
BRIC_wet_g1,BRIC-mid,sealed,1,9.50,-0.6240,91.3,1.2989,0.1,0.260,0.124,0.01100
BRIC_wet_g1,BRIC-mid,sealed,1,10.00,-0.6550,91.0,1.2991,0.1,0.260,0.120,0.01100
BRIC_wet_g1,BRIC-mid,sealed,1,10.50,-0.6870,90.8,1.2993,0.1,0.260,0.117,0.01090
BRIC_wet_g1,BRIC-mid,sealed,1,11.00,-0.7190,90.5,1.2994,0.1,0.260,0.114,0.01090
BRIC_wet_g1,BRIC-mid,sealed,1,11.50,-0.7500,90.3,1.2995,0.1,0.260,0.111,0.01090
BRIC_wet_g1,BRIC-mid,sealed,1,12.00,-0.7820,90.1,1.2995,0.1,0.260,0.108,0.01090
BRIC_wet_g1,BRIC-mid,sealed,1,12.50,-0.8130,89.8,1.2996,0.1,0.260,0.106,0.01090
BRIC_wet_g1,BRIC-mid,sealed,1,13.00,-0.8440,89.6,1.2996,0.1,0.260,0.103,0.01090
BRIC_wet_g1,BRIC-mid,sealed,1,13.50,-0.8750,89.3,1.2996,0.1,0.260,0.101,0.01080
BRIC_wet_g1,BRIC-mid,sealed,1,14.00,-0.9060,89.1,1.2996,0.1,0.260,0.098,0.01080
BRIC_wet_g1,BRIC-mid,sealed,1,14.50,-0.9370,88.8,1.2997,0.1,0.260,0.096,0.01080
BRIC_wet_g1,BRIC-mid,sealed,1,15.00,-0.9680,88.6,1.2997,0.1,0.260,0.094,0.01080
BRIC_wet_g1,BRIC-mid,sealed,1,15.50,-0.9990,88.3,1.2997,0.1,0.260,0.092,0.01080
BRIC_wet_g1,BRIC-mid,sealed,1,16.00,-1.0300,88.1,1.2997,0.1,0.260,0.090,0.01080
BRIC_wet_g1,BRIC-mid,sealed,1,16.50,-1.0610,87.8,1.2997,0.1,0.259,0.088,0.01070
BRIC_wet_g1,BRIC-mid,sealed,1,17.00,-1.0910,87.6,1.2997,0.1,0.259,0.086,0.01070
BRIC_wet_g1,BRIC-mid,sealed,1,17.50,-1.1220,87.3,1.2997,0.1,0.259,0.084,0.01070
BRIC_wet_g1,BRIC-mid,sealed,1,18.00,-1.1520,87.1,1.2997,0.1,0.259,0.083,0.01070
BRIC_wet_g1,BRIC-mid,sealed,1,18.50,-1.1820,86.8,1.2997,0.1,0.259,0.081,0.01070
BRIC_wet_g1,BRIC-mid,sealed,1,19.00,-1.2130,86.6,1.2997,0.1,0.259,0.080,0.01070
BRIC_wet_g1,BRIC-mid,sealed,1,19.50,-1.2430,86.3,1.2997,0.1,0.259,0.078,0.01060
BRIC_wet_g1,BRIC-mid,sealed,1,20.00,-1.2730,86.1,1.2997,0.1,0.259,0.077,0.01060
BRIC_wet_g1,BRIC-mid,sealed,1,20.50,-1.3030,85.8,1.2997,0.1,0.259,0.075,0.01060
BRIC_wet_g1,BRIC-mid,sealed,1,21.00,-1.3320,85.5,1.2997,0.1,0.259,0.074,0.01060
BRIC_wet_g1,BRIC-mid,sealed,1,21.50,-1.3620,85.3,1.2997,0.1,0.259,0.073,0.01060
BRIC_wet_g1,BRIC-mid,sealed,1,22.00,-1.3920,85.0,1.2997,0.0,0.259,0.071,0.01060
BRIC_wet_g1,BRIC-mid,sealed,1,22.50,-1.4220,84.8,1.2997,0.0,0.259,0.070,0.01050
BRIC_wet_g1,BRIC-mid,sealed,1,23.00,-1.4510,84.5,1.2997,0.0,0.259,0.069,0.01050
BRIC_wet_g1,BRIC-mid,sealed,1,23.50,-1.4800,84.3,1.2997,0.0,0.258,0.068,0.01050
BRIC_wet_g1,BRIC-mid,sealed,1,24.00,-1.5100,84.0,1.2997,0.0,0.258,0.067,0.01050
BRIC_wet_g1,BRIC-mid,sealed,1,24.50,-1.5390,83.7,1.2997,0.0,0.258,0.065,0.01050
BRIC_wet_g1,BRIC-mid,sealed,1,25.00,-1.5680,83.5,1.2997,0.0,0.258,0.064,0.01050
BRIC_wet_g1,BRIC-mid,sealed,1,25.50,-1.5970,83.2,1.2997,0.0,0.258,0.063,0.01040
BRIC_wet_g1,BRIC-mid,sealed,1,26.00,-1.6260,83.0,1.2997,0.0,0.258,0.062,0.01040
BRIC_wet_g1,BRIC-mid,sealed,1,26.50,-1.6550,82.7,1.2997,0.0,0.258,0.061,0.01040
BRIC_wet_g1,BRIC-mid,sealed,1,27.00,-1.6840,82.4,1.2997,0.0,0.258,0.060,0.01040
BRIC_wet_g1,BRIC-mid,sealed,1,27.50,-1.7120,82.2,1.2997,0.0,0.258,0.059,0.01040
BRIC_wet_g1,BRIC-mid,sealed,1,28.00,-1.7410,81.9,1.2997,0.0,0.258,0.059,0.01030
BRIC_wet_g1,BRIC-mid,sealed,1,28.50,-1.7700,81.7,1.2997,0.0,0.258,0.058,0.01030
BRIC_wet_g1,BRIC-mid,sealed,1,29.00,-1.7980,81.4,1.2997,0.0,0.258,0.057,0.01030
BRIC_wet_g1,BRIC-mid,sealed,1,29.50,-1.8260,81.1,1.2997,0.0,0.258,0.056,0.01030
BRIC_wet_g1,BRIC-mid,sealed,1,30.00,-1.8550,80.9,1.2997,0.0,0.257,0.055,0.01030
BRIC_wet_g1,BRIC-mid,sealed,1,30.50,-1.8830,80.6,1.2997,0.0,0.257,0.054,0.01020
BRIC_wet_g1,BRIC-mid,sealed,1,31.00,-1.9110,80.4,1.2997,0.0,0.257,0.054,0.01020
BRIC_wet_g1,BRIC-mid,sealed,1,31.50,-1.9390,80.1,1.2997,0.0,0.257,0.053,0.01020
BRIC_wet_g1,BRIC-mid,sealed,1,32.00,-1.9670,79.8,1.2997,0.0,0.257,0.052,0.01020
BRIC_wet_g1,BRIC-mid,sealed,1,32.50,-1.9940,79.6,1.2997,0.0,0.257,0.051,0.01020
BRIC_wet_g1,BRIC-mid,sealed,1,33.00,-2.0220,79.3,1.2997,0.0,0.257,0.051,0.01010
BRIC_wet_g1,BRIC-mid,sealed,1,33.50,-2.0500,79.0,1.2997,0.0,0.257,0.050,0.01010
BRIC_wet_g1,BRIC-mid,sealed,1,34.00,-2.0770,78.8,1.2997,0.0,0.257,0.049,0.01010
BRIC_wet_g1,BRIC-mid,sealed,1,34.50,-2.1040,78.5,1.2997,0.0,0.257,0.049,0.01010
BRIC_wet_g1,BRIC-mid,sealed,1,35.00,-2.1320,78.2,1.2997,0.0,0.257,0.048,0.01010
BRIC_wet_g1,BRIC-mid,sealed,1,35.50,-2.1590,78.0,1.2997,0.0,0.257,0.047,0.01000
BRIC_wet_g1,BRIC-mid,sealed,1,36.00,-2.1860,77.7,1.2997,0.0,0.256,0.047,0.01000
BRIC_wet_g1,BRIC-mid,sealed,1,36.50,-2.2130,77.4,1.2997,0.0,0.256,0.046,0.01000
BRIC_wet_g1,BRIC-mid,sealed,1,37.00,-2.2400,77.2,1.2997,0.0,0.256,0.046,0.00998
BRIC_wet_g1,BRIC-mid,sealed,1,37.50,-2.2670,76.9,1.2997,0.0,0.256,0.045,0.00996
BRIC_wet_g1,BRIC-mid,sealed,1,38.00,-2.2940,76.6,1.2997,0.0,0.256,0.044,0.00993
BRIC_wet_g1,BRIC-mid,sealed,1,38.50,-2.3200,76.4,1.2997,0.0,0.256,0.044,0.00991
BRIC_wet_g1,BRIC-mid,sealed,1,39.00,-2.3470,76.1,1.2997,0.0,0.256,0.043,0.00989
BRIC_wet_g1,BRIC-mid,sealed,1,39.50,-2.3730,75.8,1.2997,0.0,0.256,0.043,0.00987
BRIC_wet_g1,BRIC-mid,sealed,1,40.00,-2.4000,75.6,1.2997,0.0,0.256,0.042,0.00985
BRIC_wet_g1,BRIC-mid,sealed,1,40.50,-2.4260,75.3,1.2997,0.0,0.256,0.042,0.00982
BRIC_wet_g1,BRIC-mid,sealed,1,41.00,-2.4520,75.0,1.2997,0.0,0.256,0.041,0.00980
BRIC_wet_g1,BRIC-mid,sealed,1,41.50,-2.4780,74.7,1.2997,0.0,0.256,0.041,0.00978
BRIC_wet_g1,BRIC-mid,sealed,1,42.00,-2.5040,74.5,1.2997,0.0,0.255,0.040,0.00976
BRIC_wet_g1,BRIC-mid,sealed,1,42.50,-2.5300,74.2,1.2997,0.0,0.255,0.040,0.00973
BRIC_wet_g1,BRIC-mid,sealed,1,43.00,-2.5560,73.9,1.2997,0.0,0.255,0.039,0.00971
BRIC_wet_g1,BRIC-mid,sealed,1,43.50,-2.5820,73.7,1.2997,0.0,0.255,0.039,0.00968
BRIC_wet_g1,BRIC-mid,sealed,1,44.00,-2.6070,73.4,1.2997,0.0,0.255,0.038,0.00966
BRIC_wet_g1,BRIC-mid,sealed,1,44.50,-2.6330,73.1,1.2997,0.0,0.255,0.038,0.00964
BRIC_wet_g1,BRIC-mid,sealed,1,45.00,-2.6580,72.8,1.2997,0.0,0.255,0.038,0.00962
BRIC_wet_g1,BRIC-mid,sealed,1,45.50,-2.6840,72.6,1.2997,0.0,0.255,0.037,0.00960
BRIC_wet_g1,BRIC-mid,sealed,1,46.00,-2.7090,72.3,1.2997,0.0,0.255,0.037,0.00959
BRIC_wet_g1,BRIC-mid,sealed,1,46.50,-2.7340,72.0,1.2997,0.0,0.255,0.036,0.00957
BRIC_wet_g1,BRIC-mid,sealed,1,47.00,-2.7590,71.8,1.2997,0.0,0.254,0.036,0.00956
BRIC_wet_g1,BRIC-mid,sealed,1,47.50,-2.7840,71.5,1.2997,0.0,0.254,0.036,0.00954
BRIC_wet_g1,BRIC-mid,sealed,1,48.00,-2.8090,71.2,1.2997,0.0,0.254,0.035,0.00953
BRIC_wet_g1,BRIC-mid,sealed,1,48.50,-2.8340,70.9,1.2997,0.0,0.254,0.035,0.00951
BRIC_wet_g1,BRIC-mid,sealed,1,49.00,-2.8580,70.7,1.2997,0.0,0.254,0.034,0.00950
BRIC_wet_g1,BRIC-mid,sealed,1,49.50,-2.8830,70.4,1.2998,0.0,0.254,0.034,0.00948
BRIC_wet_g1,BRIC-mid,sealed,1,50.00,-2.9070,70.1,1.2998,0.0,0.254,0.034,0.00947
BRIC_wet_g1,BRIC-mid,sealed,1,50.50,-2.9320,69.8,1.2998,0.0,0.254,0.033,0.00945
BRIC_wet_g1,BRIC-mid,sealed,1,51.00,-2.9560,69.6,1.2998,0.0,0.254,0.033,0.00944
BRIC_wet_g1,BRIC-mid,sealed,1,51.50,-2.9800,69.3,1.2998,0.0,0.254,0.033,0.00943
BRIC_wet_g1,BRIC-mid,sealed,1,52.00,-3.0040,69.0,1.2998,0.0,0.253,0.032,0.00941
BRIC_wet_g1,BRIC-mid,sealed,1,52.50,-3.0280,68.7,1.2998,0.0,0.253,0.032,0.00940
BRIC_wet_g1,BRIC-mid,sealed,1,53.00,-3.0520,68.5,1.2998,0.0,0.253,0.032,0.00939
BRIC_wet_g1,BRIC-mid,sealed,1,53.50,-3.0760,68.2,1.2998,0.0,0.253,0.031,0.00937
BRIC_wet_g1,BRIC-mid,sealed,1,54.00,-3.1000,67.9,1.2998,0.0,0.253,0.031,0.00936
BRIC_wet_g1,BRIC-mid,sealed,1,54.50,-3.1240,67.6,1.2998,0.0,0.253,0.031,0.00935
BRIC_wet_g1,BRIC-mid,sealed,1,55.00,-3.1470,67.4,1.2998,0.0,0.253,0.030,0.00934
BRIC_wet_g1,BRIC-mid,sealed,1,55.50,-3.1700,67.1,1.2998,0.0,0.253,0.030,0.00932
BRIC_wet_g1,BRIC-mid,sealed,1,56.00,-3.1940,66.8,1.2998,0.0,0.253,0.030,0.00931
BRIC_wet_g1,BRIC-mid,sealed,1,56.50,-3.2170,66.5,1.2998,0.0,0.253,0.029,0.00930
BRIC_wet_g1,BRIC-mid,sealed,1,57.00,-3.2400,66.3,1.2998,0.0,0.252,0.029,0.00929
BRIC_wet_g1,BRIC-mid,sealed,1,57.50,-3.2630,66.0,1.2998,0.0,0.252,0.029,0.00928
BRIC_wet_g1,BRIC-mid,sealed,1,58.00,-3.2860,65.7,1.2998,0.0,0.252,0.029,0.00927
BRIC_wet_g1,BRIC-mid,sealed,1,58.50,-3.3090,65.4,1.2998,0.0,0.252,0.028,0.00926
BRIC_wet_g1,BRIC-mid,sealed,1,59.00,-3.3320,65.2,1.2998,0.0,0.252,0.028,0.00925
BRIC_wet_g1,BRIC-mid,sealed,1,59.50,-3.3540,64.9,1.2998,0.0,0.252,0.028,0.00925
BRIC_wet_g1,BRIC-mid,sealed,1,60.00,-3.3770,64.6,1.2998,0.0,0.252,0.027,0.00924
BRIC_wet_g1,BRIC-mid,sealed,1,60.50,-3.4000,64.3,1.2998,0.0,0.252,0.027,0.00923
BRIC_wet_g1,BRIC-mid,sealed,1,61.00,-3.4220,64.1,1.2998,0.0,0.251,0.027,0.00922
BRIC_wet_g1,BRIC-mid,sealed,1,61.50,-3.4440,63.8,1.2998,0.0,0.251,0.027,0.00922
BRIC_wet_g1,BRIC-mid,sealed,1,62.00,-3.4660,63.5,1.2998,0.0,0.251,0.026,0.00921
BRIC_wet_g1,BRIC-mid,sealed,1,62.50,-3.4880,63.2,1.2998,0.0,0.251,0.026,0.00921
BRIC_wet_g1,BRIC-mid,sealed,1,63.00,-3.5100,63.0,1.2998,0.0,0.251,0.026,0.00920
BRIC_wet_g1,BRIC-mid,sealed,1,63.50,-3.5320,62.7,1.2998,0.0,0.251,0.026,0.00920
BRIC_wet_g1,BRIC-mid,sealed,1,64.00,-3.5540,62.4,1.2998,0.0,0.251,0.025,0.00920
BRIC_wet_g1,BRIC-mid,sealed,1,64.50,-3.5760,62.1,1.2998,0.0,0.251,0.025,0.00920
BRIC_wet_g1,BRIC-mid,sealed,1,65.00,-3.5970,61.9,1.2998,0.0,0.251,0.025,0.00920
BRIC_wet_g1,BRIC-mid,sealed,1,65.50,-3.6190,61.6,1.2998,0.0,0.250,0.025,0.00920
BRIC_wet_g1,BRIC-mid,sealed,1,66.00,-3.6400,61.3,1.2998,0.0,0.250,0.024,0.00920
BRIC_wet_g1,BRIC-mid,sealed,1,66.50,-3.6620,61.1,1.2998,0.0,0.250,0.024,0.00920
BRIC_wet_g1,BRIC-mid,sealed,1,67.00,-3.6830,60.8,1.2998,0.0,0.250,0.024,0.00920
BRIC_wet_g1,BRIC-mid,sealed,1,67.50,-3.7040,60.5,1.2998,0.0,0.250,0.024,0.00921
BRIC_wet_g1,BRIC-mid,sealed,1,68.00,-3.7250,60.2,1.2998,0.0,0.250,0.024,0.00921
BRIC_wet_g1,BRIC-mid,sealed,1,68.50,-3.7460,60.0,1.2998,0.1,0.250,0.023,0.00922
BRIC_wet_g1,BRIC-mid,sealed,1,69.00,-3.7670,59.7,1.2998,0.1,0.250,0.023,0.00923
BRIC_wet_g1,BRIC-mid,sealed,1,69.50,-3.7880,59.4,1.2998,0.1,0.249,0.023,0.00924
BRIC_wet_g1,BRIC-mid,sealed,1,70.00,-3.8080,59.1,1.2998,0.1,0.249,0.023,0.00925
BRIC_wet_g1,BRIC-mid,sealed,1,70.50,-3.8290,58.9,1.2998,0.1,0.249,0.023,0.00926
BRIC_wet_g1,BRIC-mid,sealed,1,71.00,-3.8490,58.6,1.2998,0.1,0.249,0.022,0.00928
BRIC_wet_g1,BRIC-mid,sealed,1,71.50,-3.8700,58.3,1.2998,0.1,0.249,0.022,0.00929
BRIC_wet_g1,BRIC-mid,sealed,1,72.00,-3.8900,58.0,1.2998,0.1,0.249,0.022,0.00931
BRIC_wet_g1,BRIC-mid,sealed,1,72.50,-3.9100,57.8,1.2998,0.1,0.249,0.022,0.00933
BRIC_wet_g1,BRIC-mid,sealed,1,73.00,-3.9300,57.5,1.2998,0.1,0.248,0.022,0.00935
BRIC_wet_g1,BRIC-mid,sealed,1,73.50,-3.9500,57.2,1.2998,0.1,0.248,0.021,0.00937
BRIC_wet_g1,BRIC-mid,sealed,1,74.00,-3.9700,57.0,1.2998,0.1,0.248,0.021,0.00940
BRIC_wet_g1,BRIC-mid,sealed,1,74.50,-3.9900,56.7,1.2998,0.1,0.248,0.021,0.00943
BRIC_wet_g1,BRIC-mid,sealed,1,75.00,-4.0100,56.4,1.2998,0.1,0.248,0.021,0.00946
BRIC_wet_g1,BRIC-mid,sealed,1,75.50,-4.0290,56.1,1.2999,0.1,0.248,0.021,0.00949
BRIC_wet_g1,BRIC-mid,sealed,1,76.00,-4.0490,55.9,1.2999,0.1,0.248,0.020,0.00952
BRIC_wet_g1,BRIC-mid,sealed,1,76.50,-4.0680,55.6,1.2999,0.1,0.247,0.020,0.00956
BRIC_wet_g1,BRIC-mid,sealed,1,77.00,-4.0880,55.3,1.2999,0.1,0.247,0.020,0.00960
BRIC_wet_g1,BRIC-mid,sealed,1,77.50,-4.1070,55.1,1.2999,0.1,0.247,0.020,0.00965
BRIC_wet_g1,BRIC-mid,sealed,1,78.00,-4.1260,54.8,1.2999,0.1,0.247,0.020,0.00970
BRIC_wet_g1,BRIC-mid,sealed,1,78.50,-4.1450,54.5,1.2999,0.1,0.247,0.020,0.00976
BRIC_wet_g1,BRIC-mid,sealed,1,79.00,-4.1640,54.3,1.2999,0.1,0.247,0.019,0.00988
BRIC_wet_g1,BRIC-mid,sealed,1,79.50,-4.1830,54.0,1.2999,0.1,0.246,0.019,0.01030
BRIC_wet_g1,BRIC-mid,sealed,1,80.00,-4.2020,53.7,1.2999,0.1,0.246,0.019,0.01080
BRIC_wet_g1,BRIC-mid,sealed,1,80.50,-4.2200,53.4,1.2999,0.1,0.246,0.019,0.01130
BRIC_wet_g1,BRIC-mid,sealed,1,81.00,-4.2390,53.2,1.2999,0.1,0.246,0.019,0.01180
BRIC_wet_g1,BRIC-mid,sealed,1,81.50,-4.2570,52.9,1.2999,0.1,0.246,0.019,0.01240
BRIC_wet_g1,BRIC-mid,sealed,1,82.00,-4.2760,52.6,1.2999,0.1,0.245,0.018,0.01300
BRIC_wet_g1,BRIC-mid,sealed,1,82.50,-4.2940,52.4,1.2999,0.1,0.245,0.018,0.01360
BRIC_wet_g1,BRIC-mid,sealed,1,83.00,-4.3120,52.1,1.2999,0.1,0.245,0.018,0.01420
BRIC_wet_g1,BRIC-mid,sealed,1,83.49,-4.3300,51.8,1.2999,0.1,0.245,0.018,0.01490
BRIC_wet_g1,BRIC-mid,sealed,1,83.99,-4.3480,51.6,1.2999,0.1,0.245,0.018,0.01560
BRIC_wet_g1,BRIC-mid,sealed,1,84.49,-4.3660,51.3,1.2999,0.1,0.244,0.018,0.01630
BRIC_wet_g1,BRIC-mid,sealed,1,84.99,-4.3840,51.0,1.2999,0.1,0.244,0.017,0.01700
BRIC_wet_g1,BRIC-mid,sealed,1,85.49,-4.4020,50.8,1.2999,0.1,0.244,0.017,0.01780
BRIC_wet_g1,BRIC-mid,sealed,1,85.99,-4.4190,50.5,1.2999,0.1,0.244,0.017,0.01870
BRIC_wet_g1,BRIC-mid,sealed,1,86.49,-4.4370,50.2,1.2999,0.1,0.243,0.017,0.01960
BRIC_wet_g1,BRIC-mid,sealed,1,86.99,-4.4550,50.0,1.2999,0.1,0.243,0.017,0.02050
BRIC_wet_g1,BRIC-mid,sealed,1,87.49,-4.4720,49.7,1.2999,0.1,0.243,0.017,0.02150
BRIC_wet_g1,BRIC-mid,sealed,1,87.99,-4.4890,49.5,1.2999,0.1,0.243,0.017,0.02250
BRIC_wet_g1,BRIC-mid,sealed,1,88.49,-4.5060,49.2,1.2999,0.2,0.242,0.016,0.02360
BRIC_wet_g1,BRIC-mid,sealed,1,88.99,-4.5230,48.9,1.2999,0.2,0.242,0.016,0.02470
BRIC_wet_g1,BRIC-mid,sealed,1,89.49,-4.5400,48.7,1.2999,0.2,0.241,0.016,0.02590
BRIC_wet_g1,BRIC-mid,sealed,1,89.99,-4.5570,48.4,1.2998,0.2,0.241,0.016,0.02710
BRIC_wet_g1,BRIC-mid,sealed,1,90.49,-4.5740,48.1,1.2998,0.2,0.241,0.016,0.02840
BRIC_wet_g1,BRIC-mid,sealed,1,90.99,-4.5910,47.9,1.2998,0.2,0.240,0.016,0.02980
BRIC_wet_g1,BRIC-mid,sealed,1,91.49,-4.6080,47.6,1.2998,0.2,0.240,0.016,0.03120
BRIC_wet_g1,BRIC-mid,sealed,1,91.99,-4.6240,47.3,1.2998,0.2,0.239,0.015,0.03270
BRIC_wet_g1,BRIC-mid,sealed,1,92.49,-4.6410,47.1,1.2998,0.3,0.239,0.015,0.03430
BRIC_wet_g1,BRIC-mid,sealed,1,92.99,-4.6570,46.8,1.2997,0.3,0.238,0.015,0.03600
BRIC_wet_g1,BRIC-mid,sealed,1,93.49,-4.6730,46.6,1.2997,0.3,0.238,0.015,0.03780
BRIC_wet_g1,BRIC-mid,sealed,1,93.99,-4.6890,46.3,1.2997,0.3,0.237,0.015,0.03960
BRIC_wet_g1,BRIC-mid,sealed,1,94.49,-4.7050,46.0,1.2997,0.3,0.237,0.015,0.04160
BRIC_wet_g1,BRIC-mid,sealed,1,94.99,-4.7210,45.8,1.2996,0.4,0.236,0.015,0.04360
BRIC_wet_g1,BRIC-mid,sealed,1,95.49,-4.7370,45.5,1.2996,0.4,0.235,0.015,0.04580
BRIC_wet_g1,BRIC-mid,sealed,1,95.99,-4.7530,45.2,1.2995,0.4,0.234,0.014,0.04810
BRIC_wet_g1,BRIC-mid,sealed,1,96.49,-4.7690,45.0,1.2995,0.4,0.234,0.014,0.05050
BRIC_wet_g1,BRIC-mid,sealed,1,96.99,-4.7850,44.7,1.2994,0.5,0.233,0.014,0.05310
BRIC_wet_g1,BRIC-mid,sealed,1,97.49,-4.8000,44.4,1.2994,0.5,0.232,0.014,0.05580
BRIC_wet_g1,BRIC-mid,sealed,1,97.99,-4.8150,44.2,1.2993,0.6,0.231,0.014,0.05860
BRIC_wet_g1,BRIC-mid,sealed,1,98.49,-4.8310,43.9,1.2992,0.6,0.230,0.014,0.06160
BRIC_wet_g1,BRIC-mid,sealed,1,98.99,-4.8460,43.6,1.2991,0.7,0.229,0.014,0.06480
BRIC_wet_g1,BRIC-mid,sealed,1,99.49,-4.8610,43.4,1.2990,0.7,0.228,0.014,0.06810
BRIC_wet_g1,BRIC-mid,sealed,1,99.99,-4.8760,43.1,1.2989,0.8,0.227,0.013,0.07160
BRIC_wet_g1,BRIC-mid,sealed,1,100.49,-4.8910,42.9,1.2988,0.9,0.226,0.013,0.07530
BRIC_wet_g1,BRIC-mid,sealed,1,100.99,-4.9060,42.6,1.2986,0.9,0.225,0.013,0.07920
BRIC_wet_g1,BRIC-mid,sealed,1,101.49,-4.9210,42.3,1.2985,1.0,0.224,0.013,0.08330
BRIC_wet_g1,BRIC-mid,sealed,1,101.99,-4.9360,42.1,1.2983,1.1,0.222,0.013,0.08770
BRIC_wet_g1,BRIC-mid,sealed,1,102.49,-4.9500,41.8,1.2981,1.2,0.221,0.013,0.09220
BRIC_wet_g1,BRIC-mid,sealed,1,102.99,-4.9650,41.5,1.2979,1.3,0.220,0.013,0.09700
BRIC_wet_g1,BRIC-mid,sealed,1,103.49,-4.9790,41.3,1.2977,1.5,0.219,0.013,0.10200
BRIC_wet_g1,BRIC-mid,sealed,1,103.99,-4.9940,41.0,1.2974,1.6,0.217,0.012,0.10700
BRIC_wet_g1,BRIC-mid,sealed,1,104.49,-5.0080,40.7,1.2971,1.7,0.216,0.012,0.11300
BRIC_wet_g1,BRIC-mid,sealed,1,104.99,-5.0220,40.5,1.2968,1.9,0.214,0.012,0.11900
BRIC_wet_g1,BRIC-mid,sealed,1,105.49,-5.0360,40.2,1.2965,2.1,0.213,0.012,0.12500
BRIC_wet_g1,BRIC-mid,sealed,1,105.99,-5.0500,39.9,1.2961,2.3,0.212,0.012,0.13100
BRIC_wet_g1,BRIC-mid,sealed,1,106.49,-5.0640,39.7,1.2957,2.5,0.210,0.012,0.13700
BRIC_wet_g1,BRIC-mid,sealed,1,106.99,-5.0780,39.4,1.2952,2.7,0.209,0.012,0.14400
BRIC_wet_g1,BRIC-mid,sealed,1,107.49,-5.0910,39.1,1.2947,2.9,0.208,0.012,0.15100
BRIC_wet_g1,BRIC-mid,sealed,1,107.99,-5.1050,38.9,1.2941,3.2,0.206,0.012,0.15800
BRIC_wet_g1,BRIC-mid,sealed,1,108.49,-5.1180,38.6,1.2935,3.4,0.205,0.011,0.16500
BRIC_wet_g1,BRIC-mid,sealed,1,108.99,-5.1320,38.4,1.2929,3.7,0.204,0.011,0.17300
BRIC_wet_g1,BRIC-mid,sealed,1,109.49,-5.1450,38.1,1.2922,4.0,0.203,0.011,0.18000
BRIC_wet_g1,BRIC-mid,sealed,1,109.99,-5.1580,37.8,1.2914,4.3,0.201,0.011,0.18800
BRIC_wet_g1,BRIC-mid,sealed,1,110.49,-5.1720,37.6,1.2906,4.6,0.200,0.011,0.19600
BRIC_wet_g1,BRIC-mid,sealed,1,110.99,-5.1850,37.3,1.2897,5.0,0.199,0.011,0.20400
BRIC_wet_g1,BRIC-mid,sealed,1,111.49,-5.1980,37.1,1.2888,5.3,0.198,0.011,0.21200
BRIC_wet_g1,BRIC-mid,sealed,1,111.99,-5.2100,36.9,1.2878,5.7,0.197,0.011,0.22000
BRIC_wet_g1,BRIC-mid,sealed,1,112.49,-5.2230,36.6,1.2867,6.1,0.196,0.011,0.22800
BRIC_wet_g1,BRIC-mid,sealed,1,112.99,-5.2360,36.4,1.2855,6.5,0.195,0.011,0.23600
BRIC_wet_g1,BRIC-mid,sealed,1,113.49,-5.2490,36.1,1.2843,6.8,0.194,0.010,0.24400
BRIC_wet_g1,BRIC-mid,sealed,1,113.99,-5.2610,35.9,1.2830,7.3,0.193,0.010,0.25100
BRIC_wet_g1,BRIC-mid,sealed,1,114.49,-5.2740,35.6,1.2816,7.7,0.192,0.010,0.25900
BRIC_wet_g1,BRIC-mid,sealed,1,114.99,-5.2860,35.4,1.2801,8.1,0.192,0.010,0.26700
BRIC_wet_g1,BRIC-mid,sealed,1,115.49,-5.2980,35.2,1.2786,8.5,0.191,0.010,0.27500
BRIC_wet_g1,BRIC-mid,sealed,1,115.99,-5.3100,35.0,1.2769,8.9,0.190,0.010,0.28200
BRIC_wet_g1,BRIC-mid,sealed,1,116.49,-5.3230,34.7,1.2751,9.4,0.190,0.010,0.29000
BRIC_wet_g1,BRIC-mid,sealed,1,116.99,-5.3350,34.5,1.2733,9.8,0.189,0.010,0.29700
BRIC_wet_g1,BRIC-mid,sealed,1,117.49,-5.3470,34.3,1.2713,10.2,0.188,0.010,0.30400
BRIC_wet_g1,BRIC-mid,sealed,1,117.99,-5.3590,34.0,1.2692,10.7,0.188,0.010,0.31100
BRIC_wet_g1,BRIC-mid,sealed,1,118.49,-5.3700,33.8,1.2670,11.1,0.187,0.010,0.31800
BRIC_wet_g1,BRIC-mid,sealed,1,118.99,-5.3820,33.6,1.2647,11.6,0.187,0.010,0.32500
BRIC_wet_g1,BRIC-mid,sealed,1,119.49,-5.3940,33.4,1.2622,12.0,0.187,0.009,0.33100
BRIC_wet_g1,BRIC-mid,sealed,1,119.99,-5.4050,33.2,1.2597,12.4,0.186,0.009,0.33800
BRIC_wet_g1,BRIC-mid,sealed,1,120.49,-5.4170,33.0,1.2569,12.9,0.186,0.009,0.34400
BRIC_wet_g1,BRIC-mid,sealed,1,120.99,-5.4280,32.8,1.2541,13.4,0.186,0.009,0.35100
BRIC_wet_g1,BRIC-mid,sealed,1,121.49,-5.4400,32.5,1.2511,13.8,0.185,0.009,0.35700
BRIC_wet_g1,BRIC-mid,sealed,1,121.99,-5.4510,32.3,1.2479,14.3,0.185,0.009,0.36300
BRIC_wet_g1,BRIC-mid,sealed,1,122.49,-5.4620,32.1,1.2446,14.7,0.185,0.009,0.36900
BRIC_wet_g1,BRIC-mid,sealed,1,122.99,-5.4730,31.9,1.2411,15.2,0.184,0.009,0.37500
BRIC_wet_g1,BRIC-mid,sealed,1,123.49,-5.4850,31.7,1.2374,15.7,0.184,0.009,0.38100
BRIC_wet_g1,BRIC-mid,sealed,1,123.99,-5.4960,31.5,1.2336,16.2,0.184,0.009,0.38700
BRIC_wet_g1,BRIC-mid,sealed,1,124.49,-5.5070,31.3,1.2296,16.7,0.184,0.009,0.39300
BRIC_wet_g1,BRIC-mid,sealed,1,124.99,-5.5170,31.1,1.2253,17.1,0.184,0.009,0.39800
BRIC_wet_g1,BRIC-mid,sealed,1,125.49,-5.5280,30.9,1.2209,17.6,0.184,0.009,0.40400
BRIC_wet_g1,BRIC-mid,sealed,1,125.99,-5.5390,30.7,1.2163,18.1,0.183,0.009,0.41000
BRIC_wet_g1,BRIC-mid,sealed,1,126.49,-5.5500,30.5,1.2115,18.6,0.183,0.008,0.41500
BRIC_wet_g1,BRIC-mid,sealed,1,126.99,-5.5600,30.3,1.2065,19.2,0.183,0.008,0.42100
BRIC_wet_g1,BRIC-mid,sealed,1,127.49,-5.5710,30.1,1.2013,19.7,0.183,0.008,0.42600
BRIC_wet_g1,BRIC-mid,sealed,1,127.99,-5.5810,29.9,1.1958,20.2,0.183,0.008,0.43200
BRIC_wet_g1,BRIC-mid,sealed,1,128.49,-5.5920,29.8,1.1901,20.7,0.183,0.008,0.43700
BRIC_wet_g1,BRIC-mid,sealed,1,128.99,-5.6020,29.6,1.1842,21.3,0.183,0.008,0.44200
BRIC_wet_g1,BRIC-mid,sealed,1,129.49,NaN,NaN,NaN,NaN,NaN,NaN,0.00000
BRIC_wet_g1,BRIC-mid,sealed,1,129.99,NaN,NaN,NaN,NaN,NaN,NaN,0.00000
BRIC_wet_g1,BRIC-mid,sealed,1,130.49,NaN,NaN,NaN,NaN,NaN,NaN,0.00000
BRIC_wet_g1,BRIC-mid,sealed,1,130.99,NaN,NaN,NaN,NaN,NaN,NaN,0.00000
BRIC_wet_g1,BRIC-mid,sealed,1,131.49,NaN,NaN,NaN,NaN,NaN,NaN,0.00000
BRIC_wet_g1,BRIC-mid,sealed,1,131.99,NaN,NaN,NaN,NaN,NaN,NaN,0.00000
BRIC_wet_g1,BRIC-mid,sealed,1,132.49,NaN,NaN,NaN,NaN,NaN,NaN,0.00000
BRIC_wet_g1,BRIC-mid,sealed,1,132.99,NaN,NaN,NaN,NaN,NaN,NaN,0.00000
BRIC_wet_g1,BRIC-mid,sealed,1,133.49,NaN,NaN,NaN,NaN,NaN,NaN,0.00000
BRIC_wet_g1,BRIC-mid,sealed,1,133.99,NaN,NaN,NaN,NaN,NaN,NaN,0.00000
BRIC_wet_g1,BRIC-mid,sealed,1,134.49,NaN,NaN,NaN,NaN,NaN,NaN,0.00000
BRIC_wet_g1,BRIC-mid,sealed,1,134.99,NaN,NaN,NaN,NaN,NaN,NaN,0.00000
BRIC_wet_g1,BRIC-mid,sealed,1,135.49,NaN,NaN,NaN,NaN,NaN,NaN,0.00000
BRIC_wet_g1,BRIC-mid,sealed,1,135.99,NaN,NaN,NaN,NaN,NaN,NaN,0.00000
BRIC_wet_g1,BRIC-mid,sealed,1,136.49,NaN,NaN,NaN,NaN,NaN,NaN,0.00000
BRIC_wet_g1,BRIC-mid,sealed,1,136.99,NaN,NaN,NaN,NaN,NaN,NaN,0.00000
BRIC_wet_g1,BRIC-mid,sealed,1,137.49,NaN,NaN,NaN,NaN,NaN,NaN,0.00000
BRIC_wet_g1,BRIC-mid,sealed,1,137.99,NaN,NaN,NaN,NaN,NaN,NaN,0.00000
BRIC_wet_g1,BRIC-mid,sealed,1,138.49,NaN,NaN,NaN,NaN,NaN,NaN,0.00000
BRIC_wet_g1,BRIC-mid,sealed,1,138.99,NaN,NaN,NaN,NaN,NaN,NaN,0.00000
BRIC_wet_g1,BRIC-mid,sealed,1,139.49,NaN,NaN,NaN,NaN,NaN,NaN,0.00000
BRIC_wet_g1,BRIC-mid,sealed,1,139.99,NaN,NaN,NaN,NaN,NaN,NaN,0.00000
BRIC_wet_g1,BRIC-mid,sealed,1,140.49,NaN,NaN,NaN,NaN,NaN,NaN,0.00000
BRIC_wet_g1,BRIC-mid,sealed,1,140.99,NaN,NaN,NaN,NaN,NaN,NaN,0.00000
BRIC_wet_g1,BRIC-mid,sealed,1,141.49,NaN,NaN,NaN,NaN,NaN,NaN,0.00000
BRIC_wet_g1,BRIC-mid,sealed,1,141.99,NaN,NaN,NaN,NaN,NaN,NaN,0.00000
BRIC_wet_g1,BRIC-mid,sealed,1,142.49,NaN,NaN,NaN,NaN,NaN,NaN,0.00000
BRIC_wet_g1,BRIC-mid,sealed,1,142.99,NaN,NaN,NaN,NaN,NaN,NaN,0.00000
BRIC_wet_g1,BRIC-mid,sealed,1,143.49,NaN,NaN,NaN,NaN,NaN,NaN,0.00000
BRIC_wet_g1,BRIC-mid,sealed,1,143.99,NaN,NaN,NaN,NaN,NaN,NaN,0.00000
BRIC_wet_g1,BRIC-mid,sealed,1,144.49,NaN,NaN,NaN,NaN,NaN,NaN,0.00000
BRIC_wet_g1,BRIC-mid,sealed,1,144.99,NaN,NaN,NaN,NaN,NaN,NaN,0.00000
BRIC_wet_g1,BRIC-mid,sealed,1,145.49,NaN,NaN,NaN,NaN,NaN,NaN,0.00000
BRIC_wet_g1,BRIC-mid,sealed,1,145.99,NaN,NaN,NaN,NaN,NaN,NaN,0.00000
BRIC_wet_g1,BRIC-mid,sealed,1,146.49,NaN,NaN,NaN,NaN,NaN,NaN,0.00000
BRIC_wet_g1,BRIC-mid,sealed,1,146.99,NaN,NaN,NaN,NaN,NaN,NaN,0.00000
BRIC_wet_g1,BRIC-mid,sealed,1,147.49,NaN,NaN,NaN,NaN,NaN,NaN,0.00000
BRIC_wet_g1,BRIC-mid,sealed,1,147.99,NaN,NaN,NaN,NaN,NaN,NaN,0.00000
BRIC_wet_g1,BRIC-mid,sealed,1,148.49,NaN,NaN,NaN,NaN,NaN,NaN,0.00000
BRIC_wet_g1,BRIC-mid,sealed,1,148.99,NaN,NaN,NaN,NaN,NaN,NaN,0.00000
BRIC_wet_g1,BRIC-mid,sealed,1,149.49,NaN,NaN,NaN,NaN,NaN,NaN,0.00000
BRIC_wet_g1,BRIC-mid,sealed,1,149.99,NaN,NaN,NaN,NaN,NaN,NaN,0.00000
BRIC_wet_g1,BRIC-mid,sealed,1,150.49,NaN,NaN,NaN,NaN,NaN,NaN,0.00000
BRIC_wet_g1,BRIC-mid,sealed,1,150.99,NaN,NaN,NaN,NaN,NaN,NaN,0.00000
BRIC_wet_g1,BRIC-mid,sealed,1,151.49,NaN,NaN,NaN,NaN,NaN,NaN,0.00000
BRIC_wet_g1,BRIC-mid,sealed,1,151.99,NaN,NaN,NaN,NaN,NaN,NaN,0.00000
BRIC_wet_g1,BRIC-mid,sealed,1,152.49,NaN,NaN,NaN,NaN,NaN,NaN,0.00000
BRIC_wet_g1,BRIC-mid,sealed,1,152.99,NaN,NaN,NaN,NaN,NaN,NaN,0.00000
BRIC_wet_g1,BRIC-mid,sealed,1,153.49,NaN,NaN,NaN,NaN,NaN,NaN,0.00000
BRIC_wet_g1,BRIC-mid,sealed,1,153.99,NaN,NaN,NaN,NaN,NaN,NaN,0.00000
BRIC_wet_g1,BRIC-mid,sealed,1,154.49,NaN,NaN,NaN,NaN,NaN,NaN,0.00000
BRIC_wet_g1,BRIC-mid,sealed,1,154.99,NaN,NaN,NaN,NaN,NaN,NaN,0.00000
BRIC_wet_g1,BRIC-mid,sealed,1,155.49,NaN,NaN,NaN,NaN,NaN,NaN,0.00000
BRIC_wet_g1,BRIC-mid,sealed,1,155.99,NaN,NaN,NaN,NaN,NaN,NaN,0.00000
BRIC_wet_g1,BRIC-mid,sealed,1,156.49,NaN,NaN,NaN,NaN,NaN,NaN,0.00000
BRIC_wet_g1,BRIC-mid,sealed,1,156.99,NaN,NaN,NaN,NaN,NaN,NaN,0.00000
BRIC_wet_g1,BRIC-mid,sealed,1,157.49,NaN,NaN,NaN,NaN,NaN,NaN,0.00000
BRIC_wet_g1,BRIC-mid,sealed,1,157.99,NaN,NaN,NaN,NaN,NaN,NaN,0.00000
BRIC_wet_g1,BRIC-mid,sealed,1,158.49,NaN,NaN,NaN,NaN,NaN,NaN,0.00000
BRIC_wet_g1,BRIC-mid,sealed,1,158.99,NaN,NaN,NaN,NaN,NaN,NaN,0.00000
BRIC_wet_g1,BRIC-mid,sealed,1,159.49,NaN,NaN,NaN,NaN,NaN,NaN,0.00000
BRIC_wet_g1,BRIC-mid,sealed,1,159.99,NaN,NaN,NaN,NaN,NaN,NaN,0.00000
BRIC_wet_g1,BRIC-mid,sealed,1,160.49,NaN,NaN,NaN,NaN,NaN,NaN,0.00000
BRIC_wet_g1,BRIC-mid,sealed,1,160.99,NaN,NaN,NaN,NaN,NaN,NaN,0.00000
BRIC_wet_g1,BRIC-mid,sealed,1,161.49,NaN,NaN,NaN,NaN,NaN,NaN,0.00000
BRIC_wet_g1,BRIC-mid,sealed,1,161.99,NaN,NaN,NaN,NaN,NaN,NaN,0.00000
BRIC_wet_g1,BRIC-mid,sealed,1,162.49,NaN,NaN,NaN,NaN,NaN,NaN,0.00000
BRIC_wet_g1,BRIC-mid,sealed,1,162.99,NaN,NaN,NaN,NaN,NaN,NaN,0.00000
BRIC_wet_g1,BRIC-mid,sealed,1,163.49,NaN,NaN,NaN,NaN,NaN,NaN,0.00000
BRIC_wet_g1,BRIC-mid,sealed,1,163.99,NaN,NaN,NaN,NaN,NaN,NaN,0.00000
BRIC_wet_g1,BRIC-mid,sealed,1,164.49,NaN,NaN,NaN,NaN,NaN,NaN,0.00000
BRIC_wet_g1,BRIC-mid,sealed,1,164.99,NaN,NaN,NaN,NaN,NaN,NaN,0.00000
BRIC_wet_g1,BRIC-mid,sealed,1,165.49,NaN,NaN,NaN,NaN,NaN,NaN,0.00000
BRIC_wet_g1,BRIC-mid,sealed,1,165.99,NaN,NaN,NaN,NaN,NaN,NaN,0.00000
BRIC_wet_g1,BRIC-mid,sealed,1,166.49,NaN,NaN,NaN,NaN,NaN,NaN,0.00000
BRIC_wet_g1,BRIC-mid,sealed,1,166.99,NaN,NaN,NaN,NaN,NaN,NaN,0.00000
BRIC_wet_g1,BRIC-mid,sealed,1,167.49,NaN,NaN,NaN,NaN,NaN,NaN,0.00000
BRIC_wet_g1,BRIC-mid,sealed,1,167.99,NaN,NaN,NaN,NaN,NaN,NaN,0.00000
BRIC_wet_g1,BRIC-mid,sealed,1,168.49,NaN,NaN,NaN,NaN,NaN,NaN,0.00000
BRIC_wet_g1,BRIC-mid,sealed,1,168.99,NaN,NaN,NaN,NaN,NaN,NaN,0.00000
BRIC_wet_g1,BRIC-mid,sealed,1,169.49,NaN,NaN,NaN,NaN,NaN,NaN,0.00000
BRIC_wet_g1,BRIC-mid,sealed,1,169.99,NaN,NaN,NaN,NaN,NaN,NaN,0.00000
BRIC_wet_g1,BRIC-mid,sealed,1,170.49,NaN,NaN,NaN,NaN,NaN,NaN,0.00000
BRIC_wet_g1,BRIC-mid,sealed,1,170.99,NaN,NaN,NaN,NaN,NaN,NaN,0.00000
BRIC_wet_g1,BRIC-mid,sealed,1,171.49,NaN,NaN,NaN,NaN,NaN,NaN,0.00000
BRIC_wet_g1,BRIC-mid,sealed,1,171.99,NaN,NaN,NaN,NaN,NaN,NaN,0.00000
BRIC_wet_g1,BRIC-mid,sealed,1,172.49,NaN,NaN,NaN,NaN,NaN,NaN,0.00000
BRIC_wet_g1,BRIC-mid,sealed,1,172.99,NaN,NaN,NaN,NaN,NaN,NaN,0.00000
BRIC_wet_g1,BRIC-mid,sealed,1,173.49,NaN,NaN,NaN,NaN,NaN,NaN,0.00000
BRIC_wet_g1,BRIC-mid,sealed,1,173.99,NaN,NaN,NaN,NaN,NaN,NaN,0.00000
BRIC_wet_g1,BRIC-mid,sealed,1,174.49,NaN,NaN,NaN,NaN,NaN,NaN,0.00000
BRIC_wet_g1,BRIC-mid,sealed,1,174.99,NaN,NaN,NaN,NaN,NaN,NaN,0.00000
BRIC_wet_g1,BRIC-mid,sealed,1,175.49,NaN,NaN,NaN,NaN,NaN,NaN,0.00000
BRIC_wet_g1,BRIC-mid,sealed,1,175.99,NaN,NaN,NaN,NaN,NaN,NaN,0.00000
BRIC_wet_g1,BRIC-mid,sealed,1,176.49,NaN,NaN,NaN,NaN,NaN,NaN,0.00000
BRIC_wet_g1,BRIC-mid,sealed,1,176.99,NaN,NaN,NaN,NaN,NaN,NaN,0.00000
BRIC_wet_g1,BRIC-mid,sealed,1,177.49,NaN,NaN,NaN,NaN,NaN,NaN,0.00000
BRIC_wet_g1,BRIC-mid,sealed,1,177.99,NaN,NaN,NaN,NaN,NaN,NaN,0.00000
BRIC_wet_g1,BRIC-mid,sealed,1,178.49,NaN,NaN,NaN,NaN,NaN,NaN,0.00000
BRIC_wet_g1,BRIC-mid,sealed,1,178.99,NaN,NaN,NaN,NaN,NaN,NaN,0.00000
BRIC_wet_g1,BRIC-mid,sealed,1,179.49,NaN,NaN,NaN,NaN,NaN,NaN,0.00000
BRIC_wet_g1,BRIC-mid,sealed,1,179.99,NaN,NaN,NaN,NaN,NaN,NaN,0.00000
BRIC_wet_g1,BRIC-mid,sealed,1,180.49,NaN,NaN,NaN,NaN,NaN,NaN,0.00000
BRIC_wet_g1,BRIC-mid,sealed,1,180.99,NaN,NaN,NaN,NaN,NaN,NaN,0.00000
BRIC_wet_g1,BRIC-mid,sealed,1,181.49,NaN,NaN,NaN,NaN,NaN,NaN,0.00000
BRIC_wet_g1,BRIC-mid,sealed,1,181.99,NaN,NaN,NaN,NaN,NaN,NaN,0.00000
BRIC_wet_g1,BRIC-mid,sealed,1,182.49,NaN,NaN,NaN,NaN,NaN,NaN,0.00000
BRIC_wet_g1,BRIC-mid,sealed,1,182.99,NaN,NaN,NaN,NaN,NaN,NaN,0.00000
BRIC_wet_g1,BRIC-mid,sealed,1,183.49,NaN,NaN,NaN,NaN,NaN,NaN,0.00000
BRIC_wet_g1,BRIC-mid,sealed,1,183.99,NaN,NaN,NaN,NaN,NaN,NaN,0.00000
BRIC_wet_g1,BRIC-mid,sealed,1,184.49,NaN,NaN,NaN,NaN,NaN,NaN,0.00000
BRIC_wet_g1,BRIC-mid,sealed,1,184.99,NaN,NaN,NaN,NaN,NaN,NaN,0.00000
BRIC_wet_g1,BRIC-mid,sealed,1,185.49,NaN,NaN,NaN,NaN,NaN,NaN,0.00000
BRIC_wet_g1,BRIC-mid,sealed,1,185.99,NaN,NaN,NaN,NaN,NaN,NaN,0.00000
BRIC_wet_g1,BRIC-mid,sealed,1,186.49,NaN,NaN,NaN,NaN,NaN,NaN,0.00000
BRIC_wet_g1,BRIC-mid,sealed,1,186.99,NaN,NaN,NaN,NaN,NaN,NaN,0.00000
BRIC_wet_g1,BRIC-mid,sealed,1,187.49,NaN,NaN,NaN,NaN,NaN,NaN,0.00000
BRIC_wet_g1,BRIC-mid,sealed,1,187.99,NaN,NaN,NaN,NaN,NaN,NaN,0.00000
BRIC_wet_g1,BRIC-mid,sealed,1,188.49,NaN,NaN,NaN,NaN,NaN,NaN,0.00000
BRIC_wet_g1,BRIC-mid,sealed,1,188.99,NaN,NaN,NaN,NaN,NaN,NaN,0.00000
BRIC_wet_g1,BRIC-mid,sealed,1,189.49,NaN,NaN,NaN,NaN,NaN,NaN,0.00000
BRIC_wet_g1,BRIC-mid,sealed,1,189.99,NaN,NaN,NaN,NaN,NaN,NaN,0.00000
BRIC_wet_g1,BRIC-mid,sealed,1,190.49,NaN,NaN,NaN,NaN,NaN,NaN,0.00000
BRIC_wet_g1,BRIC-mid,sealed,1,190.99,NaN,NaN,NaN,NaN,NaN,NaN,0.00000
BRIC_wet_g1,BRIC-mid,sealed,1,191.49,NaN,NaN,NaN,NaN,NaN,NaN,0.00000
BRIC_wet_g1,BRIC-mid,sealed,1,191.99,NaN,NaN,NaN,NaN,NaN,NaN,0.00000
BRIC_wet_g1,BRIC-mid,sealed,1,192.49,NaN,NaN,NaN,NaN,NaN,NaN,0.00000
BRIC_wet_g1,BRIC-mid,sealed,1,192.99,NaN,NaN,NaN,NaN,NaN,NaN,0.00000
BRIC_wet_g1,BRIC-mid,sealed,1,193.49,NaN,NaN,NaN,NaN,NaN,NaN,0.00000
BRIC_wet_g1,BRIC-mid,sealed,1,193.99,NaN,NaN,NaN,NaN,NaN,NaN,0.00000
BRIC_wet_g1,BRIC-mid,sealed,1,194.49,NaN,NaN,NaN,NaN,NaN,NaN,0.00000
BRIC_wet_g1,BRIC-mid,sealed,1,194.99,NaN,NaN,NaN,NaN,NaN,NaN,0.00000
BRIC_wet_g1,BRIC-mid,sealed,1,195.49,NaN,NaN,NaN,NaN,NaN,NaN,0.00000
BRIC_wet_g1,BRIC-mid,sealed,1,195.99,NaN,NaN,NaN,NaN,NaN,NaN,0.00000
BRIC_wet_g1,BRIC-mid,sealed,1,196.49,NaN,NaN,NaN,NaN,NaN,NaN,0.00000
BRIC_wet_g1,BRIC-mid,sealed,1,196.99,NaN,NaN,NaN,NaN,NaN,NaN,0.00000
BRIC_wet_g1,BRIC-mid,sealed,1,197.49,NaN,NaN,NaN,NaN,NaN,NaN,0.00000
BRIC_wet_g1,BRIC-mid,sealed,1,197.99,NaN,NaN,NaN,NaN,NaN,NaN,0.00000
BRIC_wet_g1,BRIC-mid,sealed,1,198.49,NaN,NaN,NaN,NaN,NaN,NaN,0.00000
BRIC_wet_g1,BRIC-mid,sealed,1,198.99,NaN,NaN,NaN,NaN,NaN,NaN,0.00000
BRIC_wet_g1,BRIC-mid,sealed,1,199.49,NaN,NaN,NaN,NaN,NaN,NaN,0.00000
BRIC_wet_g1,BRIC-mid,sealed,1,199.99,NaN,NaN,NaN,NaN,NaN,NaN,0.00000
BRIC_wet_g1,BRIC-mid,sealed,1,200.49,NaN,NaN,NaN,NaN,NaN,NaN,0.00000
BRIC_wet_g1,BRIC-mid,sealed,1,200.99,NaN,NaN,NaN,NaN,NaN,NaN,0.00000
BRIC_wet_g1,BRIC-mid,sealed,1,201.49,NaN,NaN,NaN,NaN,NaN,NaN,0.00000
BRIC_wet_g1,BRIC-mid,sealed,1,201.99,NaN,NaN,NaN,NaN,NaN,NaN,0.00000
BRIC_wet_g1,BRIC-mid,sealed,1,202.49,NaN,NaN,NaN,NaN,NaN,NaN,0.00000
BRIC_wet_g1,BRIC-mid,sealed,1,202.99,NaN,NaN,NaN,NaN,NaN,NaN,0.00000
BRIC_wet_g1,BRIC-mid,sealed,1,203.49,NaN,NaN,NaN,NaN,NaN,NaN,0.00000
BRIC_wet_g1,BRIC-mid,sealed,1,203.99,NaN,NaN,NaN,NaN,NaN,NaN,0.00000
BRIC_wet_g1,BRIC-mid,sealed,1,204.49,NaN,NaN,NaN,NaN,NaN,NaN,0.00000
BRIC_wet_g1,BRIC-mid,sealed,1,204.99,NaN,NaN,NaN,NaN,NaN,NaN,0.00000
BRIC_wet_g1,BRIC-mid,sealed,1,205.49,NaN,NaN,NaN,NaN,NaN,NaN,0.00000
BRIC_wet_g1,BRIC-mid,sealed,1,205.99,NaN,NaN,NaN,NaN,NaN,NaN,0.00000
BRIC_wet_g1,BRIC-mid,sealed,1,206.49,NaN,NaN,NaN,NaN,NaN,NaN,0.00000
BRIC_wet_g1,BRIC-mid,sealed,1,206.99,NaN,NaN,NaN,NaN,NaN,NaN,0.00000
BRIC_wet_g1,BRIC-mid,sealed,1,207.49,NaN,NaN,NaN,NaN,NaN,NaN,0.00000
BRIC_wet_g1,BRIC-mid,sealed,1,207.99,NaN,NaN,NaN,NaN,NaN,NaN,0.00000
BRIC_wet_g1,BRIC-mid,sealed,1,208.49,NaN,NaN,NaN,NaN,NaN,NaN,0.00000
BRIC_wet_g1,BRIC-mid,sealed,1,208.99,NaN,NaN,NaN,NaN,NaN,NaN,0.00000
BRIC_wet_g1,BRIC-mid,sealed,1,209.49,NaN,NaN,NaN,NaN,NaN,NaN,0.00000
BRIC_wet_g1,BRIC-mid,sealed,1,209.99,NaN,NaN,NaN,NaN,NaN,NaN,0.00000
BRIC_wet_g1,BRIC-mid,sealed,1,210.49,NaN,NaN,NaN,NaN,NaN,NaN,0.00000
BRIC_wet_g1,BRIC-mid,sealed,1,210.99,NaN,NaN,NaN,NaN,NaN,NaN,0.00000
BRIC_wet_g1,BRIC-mid,sealed,1,211.49,NaN,NaN,NaN,NaN,NaN,NaN,0.00000
BRIC_wet_g1,BRIC-mid,sealed,1,211.99,NaN,NaN,NaN,NaN,NaN,NaN,0.00000
BRIC_wet_g1,BRIC-mid,sealed,1,212.49,NaN,NaN,NaN,NaN,NaN,NaN,0.00000
BRIC_wet_g1,BRIC-mid,sealed,1,212.99,NaN,NaN,NaN,NaN,NaN,NaN,0.00000
BRIC_wet_g1,BRIC-mid,sealed,1,213.49,NaN,NaN,NaN,NaN,NaN,NaN,0.00000
BRIC_wet_g1,BRIC-mid,sealed,1,213.99,NaN,NaN,NaN,NaN,NaN,NaN,0.00000
BRIC_wet_g1,BRIC-mid,sealed,1,214.49,NaN,NaN,NaN,NaN,NaN,NaN,0.00000
BRIC_wet_g1,BRIC-mid,sealed,1,214.99,NaN,NaN,NaN,NaN,NaN,NaN,0.00000
BRIC_wet_g1,BRIC-mid,sealed,1,215.49,NaN,NaN,NaN,NaN,NaN,NaN,0.00000
BRIC_wet_g1,BRIC-mid,sealed,1,215.99,NaN,NaN,NaN,NaN,NaN,NaN,0.00000
BRIC_wet_g1,BRIC-mid,sealed,1,216.49,NaN,NaN,NaN,NaN,NaN,NaN,0.00000
BRIC_wet_g1,BRIC-mid,sealed,1,216.99,NaN,NaN,NaN,NaN,NaN,NaN,0.00000
BRIC_wet_g1,BRIC-mid,sealed,1,217.49,NaN,NaN,NaN,NaN,NaN,NaN,0.00000
BRIC_wet_g1,BRIC-mid,sealed,1,217.99,NaN,NaN,NaN,NaN,NaN,NaN,0.00000
BRIC_wet_g1,BRIC-mid,sealed,1,218.49,NaN,NaN,NaN,NaN,NaN,NaN,0.00000
BRIC_wet_g1,BRIC-mid,sealed,1,218.99,NaN,NaN,NaN,NaN,NaN,NaN,0.00000
BRIC_wet_g1,BRIC-mid,sealed,1,219.49,NaN,NaN,NaN,NaN,NaN,NaN,0.00000
BRIC_wet_g1,BRIC-mid,sealed,1,219.99,NaN,NaN,NaN,NaN,NaN,NaN,0.00000
BRIC_wet_g1,BRIC-mid,sealed,1,220.49,NaN,NaN,NaN,NaN,NaN,NaN,0.00000
BRIC_wet_g1,BRIC-mid,sealed,1,220.99,NaN,NaN,NaN,NaN,NaN,NaN,0.00000
BRIC_wet_g1,BRIC-mid,sealed,1,221.49,NaN,NaN,NaN,NaN,NaN,NaN,0.00000
BRIC_wet_g1,BRIC-mid,sealed,1,221.99,NaN,NaN,NaN,NaN,NaN,NaN,0.00000
BRIC_wet_g1,BRIC-mid,sealed,1,222.49,NaN,NaN,NaN,NaN,NaN,NaN,0.00000
BRIC_wet_g1,BRIC-mid,sealed,1,222.99,NaN,NaN,NaN,NaN,NaN,NaN,0.00000
BRIC_wet_g1,BRIC-mid,sealed,1,223.49,NaN,NaN,NaN,NaN,NaN,NaN,0.00000
BRIC_wet_g1,BRIC-mid,sealed,1,223.99,NaN,NaN,NaN,NaN,NaN,NaN,0.00000
BRIC_wet_g1,BRIC-mid,sealed,1,224.49,NaN,NaN,NaN,NaN,NaN,NaN,0.00000
BRIC_wet_g1,BRIC-mid,sealed,1,224.99,NaN,NaN,NaN,NaN,NaN,NaN,0.00000
BRIC_wet_g1,BRIC-mid,sealed,1,225.49,NaN,NaN,NaN,NaN,NaN,NaN,0.00000
BRIC_wet_g1,BRIC-mid,sealed,1,225.99,NaN,NaN,NaN,NaN,NaN,NaN,0.00000
BRIC_wet_g1,BRIC-mid,sealed,1,226.49,NaN,NaN,NaN,NaN,NaN,NaN,0.00000
BRIC_wet_g1,BRIC-mid,sealed,1,226.99,NaN,NaN,NaN,NaN,NaN,NaN,0.00000
BRIC_wet_g1,BRIC-mid,sealed,1,227.49,NaN,NaN,NaN,NaN,NaN,NaN,0.00000
BRIC_wet_g1,BRIC-mid,sealed,1,227.99,NaN,NaN,NaN,NaN,NaN,NaN,0.00000
BRIC_wet_g1,BRIC-mid,sealed,1,228.49,NaN,NaN,NaN,NaN,NaN,NaN,0.00000
BRIC_wet_g1,BRIC-mid,sealed,1,228.99,NaN,NaN,NaN,NaN,NaN,NaN,0.00000
BRIC_wet_g1,BRIC-mid,sealed,1,229.49,NaN,NaN,NaN,NaN,NaN,NaN,0.00000
BRIC_wet_g1,BRIC-mid,sealed,1,229.99,NaN,NaN,NaN,NaN,NaN,NaN,0.00000
BRIC_wet_g1,BRIC-mid,sealed,1,230.49,NaN,NaN,NaN,NaN,NaN,NaN,0.00000
BRIC_wet_g1,BRIC-mid,sealed,1,230.99,NaN,NaN,NaN,NaN,NaN,NaN,0.00000
BRIC_wet_g1,BRIC-mid,sealed,1,231.49,NaN,NaN,NaN,NaN,NaN,NaN,0.00000
BRIC_wet_g1,BRIC-mid,sealed,1,231.99,NaN,NaN,NaN,NaN,NaN,NaN,0.00000
BRIC_wet_g1,BRIC-mid,sealed,1,232.49,NaN,NaN,NaN,NaN,NaN,NaN,0.00000
BRIC_wet_g1,BRIC-mid,sealed,1,232.99,NaN,NaN,NaN,NaN,NaN,NaN,0.00000
BRIC_wet_g1,BRIC-mid,sealed,1,233.49,NaN,NaN,NaN,NaN,NaN,NaN,0.00000
BRIC_wet_g1,BRIC-mid,sealed,1,233.99,NaN,NaN,NaN,NaN,NaN,NaN,0.00000
BRIC_wet_g1,BRIC-mid,sealed,1,234.49,NaN,NaN,NaN,NaN,NaN,NaN,0.00000
BRIC_wet_g1,BRIC-mid,sealed,1,234.99,NaN,NaN,NaN,NaN,NaN,NaN,0.00000
BRIC_wet_g1,BRIC-mid,sealed,1,235.49,NaN,NaN,NaN,NaN,NaN,NaN,0.00000
BRIC_wet_g1,BRIC-mid,sealed,1,235.99,NaN,NaN,NaN,NaN,NaN,NaN,0.00000
BRIC_wet_g1,BRIC-mid,sealed,1,236.49,NaN,NaN,NaN,NaN,NaN,NaN,0.00000
BRIC_wet_g1,BRIC-mid,sealed,1,236.99,NaN,NaN,NaN,NaN,NaN,NaN,0.00000
BRIC_wet_g1,BRIC-mid,sealed,1,237.49,NaN,NaN,NaN,NaN,NaN,NaN,0.00000
BRIC_wet_g1,BRIC-mid,sealed,1,237.99,NaN,NaN,NaN,NaN,NaN,NaN,0.00000
BRIC_wet_g1,BRIC-mid,sealed,1,238.49,NaN,NaN,NaN,NaN,NaN,NaN,0.00000
BRIC_wet_g1,BRIC-mid,sealed,1,238.99,NaN,NaN,NaN,NaN,NaN,NaN,0.00000
BRIC_wet_g1,BRIC-mid,sealed,1,239.49,NaN,NaN,NaN,NaN,NaN,NaN,0.00000
BRIC_wet_g1,BRIC-mid,sealed,1,239.99,NaN,NaN,NaN,NaN,NaN,NaN,0.00000
BRIC_wet_g1,BRIC-mid,sealed,1,240.49,NaN,NaN,NaN,NaN,NaN,NaN,0.00000
BRIC_wet_g1,BRIC-mid,sealed,1,240.99,NaN,NaN,NaN,NaN,NaN,NaN,0.00000
BRIC_wet_g1,BRIC-mid,sealed,1,241.49,NaN,NaN,NaN,NaN,NaN,NaN,0.00000
BRIC_wet_g1,BRIC-mid,sealed,1,241.99,NaN,NaN,NaN,NaN,NaN,NaN,0.00000
BRIC_wet_g1,BRIC-mid,sealed,1,242.49,NaN,NaN,NaN,NaN,NaN,NaN,0.00000
BRIC_wet_g1,BRIC-mid,sealed,1,242.99,NaN,NaN,NaN,NaN,NaN,NaN,0.00000
BRIC_wet_g1,BRIC-mid,sealed,1,243.49,NaN,NaN,NaN,NaN,NaN,NaN,0.00000
BRIC_wet_g1,BRIC-mid,sealed,1,243.99,NaN,NaN,NaN,NaN,NaN,NaN,0.00000
BRIC_wet_g1,BRIC-mid,sealed,1,244.49,NaN,NaN,NaN,NaN,NaN,NaN,0.00000
BRIC_wet_g1,BRIC-mid,sealed,1,244.99,NaN,NaN,NaN,NaN,NaN,NaN,0.00000
BRIC_wet_g1,BRIC-mid,sealed,1,245.49,NaN,NaN,NaN,NaN,NaN,NaN,0.00000
BRIC_wet_g1,BRIC-mid,sealed,1,245.99,NaN,NaN,NaN,NaN,NaN,NaN,0.00000
BRIC_wet_g1,BRIC-mid,sealed,1,246.49,NaN,NaN,NaN,NaN,NaN,NaN,0.00000
BRIC_wet_g1,BRIC-mid,sealed,1,246.99,NaN,NaN,NaN,NaN,NaN,NaN,0.00000
BRIC_wet_g1,BRIC-mid,sealed,1,247.49,NaN,NaN,NaN,NaN,NaN,NaN,0.00000
BRIC_wet_g1,BRIC-mid,sealed,1,247.99,NaN,NaN,NaN,NaN,NaN,NaN,0.00000
BRIC_wet_g1,BRIC-mid,sealed,1,248.49,NaN,NaN,NaN,NaN,NaN,NaN,0.00000
BRIC_wet_g1,BRIC-mid,sealed,1,248.99,NaN,NaN,NaN,NaN,NaN,NaN,0.00000
BRIC_wet_g1,BRIC-mid,sealed,1,249.49,NaN,NaN,NaN,NaN,NaN,NaN,0.00000
BRIC_wet_g1,BRIC-mid,sealed,1,249.99,NaN,NaN,NaN,NaN,NaN,NaN,0.00000
BRIC_wet_g1,BRIC-mid,sealed,1,250.48,NaN,NaN,NaN,NaN,NaN,NaN,0.00000
BRIC_wet_g1,BRIC-mid,sealed,1,250.98,NaN,NaN,NaN,NaN,NaN,NaN,0.00000
BRIC_wet_g1,BRIC-mid,sealed,1,251.48,NaN,NaN,NaN,NaN,NaN,NaN,0.00000
BRIC_wet_g1,BRIC-mid,sealed,1,251.98,NaN,NaN,NaN,NaN,NaN,NaN,0.00000
BRIC_wet_g1,BRIC-mid,sealed,1,252.48,NaN,NaN,NaN,NaN,NaN,NaN,0.00000
BRIC_wet_g1,BRIC-mid,sealed,1,252.98,NaN,NaN,NaN,NaN,NaN,NaN,0.00000
BRIC_wet_g1,BRIC-mid,sealed,1,253.48,NaN,NaN,NaN,NaN,NaN,NaN,0.00000
BRIC_wet_g1,BRIC-mid,sealed,1,253.98,NaN,NaN,NaN,NaN,NaN,NaN,0.00000
BRIC_wet_g1,BRIC-mid,sealed,1,254.48,NaN,NaN,NaN,NaN,NaN,NaN,0.00000
BRIC_wet_g1,BRIC-mid,sealed,1,254.98,NaN,NaN,NaN,NaN,NaN,NaN,0.00000
BRIC_wet_g1,BRIC-mid,sealed,1,255.48,NaN,NaN,NaN,NaN,NaN,NaN,0.00000
BRIC_wet_g1,BRIC-mid,sealed,1,255.98,NaN,NaN,NaN,NaN,NaN,NaN,0.00000
BRIC_wet_g1,BRIC-mid,sealed,1,256.48,NaN,NaN,NaN,NaN,NaN,NaN,0.00000
BRIC_wet_g1,BRIC-mid,sealed,1,256.98,NaN,NaN,NaN,NaN,NaN,NaN,0.00000
BRIC_wet_g1,BRIC-mid,sealed,1,257.48,NaN,NaN,NaN,NaN,NaN,NaN,0.00000
BRIC_wet_g1,BRIC-mid,sealed,1,257.98,NaN,NaN,NaN,NaN,NaN,NaN,0.00000
BRIC_wet_g1,BRIC-mid,sealed,1,258.48,NaN,NaN,NaN,NaN,NaN,NaN,0.00000
BRIC_wet_g1,BRIC-mid,sealed,1,258.98,NaN,NaN,NaN,NaN,NaN,NaN,0.00000
BRIC_wet_g1,BRIC-mid,sealed,1,259.48,NaN,NaN,NaN,NaN,NaN,NaN,0.00000
BRIC_wet_g1,BRIC-mid,sealed,1,259.98,NaN,NaN,NaN,NaN,NaN,NaN,0.00000
BRIC_wet_g1,BRIC-mid,sealed,1,260.48,NaN,NaN,NaN,NaN,NaN,NaN,0.00000
BRIC_wet_g1,BRIC-mid,sealed,1,260.98,NaN,NaN,NaN,NaN,NaN,NaN,0.00000
BRIC_wet_g1,BRIC-mid,sealed,1,261.48,NaN,NaN,NaN,NaN,NaN,NaN,0.00000
BRIC_wet_g1,BRIC-mid,sealed,1,261.98,NaN,NaN,NaN,NaN,NaN,NaN,0.00000
BRIC_wet_g1,BRIC-mid,sealed,1,262.48,NaN,NaN,NaN,NaN,NaN,NaN,0.00000
BRIC_wet_g1,BRIC-mid,sealed,1,262.98,NaN,NaN,NaN,NaN,NaN,NaN,0.00000
BRIC_wet_g1,BRIC-mid,sealed,1,263.48,NaN,NaN,NaN,NaN,NaN,NaN,0.00000
BRIC_wet_g1,BRIC-mid,sealed,1,263.98,NaN,NaN,NaN,NaN,NaN,NaN,0.00000
BRIC_wet_g1,BRIC-mid,sealed,1,264.48,NaN,NaN,NaN,NaN,NaN,NaN,0.00000
BRIC_wet_g1,BRIC-mid,sealed,1,264.98,NaN,NaN,NaN,NaN,NaN,NaN,0.00000
BRIC_wet_g1,BRIC-mid,sealed,1,265.48,NaN,NaN,NaN,NaN,NaN,NaN,0.00000
BRIC_wet_g1,BRIC-mid,sealed,1,265.98,NaN,NaN,NaN,NaN,NaN,NaN,0.00000
BRIC_wet_g1,BRIC-mid,sealed,1,266.48,NaN,NaN,NaN,NaN,NaN,NaN,0.00000
BRIC_wet_g1,BRIC-mid,sealed,1,266.98,NaN,NaN,NaN,NaN,NaN,NaN,0.00000
BRIC_wet_g1,BRIC-mid,sealed,1,267.48,NaN,NaN,NaN,NaN,NaN,NaN,0.00000
BRIC_wet_g1,BRIC-mid,sealed,1,267.98,NaN,NaN,NaN,NaN,NaN,NaN,0.00000
BRIC_wet_g1,BRIC-mid,sealed,1,268.48,NaN,NaN,NaN,NaN,NaN,NaN,0.00000
BRIC_wet_g1,BRIC-mid,sealed,1,268.98,NaN,NaN,NaN,NaN,NaN,NaN,0.00000
BRIC_wet_g1,BRIC-mid,sealed,1,269.48,NaN,NaN,NaN,NaN,NaN,NaN,0.00000
BRIC_wet_g1,BRIC-mid,sealed,1,269.98,NaN,NaN,NaN,NaN,NaN,NaN,0.00000
BRIC_wet_g1,BRIC-mid,sealed,1,270.48,NaN,NaN,NaN,NaN,NaN,NaN,0.00000
BRIC_wet_g1,BRIC-mid,sealed,1,270.98,NaN,NaN,NaN,NaN,NaN,NaN,0.00000
BRIC_wet_g1,BRIC-mid,sealed,1,271.48,NaN,NaN,NaN,NaN,NaN,NaN,0.00000
BRIC_wet_g1,BRIC-mid,sealed,1,271.98,NaN,NaN,NaN,NaN,NaN,NaN,0.00000
BRIC_wet_g1,BRIC-mid,sealed,1,272.48,NaN,NaN,NaN,NaN,NaN,NaN,0.00000
BRIC_wet_g1,BRIC-mid,sealed,1,272.98,NaN,NaN,NaN,NaN,NaN,NaN,0.00000
BRIC_wet_g1,BRIC-mid,sealed,1,273.48,NaN,NaN,NaN,NaN,NaN,NaN,0.00000
BRIC_wet_g1,BRIC-mid,sealed,1,273.98,NaN,NaN,NaN,NaN,NaN,NaN,0.00000
BRIC_wet_g1,BRIC-mid,sealed,1,274.48,NaN,NaN,NaN,NaN,NaN,NaN,0.00000
BRIC_wet_g1,BRIC-mid,sealed,1,274.98,NaN,NaN,NaN,NaN,NaN,NaN,0.00000
BRIC_wet_g1,BRIC-mid,sealed,1,275.48,NaN,NaN,NaN,NaN,NaN,NaN,0.00000
BRIC_wet_g1,BRIC-mid,sealed,1,275.98,NaN,NaN,NaN,NaN,NaN,NaN,0.00000
BRIC_wet_g1,BRIC-mid,sealed,1,276.48,NaN,NaN,NaN,NaN,NaN,NaN,0.00000
BRIC_wet_g1,BRIC-mid,sealed,1,276.98,NaN,NaN,NaN,NaN,NaN,NaN,0.00000
BRIC_wet_g1,BRIC-mid,sealed,1,277.48,NaN,NaN,NaN,NaN,NaN,NaN,0.00000
BRIC_wet_g1,BRIC-mid,sealed,1,277.98,NaN,NaN,NaN,NaN,NaN,NaN,0.00000
BRIC_wet_g1,BRIC-mid,sealed,1,278.48,NaN,NaN,NaN,NaN,NaN,NaN,0.00000
BRIC_wet_g1,BRIC-mid,sealed,1,278.98,NaN,NaN,NaN,NaN,NaN,NaN,0.00000
BRIC_wet_g1,BRIC-mid,sealed,1,279.48,NaN,NaN,NaN,NaN,NaN,NaN,0.00000
BRIC_wet_g1,BRIC-mid,sealed,1,279.98,NaN,NaN,NaN,NaN,NaN,NaN,0.00000
BRIC_wet_g1,BRIC-mid,sealed,1,280.48,NaN,NaN,NaN,NaN,NaN,NaN,0.00000
BRIC_wet_g1,BRIC-mid,sealed,1,280.98,NaN,NaN,NaN,NaN,NaN,NaN,0.00000
BRIC_wet_g1,BRIC-mid,sealed,1,281.48,NaN,NaN,NaN,NaN,NaN,NaN,0.00000
BRIC_wet_g1,BRIC-mid,sealed,1,281.98,NaN,NaN,NaN,NaN,NaN,NaN,0.00000
BRIC_wet_g1,BRIC-mid,sealed,1,282.48,NaN,NaN,NaN,NaN,NaN,NaN,0.00000
BRIC_wet_g1,BRIC-mid,sealed,1,282.98,NaN,NaN,NaN,NaN,NaN,NaN,0.00000
BRIC_wet_g1,BRIC-mid,sealed,1,283.48,NaN,NaN,NaN,NaN,NaN,NaN,0.00000
BRIC_wet_g1,BRIC-mid,sealed,1,283.98,NaN,NaN,NaN,NaN,NaN,NaN,0.00000
BRIC_wet_g1,BRIC-mid,sealed,1,284.48,NaN,NaN,NaN,NaN,NaN,NaN,0.00000
BRIC_wet_g1,BRIC-mid,sealed,1,284.98,NaN,NaN,NaN,NaN,NaN,NaN,0.00000
BRIC_wet_g1,BRIC-mid,sealed,1,285.48,NaN,NaN,NaN,NaN,NaN,NaN,0.00000
BRIC_wet_g1,BRIC-mid,sealed,1,285.98,NaN,NaN,NaN,NaN,NaN,NaN,0.00000
BRIC_wet_g1,BRIC-mid,sealed,1,286.48,NaN,NaN,NaN,NaN,NaN,NaN,0.00000
BRIC_wet_g1,BRIC-mid,sealed,1,286.98,NaN,NaN,NaN,NaN,NaN,NaN,0.00000
BRIC_wet_g1,BRIC-mid,sealed,1,287.48,NaN,NaN,NaN,NaN,NaN,NaN,0.00000
BRIC_wet_g1,BRIC-mid,sealed,1,287.98,NaN,NaN,NaN,NaN,NaN,NaN,0.00000
BRIC_wet_g1,BRIC-mid,sealed,1,288.48,NaN,NaN,NaN,NaN,NaN,NaN,0.00000
BRIC_wet_g1,BRIC-mid,sealed,1,288.98,NaN,NaN,NaN,NaN,NaN,NaN,0.00000
BRIC_wet_g1,BRIC-mid,sealed,1,289.48,NaN,NaN,NaN,NaN,NaN,NaN,0.00000
BRIC_wet_g1,BRIC-mid,sealed,1,289.98,NaN,NaN,NaN,NaN,NaN,NaN,0.00000
BRIC_wet_g1,BRIC-mid,sealed,1,290.48,NaN,NaN,NaN,NaN,NaN,NaN,0.00000
BRIC_wet_g1,BRIC-mid,sealed,1,290.98,NaN,NaN,NaN,NaN,NaN,NaN,0.00000
BRIC_wet_g1,BRIC-mid,sealed,1,291.48,NaN,NaN,NaN,NaN,NaN,NaN,0.00000
BRIC_wet_g1,BRIC-mid,sealed,1,291.98,NaN,NaN,NaN,NaN,NaN,NaN,0.00000
BRIC_wet_g1,BRIC-mid,sealed,1,292.48,NaN,NaN,NaN,NaN,NaN,NaN,0.00000
BRIC_wet_g1,BRIC-mid,sealed,1,292.98,NaN,NaN,NaN,NaN,NaN,NaN,0.00000
BRIC_wet_g1,BRIC-mid,sealed,1,293.48,NaN,NaN,NaN,NaN,NaN,NaN,0.00000
BRIC_wet_g1,BRIC-mid,sealed,1,293.98,NaN,NaN,NaN,NaN,NaN,NaN,0.00000
BRIC_wet_g1,BRIC-mid,sealed,1,294.48,NaN,NaN,NaN,NaN,NaN,NaN,0.00000
BRIC_wet_g1,BRIC-mid,sealed,1,294.98,NaN,NaN,NaN,NaN,NaN,NaN,0.00000
BRIC_wet_g1,BRIC-mid,sealed,1,295.48,NaN,NaN,NaN,NaN,NaN,NaN,0.00000
BRIC_wet_g1,BRIC-mid,sealed,1,295.98,NaN,NaN,NaN,NaN,NaN,NaN,0.00000
BRIC_wet_g1,BRIC-mid,sealed,1,296.48,NaN,NaN,NaN,NaN,NaN,NaN,0.00000
BRIC_wet_g1,BRIC-mid,sealed,1,296.98,NaN,NaN,NaN,NaN,NaN,NaN,0.00000
BRIC_wet_g1,BRIC-mid,sealed,1,297.48,NaN,NaN,NaN,NaN,NaN,NaN,0.00000
BRIC_wet_g1,BRIC-mid,sealed,1,297.98,NaN,NaN,NaN,NaN,NaN,NaN,0.00000
BRIC_wet_g1,BRIC-mid,sealed,1,298.48,NaN,NaN,NaN,NaN,NaN,NaN,0.00000
BRIC_wet_g1,BRIC-mid,sealed,1,298.98,NaN,NaN,NaN,NaN,NaN,NaN,0.00000
BRIC_wet_g1,BRIC-mid,sealed,1,299.48,NaN,NaN,NaN,NaN,NaN,NaN,0.00000
BRIC_wet_g1,BRIC-mid,sealed,1,299.98,NaN,NaN,NaN,NaN,NaN,NaN,0.00000
BRIC_wet_g1,BRIC-mid,sealed,1,300.48,NaN,NaN,NaN,NaN,NaN,NaN,0.00000
BRIC_wet_g1,BRIC-mid,sealed,1,300.98,NaN,NaN,NaN,NaN,NaN,NaN,0.00000
BRIC_wet_g1,BRIC-mid,sealed,1,301.48,NaN,NaN,NaN,NaN,NaN,NaN,0.00000
BRIC_wet_g1,BRIC-mid,sealed,1,301.98,NaN,NaN,NaN,NaN,NaN,NaN,0.00000
BRIC_wet_g1,BRIC-mid,sealed,1,302.48,NaN,NaN,NaN,NaN,NaN,NaN,0.00000
BRIC_wet_g1,BRIC-mid,sealed,1,302.98,NaN,NaN,NaN,NaN,NaN,NaN,0.00000
BRIC_wet_g1,BRIC-mid,sealed,1,303.48,NaN,NaN,NaN,NaN,NaN,NaN,0.00000
BRIC_wet_g1,BRIC-mid,sealed,1,303.98,NaN,NaN,NaN,NaN,NaN,NaN,0.00000
BRIC_wet_g1,BRIC-mid,sealed,1,304.48,NaN,NaN,NaN,NaN,NaN,NaN,0.00000
BRIC_wet_g1,BRIC-mid,sealed,1,304.98,NaN,NaN,NaN,NaN,NaN,NaN,0.00000
BRIC_wet_g1,BRIC-mid,sealed,1,305.48,NaN,NaN,NaN,NaN,NaN,NaN,0.00000
BRIC_wet_g1,BRIC-mid,sealed,1,305.98,NaN,NaN,NaN,NaN,NaN,NaN,0.00000
BRIC_wet_g1,BRIC-mid,sealed,1,306.48,NaN,NaN,NaN,NaN,NaN,NaN,0.00000
BRIC_wet_g1,BRIC-mid,sealed,1,306.98,NaN,NaN,NaN,NaN,NaN,NaN,0.00000
BRIC_wet_g1,BRIC-mid,sealed,1,307.48,NaN,NaN,NaN,NaN,NaN,NaN,0.00000
BRIC_wet_g1,BRIC-mid,sealed,1,307.98,NaN,NaN,NaN,NaN,NaN,NaN,0.00000
BRIC_wet_g1,BRIC-mid,sealed,1,308.48,NaN,NaN,NaN,NaN,NaN,NaN,0.00000
BRIC_wet_g1,BRIC-mid,sealed,1,308.98,NaN,NaN,NaN,NaN,NaN,NaN,0.00000
BRIC_wet_g1,BRIC-mid,sealed,1,309.48,NaN,NaN,NaN,NaN,NaN,NaN,0.00000
BRIC_wet_g1,BRIC-mid,sealed,1,309.98,NaN,NaN,NaN,NaN,NaN,NaN,0.00000
BRIC_wet_g1,BRIC-mid,sealed,1,310.48,NaN,NaN,NaN,NaN,NaN,NaN,0.00000
BRIC_wet_g1,BRIC-mid,sealed,1,310.98,NaN,NaN,NaN,NaN,NaN,NaN,0.00000
BRIC_wet_g1,BRIC-mid,sealed,1,311.48,NaN,NaN,NaN,NaN,NaN,NaN,0.00000
BRIC_wet_g1,BRIC-mid,sealed,1,311.98,NaN,NaN,NaN,NaN,NaN,NaN,0.00000
BRIC_wet_g1,BRIC-mid,sealed,1,312.48,NaN,NaN,NaN,NaN,NaN,NaN,0.00000
BRIC_wet_g1,BRIC-mid,sealed,1,312.98,NaN,NaN,NaN,NaN,NaN,NaN,0.00000
BRIC_wet_g1,BRIC-mid,sealed,1,313.48,NaN,NaN,NaN,NaN,NaN,NaN,0.00000
BRIC_wet_g1,BRIC-mid,sealed,1,313.98,NaN,NaN,NaN,NaN,NaN,NaN,0.00000
BRIC_wet_g1,BRIC-mid,sealed,1,314.48,NaN,NaN,NaN,NaN,NaN,NaN,0.00000
BRIC_wet_g1,BRIC-mid,sealed,1,314.98,NaN,NaN,NaN,NaN,NaN,NaN,0.00000
BRIC_wet_g1,BRIC-mid,sealed,1,315.48,NaN,NaN,NaN,NaN,NaN,NaN,0.00000
BRIC_wet_g1,BRIC-mid,sealed,1,315.98,NaN,NaN,NaN,NaN,NaN,NaN,0.00000
BRIC_wet_g1,BRIC-mid,sealed,1,316.48,NaN,NaN,NaN,NaN,NaN,NaN,0.00000
BRIC_wet_g1,BRIC-mid,sealed,1,316.98,NaN,NaN,NaN,NaN,NaN,NaN,0.00000
BRIC_wet_g1,BRIC-mid,sealed,1,317.48,NaN,NaN,NaN,NaN,NaN,NaN,0.00000
BRIC_wet_g1,BRIC-mid,sealed,1,317.98,NaN,NaN,NaN,NaN,NaN,NaN,0.00000
BRIC_wet_g1,BRIC-mid,sealed,1,318.48,NaN,NaN,NaN,NaN,NaN,NaN,0.00000
BRIC_wet_g1,BRIC-mid,sealed,1,318.98,NaN,NaN,NaN,NaN,NaN,NaN,0.00000
BRIC_wet_g1,BRIC-mid,sealed,1,319.48,NaN,NaN,NaN,NaN,NaN,NaN,0.00000
BRIC_wet_g1,BRIC-mid,sealed,1,319.98,NaN,NaN,NaN,NaN,NaN,NaN,0.00000
BRIC_wet_g1,BRIC-mid,sealed,1,320.48,NaN,NaN,NaN,NaN,NaN,NaN,0.00000
BRIC_wet_g1,BRIC-mid,sealed,1,320.98,NaN,NaN,NaN,NaN,NaN,NaN,0.00000
BRIC_wet_g1,BRIC-mid,sealed,1,321.48,NaN,NaN,NaN,NaN,NaN,NaN,0.00000
BRIC_wet_g1,BRIC-mid,sealed,1,321.98,NaN,NaN,NaN,NaN,NaN,NaN,0.00000
BRIC_wet_g1,BRIC-mid,sealed,1,322.48,NaN,NaN,NaN,NaN,NaN,NaN,0.00000
BRIC_wet_g1,BRIC-mid,sealed,1,322.98,NaN,NaN,NaN,NaN,NaN,NaN,0.00000
BRIC_wet_g1,BRIC-mid,sealed,1,323.48,NaN,NaN,NaN,NaN,NaN,NaN,0.00000
BRIC_wet_g1,BRIC-mid,sealed,1,323.98,NaN,NaN,NaN,NaN,NaN,NaN,0.00000
BRIC_wet_g1,BRIC-mid,sealed,1,324.48,NaN,NaN,NaN,NaN,NaN,NaN,0.00000
BRIC_wet_g1,BRIC-mid,sealed,1,324.98,NaN,NaN,NaN,NaN,NaN,NaN,0.00000
BRIC_wet_g1,BRIC-mid,sealed,1,325.48,NaN,NaN,NaN,NaN,NaN,NaN,0.00000
BRIC_wet_g1,BRIC-mid,sealed,1,325.98,NaN,NaN,NaN,NaN,NaN,NaN,0.00000
BRIC_wet_g1,BRIC-mid,sealed,1,326.48,NaN,NaN,NaN,NaN,NaN,NaN,0.00000
BRIC_wet_g1,BRIC-mid,sealed,1,326.98,NaN,NaN,NaN,NaN,NaN,NaN,0.00000
BRIC_wet_g1,BRIC-mid,sealed,1,327.48,NaN,NaN,NaN,NaN,NaN,NaN,0.00000
BRIC_wet_g1,BRIC-mid,sealed,1,327.98,NaN,NaN,NaN,NaN,NaN,NaN,0.00000
BRIC_wet_g1,BRIC-mid,sealed,1,328.48,NaN,NaN,NaN,NaN,NaN,NaN,0.00000
BRIC_wet_g1,BRIC-mid,sealed,1,328.98,NaN,NaN,NaN,NaN,NaN,NaN,0.00000
BRIC_wet_g1,BRIC-mid,sealed,1,329.48,NaN,NaN,NaN,NaN,NaN,NaN,0.00000
BRIC_wet_g1,BRIC-mid,sealed,1,329.98,NaN,NaN,NaN,NaN,NaN,NaN,0.00000
BRIC_wet_g1,BRIC-mid,sealed,1,330.48,NaN,NaN,NaN,NaN,NaN,NaN,0.00000
BRIC_wet_g1,BRIC-mid,sealed,1,330.98,NaN,NaN,NaN,NaN,NaN,NaN,0.00000
BRIC_wet_g1,BRIC-mid,sealed,1,331.48,NaN,NaN,NaN,NaN,NaN,NaN,0.00000
BRIC_wet_g1,BRIC-mid,sealed,1,331.98,NaN,NaN,NaN,NaN,NaN,NaN,0.00000
BRIC_wet_g1,BRIC-mid,sealed,1,332.48,NaN,NaN,NaN,NaN,NaN,NaN,0.00000
BRIC_wet_g1,BRIC-mid,sealed,1,332.98,NaN,NaN,NaN,NaN,NaN,NaN,0.00000
BRIC_wet_g1,BRIC-mid,sealed,1,333.48,NaN,NaN,NaN,NaN,NaN,NaN,0.00000
BRIC_wet_g1,BRIC-mid,sealed,1,333.98,NaN,NaN,NaN,NaN,NaN,NaN,0.00000
BRIC_wet_g1,BRIC-mid,sealed,1,334.48,NaN,NaN,NaN,NaN,NaN,NaN,0.00000
BRIC_wet_g1,BRIC-mid,sealed,1,334.98,NaN,NaN,NaN,NaN,NaN,NaN,0.00000
BRIC_wet_g1,BRIC-mid,sealed,1,335.48,NaN,NaN,NaN,NaN,NaN,NaN,0.00000
BRIC_wet_g1,BRIC-mid,sealed,1,335.98,NaN,NaN,NaN,NaN,NaN,NaN,0.00000
BRIC_wet_g1,BRIC-mid,sealed,1,336.48,NaN,NaN,NaN,NaN,NaN,NaN,0.00000
BRIC_wet_g1,BRIC-mid,sealed,1,336.98,NaN,NaN,NaN,NaN,NaN,NaN,0.00000
BRIC_wet_g1,BRIC-mid,sealed,1,337.48,NaN,NaN,NaN,NaN,NaN,NaN,0.00000
BRIC_wet_g1,BRIC-mid,sealed,1,337.98,NaN,NaN,NaN,NaN,NaN,NaN,0.00000
BRIC_wet_g1,BRIC-mid,sealed,1,338.48,NaN,NaN,NaN,NaN,NaN,NaN,0.00000
BRIC_wet_g1,BRIC-mid,sealed,1,338.98,NaN,NaN,NaN,NaN,NaN,NaN,0.00000
BRIC_wet_g1,BRIC-mid,sealed,1,339.48,NaN,NaN,NaN,NaN,NaN,NaN,0.00000
BRIC_wet_g1,BRIC-mid,sealed,1,339.98,NaN,NaN,NaN,NaN,NaN,NaN,0.00000
BRIC_wet_g1,BRIC-mid,sealed,1,340.48,NaN,NaN,NaN,NaN,NaN,NaN,0.00000
BRIC_wet_g1,BRIC-mid,sealed,1,340.98,NaN,NaN,NaN,NaN,NaN,NaN,0.00000
BRIC_wet_g1,BRIC-mid,sealed,1,341.48,NaN,NaN,NaN,NaN,NaN,NaN,0.00000
BRIC_wet_g1,BRIC-mid,sealed,1,341.98,NaN,NaN,NaN,NaN,NaN,NaN,0.00000
BRIC_wet_g1,BRIC-mid,sealed,1,342.48,NaN,NaN,NaN,NaN,NaN,NaN,0.00000
BRIC_wet_g1,BRIC-mid,sealed,1,342.98,NaN,NaN,NaN,NaN,NaN,NaN,0.00000
BRIC_wet_g1,BRIC-mid,sealed,1,343.48,NaN,NaN,NaN,NaN,NaN,NaN,0.00000
BRIC_wet_g1,BRIC-mid,sealed,1,343.98,NaN,NaN,NaN,NaN,NaN,NaN,0.00000
BRIC_wet_g1,BRIC-mid,sealed,1,344.48,NaN,NaN,NaN,NaN,NaN,NaN,0.00000
BRIC_wet_g1,BRIC-mid,sealed,1,344.98,NaN,NaN,NaN,NaN,NaN,NaN,0.00000
BRIC_wet_g1,BRIC-mid,sealed,1,345.48,NaN,NaN,NaN,NaN,NaN,NaN,0.00000
BRIC_wet_g1,BRIC-mid,sealed,1,345.98,NaN,NaN,NaN,NaN,NaN,NaN,0.00000
BRIC_wet_g1,BRIC-mid,sealed,1,346.48,NaN,NaN,NaN,NaN,NaN,NaN,0.00000
BRIC_wet_g1,BRIC-mid,sealed,1,346.98,NaN,NaN,NaN,NaN,NaN,NaN,0.00000
BRIC_wet_g1,BRIC-mid,sealed,1,347.48,NaN,NaN,NaN,NaN,NaN,NaN,0.00000
BRIC_wet_g1,BRIC-mid,sealed,1,347.98,NaN,NaN,NaN,NaN,NaN,NaN,0.00000
BRIC_wet_g1,BRIC-mid,sealed,1,348.48,NaN,NaN,NaN,NaN,NaN,NaN,0.00000
BRIC_wet_g1,BRIC-mid,sealed,1,348.98,NaN,NaN,NaN,NaN,NaN,NaN,0.00000
BRIC_wet_g1,BRIC-mid,sealed,1,349.48,NaN,NaN,NaN,NaN,NaN,NaN,0.00000
BRIC_wet_g1,BRIC-mid,sealed,1,349.98,NaN,NaN,NaN,NaN,NaN,NaN,0.00000
BRIC_wet_g1,BRIC-mid,sealed,1,350.48,NaN,NaN,NaN,NaN,NaN,NaN,0.00000
BRIC_wet_g1,BRIC-mid,sealed,1,350.98,NaN,NaN,NaN,NaN,NaN,NaN,0.00000
BRIC_wet_g1,BRIC-mid,sealed,1,351.48,NaN,NaN,NaN,NaN,NaN,NaN,0.00000
BRIC_wet_g1,BRIC-mid,sealed,1,351.98,NaN,NaN,NaN,NaN,NaN,NaN,0.00000
BRIC_wet_g1,BRIC-mid,sealed,1,352.48,NaN,NaN,NaN,NaN,NaN,NaN,0.00000
BRIC_wet_g1,BRIC-mid,sealed,1,352.98,NaN,NaN,NaN,NaN,NaN,NaN,0.00000
BRIC_wet_g1,BRIC-mid,sealed,1,353.48,NaN,NaN,NaN,NaN,NaN,NaN,0.00000
BRIC_wet_g1,BRIC-mid,sealed,1,353.98,NaN,NaN,NaN,NaN,NaN,NaN,0.00000
BRIC_wet_g1,BRIC-mid,sealed,1,354.48,NaN,NaN,NaN,NaN,NaN,NaN,0.00000
BRIC_wet_g1,BRIC-mid,sealed,1,354.98,NaN,NaN,NaN,NaN,NaN,NaN,0.00000
BRIC_wet_g1,BRIC-mid,sealed,1,355.48,NaN,NaN,NaN,NaN,NaN,NaN,0.00000
BRIC_wet_g1,BRIC-mid,sealed,1,355.98,NaN,NaN,NaN,NaN,NaN,NaN,0.00000
BRIC_wet_g1,BRIC-mid,sealed,1,356.48,NaN,NaN,NaN,NaN,NaN,NaN,0.00000
BRIC_wet_g1,BRIC-mid,sealed,1,356.98,NaN,NaN,NaN,NaN,NaN,NaN,0.00000
BRIC_wet_g1,BRIC-mid,sealed,1,357.48,NaN,NaN,NaN,NaN,NaN,NaN,0.00000
BRIC_wet_g1,BRIC-mid,sealed,1,357.98,NaN,NaN,NaN,NaN,NaN,NaN,0.00000
BRIC_wet_g1,BRIC-mid,sealed,1,358.48,NaN,NaN,NaN,NaN,NaN,NaN,0.00000
BRIC_wet_g1,BRIC-mid,sealed,1,358.98,NaN,NaN,NaN,NaN,NaN,NaN,0.00000
BRIC_wet_g1,BRIC-mid,sealed,1,359.48,NaN,NaN,NaN,NaN,NaN,NaN,0.00000
BRIC_wet_g1,BRIC-mid,sealed,1,359.98,NaN,NaN,NaN,NaN,NaN,NaN,0.00000
BRIC_wet_g1,BRIC-mid,sealed,1,360.48,NaN,NaN,NaN,NaN,NaN,NaN,0.00000
BRIC_wet_g1,BRIC-mid,sealed,1,360.98,NaN,NaN,NaN,NaN,NaN,NaN,0.00000
BRIC_wet_g1,BRIC-mid,sealed,1,361.48,NaN,NaN,NaN,NaN,NaN,NaN,0.00000
BRIC_wet_g1,BRIC-mid,sealed,1,361.98,NaN,NaN,NaN,NaN,NaN,NaN,0.00000
BRIC_wet_g1,BRIC-mid,sealed,1,362.48,NaN,NaN,NaN,NaN,NaN,NaN,0.00000
BRIC_wet_g1,BRIC-mid,sealed,1,362.98,NaN,NaN,NaN,NaN,NaN,NaN,0.00000
BRIC_wet_g1,BRIC-mid,sealed,1,363.48,NaN,NaN,NaN,NaN,NaN,NaN,0.00000
BRIC_wet_g1,BRIC-mid,sealed,1,363.98,NaN,NaN,NaN,NaN,NaN,NaN,0.00000
BRIC_wet_g1,BRIC-mid,sealed,1,364.48,NaN,NaN,NaN,NaN,NaN,NaN,0.00000
BRIC_wet_g1,BRIC-mid,sealed,1,364.98,NaN,NaN,NaN,NaN,NaN,NaN,0.00000
BRIC_wet_g1,BRIC-mid,sealed,1,365.48,NaN,NaN,NaN,NaN,NaN,NaN,0.00000
BRIC_wet_g1,BRIC-mid,sealed,1,365.98,NaN,NaN,NaN,NaN,NaN,NaN,0.00000
BRIC_wet_g1,BRIC-mid,sealed,1,366.48,NaN,NaN,NaN,NaN,NaN,NaN,0.00000
BRIC_wet_g1,BRIC-mid,sealed,1,366.98,NaN,NaN,NaN,NaN,NaN,NaN,0.00000
BRIC_wet_g1,BRIC-mid,sealed,1,367.48,NaN,NaN,NaN,NaN,NaN,NaN,0.00000
BRIC_wet_g1,BRIC-mid,sealed,1,367.98,NaN,NaN,NaN,NaN,NaN,NaN,0.00000
BRIC_wet_g1,BRIC-mid,sealed,1,368.48,NaN,NaN,NaN,NaN,NaN,NaN,0.00000
BRIC_wet_g1,BRIC-mid,sealed,1,368.98,NaN,NaN,NaN,NaN,NaN,NaN,0.00000
BRIC_wet_g1,BRIC-mid,sealed,1,369.48,NaN,NaN,NaN,NaN,NaN,NaN,0.00000
BRIC_wet_g1,BRIC-mid,sealed,1,369.98,NaN,NaN,NaN,NaN,NaN,NaN,0.00000
BRIC_wet_g1,BRIC-mid,sealed,1,370.48,NaN,NaN,NaN,NaN,NaN,NaN,0.00000
BRIC_wet_g1,BRIC-mid,sealed,1,370.98,NaN,NaN,NaN,NaN,NaN,NaN,0.00000
BRIC_wet_g1,BRIC-mid,sealed,1,371.48,NaN,NaN,NaN,NaN,NaN,NaN,0.00000
BRIC_wet_g1,BRIC-mid,sealed,1,371.98,NaN,NaN,NaN,NaN,NaN,NaN,0.00000
BRIC_wet_g1,BRIC-mid,sealed,1,372.48,NaN,NaN,NaN,NaN,NaN,NaN,0.00000
BRIC_wet_g1,BRIC-mid,sealed,1,372.98,NaN,NaN,NaN,NaN,NaN,NaN,0.00000
BRIC_wet_g1,BRIC-mid,sealed,1,373.48,NaN,NaN,NaN,NaN,NaN,NaN,0.00000
BRIC_wet_g1,BRIC-mid,sealed,1,373.98,NaN,NaN,NaN,NaN,NaN,NaN,0.00000
BRIC_wet_g1,BRIC-mid,sealed,1,374.48,NaN,NaN,NaN,NaN,NaN,NaN,0.00000
BRIC_wet_g1,BRIC-mid,sealed,1,374.98,NaN,NaN,NaN,NaN,NaN,NaN,0.00000
BRIC_wet_g1,BRIC-mid,sealed,1,375.48,NaN,NaN,NaN,NaN,NaN,NaN,0.00000
BRIC_wet_g1,BRIC-mid,sealed,1,375.98,NaN,NaN,NaN,NaN,NaN,NaN,0.00000
BRIC_wet_g1,BRIC-mid,sealed,1,376.48,NaN,NaN,NaN,NaN,NaN,NaN,0.00000
BRIC_wet_g1,BRIC-mid,sealed,1,376.98,NaN,NaN,NaN,NaN,NaN,NaN,0.00000
BRIC_wet_g1,BRIC-mid,sealed,1,377.48,NaN,NaN,NaN,NaN,NaN,NaN,0.00000
BRIC_wet_g1,BRIC-mid,sealed,1,377.98,NaN,NaN,NaN,NaN,NaN,NaN,0.00000
BRIC_wet_g1,BRIC-mid,sealed,1,378.48,NaN,NaN,NaN,NaN,NaN,NaN,0.00000
BRIC_wet_g1,BRIC-mid,sealed,1,378.98,NaN,NaN,NaN,NaN,NaN,NaN,0.00000
BRIC_wet_g1,BRIC-mid,sealed,1,379.48,NaN,NaN,NaN,NaN,NaN,NaN,0.00000
BRIC_wet_g1,BRIC-mid,sealed,1,379.98,NaN,NaN,NaN,NaN,NaN,NaN,0.00000
BRIC_wet_g1,BRIC-mid,sealed,1,380.48,NaN,NaN,NaN,NaN,NaN,NaN,0.00000
BRIC_wet_g1,BRIC-mid,sealed,1,380.98,NaN,NaN,NaN,NaN,NaN,NaN,0.00000
BRIC_wet_g1,BRIC-mid,sealed,1,381.48,NaN,NaN,NaN,NaN,NaN,NaN,0.00000
BRIC_wet_g1,BRIC-mid,sealed,1,381.98,NaN,NaN,NaN,NaN,NaN,NaN,0.00000
BRIC_wet_g1,BRIC-mid,sealed,1,382.48,NaN,NaN,NaN,NaN,NaN,NaN,0.00000
BRIC_wet_g1,BRIC-mid,sealed,1,382.98,NaN,NaN,NaN,NaN,NaN,NaN,0.00000
BRIC_wet_g1,BRIC-mid,sealed,1,383.48,NaN,NaN,NaN,NaN,NaN,NaN,0.00000
BRIC_wet_g1,BRIC-mid,sealed,1,383.98,NaN,NaN,NaN,NaN,NaN,NaN,0.00000
BRIC_wet_g1,BRIC-mid,sealed,1,384.48,NaN,NaN,NaN,NaN,NaN,NaN,0.00000
BRIC_wet_g1,BRIC-mid,sealed,1,384.98,NaN,NaN,NaN,NaN,NaN,NaN,0.00000
BRIC_wet_g1,BRIC-mid,sealed,1,385.48,NaN,NaN,NaN,NaN,NaN,NaN,0.00000
BRIC_wet_g1,BRIC-mid,sealed,1,385.98,NaN,NaN,NaN,NaN,NaN,NaN,0.00000
BRIC_wet_g1,BRIC-mid,sealed,1,386.48,NaN,NaN,NaN,NaN,NaN,NaN,0.00000
BRIC_wet_g1,BRIC-mid,sealed,1,386.98,NaN,NaN,NaN,NaN,NaN,NaN,0.00000
BRIC_wet_g1,BRIC-mid,sealed,1,387.48,NaN,NaN,NaN,NaN,NaN,NaN,0.00000
BRIC_wet_g1,BRIC-mid,sealed,1,387.98,NaN,NaN,NaN,NaN,NaN,NaN,0.00000
BRIC_wet_g1,BRIC-mid,sealed,1,388.48,NaN,NaN,NaN,NaN,NaN,NaN,0.00000
BRIC_wet_g1,BRIC-mid,sealed,1,388.98,NaN,NaN,NaN,NaN,NaN,NaN,0.00000
BRIC_wet_g1,BRIC-mid,sealed,1,389.48,NaN,NaN,NaN,NaN,NaN,NaN,0.00000
BRIC_wet_g1,BRIC-mid,sealed,1,389.98,NaN,NaN,NaN,NaN,NaN,NaN,0.00000
BRIC_wet_g1,BRIC-mid,sealed,1,390.48,NaN,NaN,NaN,NaN,NaN,NaN,0.00000
BRIC_wet_g1,BRIC-mid,sealed,1,390.98,NaN,NaN,NaN,NaN,NaN,NaN,0.00000
BRIC_wet_g1,BRIC-mid,sealed,1,391.48,NaN,NaN,NaN,NaN,NaN,NaN,0.00000
BRIC_wet_g1,BRIC-mid,sealed,1,391.98,NaN,NaN,NaN,NaN,NaN,NaN,0.00000
BRIC_wet_g1,BRIC-mid,sealed,1,392.48,NaN,NaN,NaN,NaN,NaN,NaN,0.00000
BRIC_wet_g1,BRIC-mid,sealed,1,392.98,NaN,NaN,NaN,NaN,NaN,NaN,0.00000
BRIC_wet_g1,BRIC-mid,sealed,1,393.48,NaN,NaN,NaN,NaN,NaN,NaN,0.00000
BRIC_wet_g1,BRIC-mid,sealed,1,393.98,NaN,NaN,NaN,NaN,NaN,NaN,0.00000
BRIC_wet_g1,BRIC-mid,sealed,1,394.48,NaN,NaN,NaN,NaN,NaN,NaN,0.00000
BRIC_wet_g1,BRIC-mid,sealed,1,394.98,NaN,NaN,NaN,NaN,NaN,NaN,0.00000
BRIC_wet_g1,BRIC-mid,sealed,1,395.48,NaN,NaN,NaN,NaN,NaN,NaN,0.00000
BRIC_wet_g1,BRIC-mid,sealed,1,395.98,NaN,NaN,NaN,NaN,NaN,NaN,0.00000
BRIC_wet_g1,BRIC-mid,sealed,1,396.48,NaN,NaN,NaN,NaN,NaN,NaN,0.00000
BRIC_wet_g1,BRIC-mid,sealed,1,396.98,NaN,NaN,NaN,NaN,NaN,NaN,0.00000
BRIC_wet_g1,BRIC-mid,sealed,1,397.48,NaN,NaN,NaN,NaN,NaN,NaN,0.00000
BRIC_wet_g1,BRIC-mid,sealed,1,397.98,NaN,NaN,NaN,NaN,NaN,NaN,0.00000
BRIC_wet_g1,BRIC-mid,sealed,1,398.48,NaN,NaN,NaN,NaN,NaN,NaN,0.00000
BRIC_wet_g1,BRIC-mid,sealed,1,398.98,NaN,NaN,NaN,NaN,NaN,NaN,0.00000
BRIC_wet_g1,BRIC-mid,sealed,1,399.48,NaN,NaN,NaN,NaN,NaN,NaN,0.00000
BRIC_wet_g1,BRIC-mid,sealed,1,399.98,NaN,NaN,NaN,NaN,NaN,NaN,0.00000
BRIC_wet_g1,BRIC-mid,sealed,1,400.48,NaN,NaN,NaN,NaN,NaN,NaN,0.00000
BRIC_wet_g1,BRIC-mid,sealed,1,400.98,NaN,NaN,NaN,NaN,NaN,NaN,0.00000
BRIC_wet_g1,BRIC-mid,sealed,1,401.48,NaN,NaN,NaN,NaN,NaN,NaN,0.00000
BRIC_wet_g1,BRIC-mid,sealed,1,401.98,NaN,NaN,NaN,NaN,NaN,NaN,0.00000
BRIC_wet_g1,BRIC-mid,sealed,1,402.48,NaN,NaN,NaN,NaN,NaN,NaN,0.00000
BRIC_wet_g1,BRIC-mid,sealed,1,402.98,NaN,NaN,NaN,NaN,NaN,NaN,0.00000
BRIC_wet_g1,BRIC-mid,sealed,1,403.48,NaN,NaN,NaN,NaN,NaN,NaN,0.00000
BRIC_wet_g1,BRIC-mid,sealed,1,403.98,NaN,NaN,NaN,NaN,NaN,NaN,0.00000
BRIC_wet_g1,BRIC-mid,sealed,1,404.48,NaN,NaN,NaN,NaN,NaN,NaN,0.00000
BRIC_wet_g1,BRIC-mid,sealed,1,404.98,NaN,NaN,NaN,NaN,NaN,NaN,0.00000
BRIC_wet_g1,BRIC-mid,sealed,1,405.48,NaN,NaN,NaN,NaN,NaN,NaN,0.00000
BRIC_wet_g1,BRIC-mid,sealed,1,405.98,NaN,NaN,NaN,NaN,NaN,NaN,0.00000
BRIC_wet_g1,BRIC-mid,sealed,1,406.48,NaN,NaN,NaN,NaN,NaN,NaN,0.00000
BRIC_wet_g1,BRIC-mid,sealed,1,406.98,NaN,NaN,NaN,NaN,NaN,NaN,0.00000
BRIC_wet_g1,BRIC-mid,sealed,1,407.48,NaN,NaN,NaN,NaN,NaN,NaN,0.00000
BRIC_wet_g1,BRIC-mid,sealed,1,407.98,NaN,NaN,NaN,NaN,NaN,NaN,0.00000
BRIC_wet_g1,BRIC-mid,sealed,1,408.48,NaN,NaN,NaN,NaN,NaN,NaN,0.00000
BRIC_wet_g1,BRIC-mid,sealed,1,408.98,NaN,NaN,NaN,NaN,NaN,NaN,0.00000
BRIC_wet_g1,BRIC-mid,sealed,1,409.48,NaN,NaN,NaN,NaN,NaN,NaN,0.00000
BRIC_wet_g1,BRIC-mid,sealed,1,409.98,NaN,NaN,NaN,NaN,NaN,NaN,0.00000
BRIC_wet_g1,BRIC-mid,sealed,1,410.48,NaN,NaN,NaN,NaN,NaN,NaN,0.00000
BRIC_wet_g1,BRIC-mid,sealed,1,410.98,NaN,NaN,NaN,NaN,NaN,NaN,0.00000
BRIC_wet_g1,BRIC-mid,sealed,1,411.48,NaN,NaN,NaN,NaN,NaN,NaN,0.00000
BRIC_wet_g1,BRIC-mid,sealed,1,411.98,NaN,NaN,NaN,NaN,NaN,NaN,0.00000
BRIC_wet_g1,BRIC-mid,sealed,1,412.48,NaN,NaN,NaN,NaN,NaN,NaN,0.00000
BRIC_wet_g1,BRIC-mid,sealed,1,412.98,NaN,NaN,NaN,NaN,NaN,NaN,0.00000
BRIC_wet_g1,BRIC-mid,sealed,1,413.48,NaN,NaN,NaN,NaN,NaN,NaN,0.00000
BRIC_wet_g1,BRIC-mid,sealed,1,413.98,NaN,NaN,NaN,NaN,NaN,NaN,0.00000
BRIC_wet_g1,BRIC-mid,sealed,1,414.48,NaN,NaN,NaN,NaN,NaN,NaN,0.00000
BRIC_wet_g1,BRIC-mid,sealed,1,414.98,NaN,NaN,NaN,NaN,NaN,NaN,0.00000
BRIC_wet_g1,BRIC-mid,sealed,1,415.20,NaN,NaN,NaN,NaN,NaN,NaN,0.00000
BRIC_wet_g0,BRIC-mid,sealed,0,0.50,-0.0350,98.4,0.6042,41.0,0.798,0.680,0.00000
BRIC_wet_g0,BRIC-mid,sealed,0,1.00,-0.0690,97.3,0.8284,33.0,0.493,0.406,0.00000
BRIC_wet_g0,BRIC-mid,sealed,0,1.50,-0.1020,96.5,0.9722,26.0,0.382,0.305,0.00000
BRIC_wet_g0,BRIC-mid,sealed,0,2.00,-0.1360,95.7,1.0676,20.2,0.325,0.253,0.00000
BRIC_wet_g0,BRIC-mid,sealed,0,2.50,-0.1690,95.1,1.1325,15.6,0.291,0.220,0.00000
BRIC_wet_g0,BRIC-mid,sealed,0,3.00,-0.2020,94.5,1.1778,12.0,0.268,0.198,0.00000
BRIC_wet_g0,BRIC-mid,sealed,0,3.50,-0.2350,94.0,1.2100,9.1,0.252,0.181,0.00000
BRIC_wet_g0,BRIC-mid,sealed,0,4.00,-0.2680,93.6,1.2332,7.0,0.240,0.168,0.00000
BRIC_wet_g0,BRIC-mid,sealed,0,4.50,-0.3000,93.1,1.2501,5.3,0.231,0.158,0.00000
BRIC_wet_g0,BRIC-mid,sealed,0,5.00,-0.3330,92.8,1.2626,4.0,0.224,0.150,0.00000
BRIC_wet_g0,BRIC-mid,sealed,0,5.50,-0.3650,92.4,1.2719,3.1,0.219,0.142,0.00000
BRIC_wet_g0,BRIC-mid,sealed,0,6.00,-0.3970,92.0,1.2789,2.3,0.214,0.136,0.00000
BRIC_wet_g0,BRIC-mid,sealed,0,6.50,-0.4290,91.7,1.2840,1.8,0.210,0.130,0.00000
BRIC_wet_g0,BRIC-mid,sealed,0,7.00,-0.4610,91.4,1.2880,1.3,0.207,0.125,0.00000
BRIC_wet_g0,BRIC-mid,sealed,0,7.50,-0.4930,91.1,1.2909,1.0,0.204,0.121,0.00000
BRIC_wet_g0,BRIC-mid,sealed,0,8.00,-0.5240,90.8,1.2931,0.8,0.202,0.117,0.00000
BRIC_wet_g0,BRIC-mid,sealed,0,8.50,-0.5560,90.5,1.2948,0.6,0.200,0.113,0.00000
BRIC_wet_g0,BRIC-mid,sealed,0,9.00,-0.5870,90.2,1.2961,0.4,0.198,0.110,0.00000
BRIC_wet_g0,BRIC-mid,sealed,0,9.50,-0.6190,89.9,1.2970,0.3,0.197,0.107,0.00000
BRIC_wet_g0,BRIC-mid,sealed,0,10.00,-0.6500,89.6,1.2977,0.3,0.195,0.104,0.00000
BRIC_wet_g0,BRIC-mid,sealed,0,10.50,-0.6810,89.3,1.2983,0.2,0.194,0.101,0.00000
BRIC_wet_g0,BRIC-mid,sealed,0,11.00,-0.7120,89.1,1.2987,0.1,0.193,0.099,0.00000
BRIC_wet_g0,BRIC-mid,sealed,0,11.50,-0.7430,88.8,1.2990,0.1,0.192,0.096,0.00000
BRIC_wet_g0,BRIC-mid,sealed,0,12.00,-0.7740,88.5,1.2993,0.1,0.192,0.094,0.00000
BRIC_wet_g0,BRIC-mid,sealed,0,12.50,-0.8050,88.3,1.2994,0.1,0.191,0.092,0.00000
BRIC_wet_g0,BRIC-mid,sealed,0,13.00,-0.8360,88.0,1.2996,0.0,0.190,0.090,0.00000
BRIC_wet_g0,BRIC-mid,sealed,0,13.50,-0.8660,87.8,1.2997,0.0,0.190,0.088,0.00000
BRIC_wet_g0,BRIC-mid,sealed,0,14.00,-0.8970,87.5,1.2998,0.0,0.189,0.086,0.00000
BRIC_wet_g0,BRIC-mid,sealed,0,14.50,-0.9270,87.2,1.2998,0.0,0.189,0.084,0.00000
BRIC_wet_g0,BRIC-mid,sealed,0,15.00,-0.9580,87.0,1.2999,0.0,0.189,0.082,0.00000
BRIC_wet_g0,BRIC-mid,sealed,0,15.50,-0.9880,86.7,1.2999,0.0,0.188,0.081,0.00000
BRIC_wet_g0,BRIC-mid,sealed,0,16.00,-1.0180,86.5,1.2999,0.0,0.188,0.079,0.00000
BRIC_wet_g0,BRIC-mid,sealed,0,16.50,-1.0480,86.2,1.2999,0.0,0.188,0.078,0.00000
BRIC_wet_g0,BRIC-mid,sealed,0,17.00,-1.0780,86.0,1.2999,0.0,0.188,0.076,0.00000
BRIC_wet_g0,BRIC-mid,sealed,0,17.50,-1.1080,85.7,1.3000,0.0,0.188,0.075,0.00000
BRIC_wet_g0,BRIC-mid,sealed,0,18.00,-1.1380,85.5,1.3000,0.0,0.187,0.073,0.00000
BRIC_wet_g0,BRIC-mid,sealed,0,18.50,-1.1680,85.2,1.3000,0.0,0.187,0.072,0.00000
BRIC_wet_g0,BRIC-mid,sealed,0,19.00,-1.1970,84.9,1.3000,0.0,0.187,0.071,0.00000
BRIC_wet_g0,BRIC-mid,sealed,0,19.50,-1.2270,84.7,1.3000,0.0,0.187,0.070,0.00000
BRIC_wet_g0,BRIC-mid,sealed,0,20.00,-1.2570,84.4,1.3000,0.0,0.187,0.069,0.00000
BRIC_wet_g0,BRIC-mid,sealed,0,20.50,-1.2860,84.2,1.3000,0.0,0.187,0.067,0.00000
BRIC_wet_g0,BRIC-mid,sealed,0,21.00,-1.3150,83.9,1.3000,0.0,0.187,0.066,0.00000
BRIC_wet_g0,BRIC-mid,sealed,0,21.50,-1.3440,83.7,1.3000,0.0,0.187,0.065,0.00000
BRIC_wet_g0,BRIC-mid,sealed,0,22.00,-1.3740,83.4,1.3000,0.0,0.187,0.064,0.00000
BRIC_wet_g0,BRIC-mid,sealed,0,22.50,-1.4030,83.2,1.3000,0.0,0.187,0.063,0.00000
BRIC_wet_g0,BRIC-mid,sealed,0,23.00,-1.4310,82.9,1.3000,0.0,0.187,0.062,0.00000
BRIC_wet_g0,BRIC-mid,sealed,0,23.50,-1.4600,82.7,1.3000,0.0,0.187,0.061,0.00000
BRIC_wet_g0,BRIC-mid,sealed,0,24.00,-1.4890,82.4,1.3000,0.0,0.187,0.060,0.00000
BRIC_wet_g0,BRIC-mid,sealed,0,24.50,-1.5180,82.2,1.3000,0.0,0.187,0.059,0.00000
BRIC_wet_g0,BRIC-mid,sealed,0,25.00,-1.5460,81.9,1.3000,0.0,0.186,0.059,0.00000
BRIC_wet_g0,BRIC-mid,sealed,0,25.50,-1.5750,81.6,1.3000,0.0,0.186,0.058,0.00000
BRIC_wet_g0,BRIC-mid,sealed,0,26.00,-1.6030,81.4,1.3000,0.0,0.186,0.057,0.00000
BRIC_wet_g0,BRIC-mid,sealed,0,26.50,-1.6320,81.1,1.3000,0.0,0.186,0.056,0.00000
BRIC_wet_g0,BRIC-mid,sealed,0,27.00,-1.6600,80.9,1.3000,0.0,0.186,0.055,0.00000
BRIC_wet_g0,BRIC-mid,sealed,0,27.50,-1.6880,80.6,1.3000,0.0,0.186,0.054,0.00000
BRIC_wet_g0,BRIC-mid,sealed,0,28.00,-1.7160,80.4,1.3000,0.0,0.186,0.054,0.00000
BRIC_wet_g0,BRIC-mid,sealed,0,28.50,-1.7440,80.1,1.3000,0.0,0.186,0.053,0.00000
BRIC_wet_g0,BRIC-mid,sealed,0,29.00,-1.7720,79.9,1.3000,0.0,0.186,0.052,0.00000
BRIC_wet_g0,BRIC-mid,sealed,0,29.50,-1.8000,79.6,1.3000,0.0,0.186,0.052,0.00000
BRIC_wet_g0,BRIC-mid,sealed,0,30.00,-1.8270,79.3,1.3000,0.0,0.186,0.051,0.00000
BRIC_wet_g0,BRIC-mid,sealed,0,30.50,-1.8550,79.1,1.3000,0.0,0.186,0.050,0.00000
BRIC_wet_g0,BRIC-mid,sealed,0,31.00,-1.8820,78.8,1.3000,0.0,0.186,0.050,0.00000
BRIC_wet_g0,BRIC-mid,sealed,0,31.50,-1.9100,78.6,1.3000,0.0,0.186,0.049,0.00000
BRIC_wet_g0,BRIC-mid,sealed,0,32.00,-1.9370,78.3,1.3000,0.0,0.186,0.048,0.00000
BRIC_wet_g0,BRIC-mid,sealed,0,32.50,-1.9650,78.0,1.3000,0.0,0.186,0.048,0.00000
BRIC_wet_g0,BRIC-mid,sealed,0,33.00,-1.9920,77.8,1.3000,0.0,0.186,0.047,0.00000
BRIC_wet_g0,BRIC-mid,sealed,0,33.50,-2.0190,77.5,1.3000,0.0,0.186,0.046,0.00000
BRIC_wet_g0,BRIC-mid,sealed,0,34.00,-2.0460,77.3,1.3000,0.0,0.186,0.046,0.00000
BRIC_wet_g0,BRIC-mid,sealed,0,34.50,-2.0730,77.0,1.3000,0.0,0.186,0.045,0.00000
BRIC_wet_g0,BRIC-mid,sealed,0,35.00,-2.0990,76.7,1.3000,0.0,0.186,0.045,0.00000
BRIC_wet_g0,BRIC-mid,sealed,0,35.50,-2.1260,76.5,1.3000,0.0,0.186,0.044,0.00000
BRIC_wet_g0,BRIC-mid,sealed,0,36.00,-2.1530,76.2,1.3000,0.0,0.186,0.044,0.00000
BRIC_wet_g0,BRIC-mid,sealed,0,36.50,-2.1790,76.0,1.3000,0.0,0.186,0.043,0.00000
BRIC_wet_g0,BRIC-mid,sealed,0,37.00,-2.2060,75.7,1.3000,0.0,0.186,0.043,0.00000
BRIC_wet_g0,BRIC-mid,sealed,0,37.50,-2.2320,75.4,1.3000,0.0,0.186,0.042,0.00000
BRIC_wet_g0,BRIC-mid,sealed,0,38.00,-2.2580,75.2,1.3000,0.0,0.186,0.042,0.00000
BRIC_wet_g0,BRIC-mid,sealed,0,38.50,-2.2840,74.9,1.3000,0.0,0.186,0.041,0.00000
BRIC_wet_g0,BRIC-mid,sealed,0,39.00,-2.3100,74.7,1.3000,0.0,0.186,0.041,0.00000
BRIC_wet_g0,BRIC-mid,sealed,0,39.50,-2.3360,74.4,1.3000,0.0,0.186,0.040,0.00000
BRIC_wet_g0,BRIC-mid,sealed,0,40.00,-2.3620,74.1,1.3000,0.0,0.186,0.040,0.00000
BRIC_wet_g0,BRIC-mid,sealed,0,40.50,-2.3880,73.9,1.3000,0.0,0.186,0.039,0.00000
BRIC_wet_g0,BRIC-mid,sealed,0,41.00,-2.4140,73.6,1.3000,0.0,0.186,0.039,0.00000
BRIC_wet_g0,BRIC-mid,sealed,0,41.50,-2.4390,73.3,1.3000,0.0,0.186,0.038,0.00000
BRIC_wet_g0,BRIC-mid,sealed,0,42.00,-2.4650,73.1,1.3000,0.0,0.186,0.038,0.00000
BRIC_wet_g0,BRIC-mid,sealed,0,42.50,-2.4900,72.8,1.3000,0.0,0.186,0.038,0.00000
BRIC_wet_g0,BRIC-mid,sealed,0,43.00,-2.5160,72.6,1.3000,0.0,0.186,0.037,0.00000
BRIC_wet_g0,BRIC-mid,sealed,0,43.50,-2.5410,72.3,1.3000,0.0,0.186,0.037,0.00000
BRIC_wet_g0,BRIC-mid,sealed,0,44.00,-2.5660,72.0,1.3000,0.0,0.187,0.036,0.00000
BRIC_wet_g0,BRIC-mid,sealed,0,44.50,-2.5910,71.8,1.3000,0.0,0.187,0.036,0.00000
BRIC_wet_g0,BRIC-mid,sealed,0,45.00,-2.6160,71.5,1.3000,0.0,0.187,0.036,0.00000
BRIC_wet_g0,BRIC-mid,sealed,0,45.50,-2.6410,71.2,1.3000,0.0,0.187,0.035,0.00000
BRIC_wet_g0,BRIC-mid,sealed,0,46.00,-2.6660,71.0,1.3000,0.0,0.187,0.035,0.00000
BRIC_wet_g0,BRIC-mid,sealed,0,46.50,-2.6900,70.7,1.3000,0.0,0.187,0.034,0.00000
BRIC_wet_g0,BRIC-mid,sealed,0,47.00,-2.7150,70.4,1.3000,0.0,0.187,0.034,0.00000
BRIC_wet_g0,BRIC-mid,sealed,0,47.50,-2.7400,70.2,1.3000,0.0,0.187,0.034,0.00000
BRIC_wet_g0,BRIC-mid,sealed,0,48.00,-2.7640,69.9,1.3000,0.0,0.187,0.033,0.00000
BRIC_wet_g0,BRIC-mid,sealed,0,48.50,-2.7880,69.6,1.3000,0.0,0.187,0.033,0.00000
BRIC_wet_g0,BRIC-mid,sealed,0,49.00,-2.8120,69.4,1.3000,0.0,0.187,0.033,0.00000
BRIC_wet_g0,BRIC-mid,sealed,0,49.50,-2.8370,69.1,1.3000,0.0,0.187,0.032,0.00000
BRIC_wet_g0,BRIC-mid,sealed,0,50.00,-2.8610,68.9,1.3000,0.0,0.187,0.032,0.00000
BRIC_wet_g0,BRIC-mid,sealed,0,50.50,-2.8850,68.6,1.3000,0.0,0.187,0.032,0.00000
BRIC_wet_g0,BRIC-mid,sealed,0,51.00,-2.9080,68.3,1.3000,0.0,0.187,0.031,0.00000
BRIC_wet_g0,BRIC-mid,sealed,0,51.50,-2.9320,68.1,1.3000,0.0,0.187,0.031,0.00000
BRIC_wet_g0,BRIC-mid,sealed,0,52.00,-2.9560,67.8,1.3000,0.0,0.187,0.031,0.00000
BRIC_wet_g0,BRIC-mid,sealed,0,52.50,-2.9790,67.5,1.3000,0.0,0.187,0.031,0.00000
BRIC_wet_g0,BRIC-mid,sealed,0,53.00,-3.0030,67.3,1.3000,0.0,0.187,0.030,0.00000
BRIC_wet_g0,BRIC-mid,sealed,0,53.50,-3.0260,67.0,1.3000,0.0,0.187,0.030,0.00000
BRIC_wet_g0,BRIC-mid,sealed,0,54.00,-3.0500,66.7,1.3000,0.0,0.187,0.030,0.00000
BRIC_wet_g0,BRIC-mid,sealed,0,54.50,-3.0730,66.5,1.3000,0.0,0.187,0.029,0.00000
BRIC_wet_g0,BRIC-mid,sealed,0,55.00,-3.0960,66.2,1.3000,0.0,0.187,0.029,0.00000
BRIC_wet_g0,BRIC-mid,sealed,0,55.50,-3.1190,65.9,1.3000,0.0,0.187,0.029,0.00000
BRIC_wet_g0,BRIC-mid,sealed,0,56.00,-3.1420,65.7,1.3000,0.0,0.187,0.029,0.00000
BRIC_wet_g0,BRIC-mid,sealed,0,56.50,-3.1650,65.4,1.3000,0.0,0.187,0.028,0.00000
BRIC_wet_g0,BRIC-mid,sealed,0,57.00,-3.1880,65.1,1.3000,0.0,0.187,0.028,0.00000
BRIC_wet_g0,BRIC-mid,sealed,0,57.50,-3.2100,64.9,1.3000,0.0,0.187,0.028,0.00000
BRIC_wet_g0,BRIC-mid,sealed,0,58.00,-3.2330,64.6,1.3000,0.0,0.187,0.027,0.00000
BRIC_wet_g0,BRIC-mid,sealed,0,58.50,-3.2550,64.3,1.3000,0.0,0.187,0.027,0.00000
BRIC_wet_g0,BRIC-mid,sealed,0,59.00,-3.2780,64.1,1.3000,0.0,0.187,0.027,0.00000
BRIC_wet_g0,BRIC-mid,sealed,0,59.50,-3.3000,63.8,1.3000,0.0,0.187,0.027,0.00000
BRIC_wet_g0,BRIC-mid,sealed,0,60.00,-3.3220,63.6,1.3000,0.0,0.187,0.026,0.00000
BRIC_wet_g0,BRIC-mid,sealed,0,60.50,-3.3440,63.3,1.3000,0.0,0.187,0.026,0.00000
BRIC_wet_g0,BRIC-mid,sealed,0,61.00,-3.3660,63.0,1.3000,0.0,0.187,0.026,0.00000
BRIC_wet_g0,BRIC-mid,sealed,0,61.50,-3.3880,62.8,1.3000,0.0,0.187,0.026,0.00000
BRIC_wet_g0,BRIC-mid,sealed,0,62.00,-3.4100,62.5,1.3000,0.0,0.187,0.025,0.00000
BRIC_wet_g0,BRIC-mid,sealed,0,62.50,-3.4320,62.2,1.3000,0.0,0.187,0.025,0.00000
BRIC_wet_g0,BRIC-mid,sealed,0,63.00,-3.4530,62.0,1.3000,0.0,0.187,0.025,0.00000
BRIC_wet_g0,BRIC-mid,sealed,0,63.50,-3.4750,61.7,1.3000,0.0,0.187,0.025,0.00000
BRIC_wet_g0,BRIC-mid,sealed,0,64.00,-3.4960,61.4,1.3000,0.0,0.187,0.025,0.00000
BRIC_wet_g0,BRIC-mid,sealed,0,64.50,-3.5180,61.2,1.3000,0.0,0.187,0.024,0.00000
BRIC_wet_g0,BRIC-mid,sealed,0,65.00,-3.5390,60.9,1.3000,0.0,0.187,0.024,0.00000
BRIC_wet_g0,BRIC-mid,sealed,0,65.50,-3.5600,60.6,1.3000,0.0,0.187,0.024,0.00000
BRIC_wet_g0,BRIC-mid,sealed,0,66.00,-3.5810,60.4,1.3000,0.0,0.187,0.024,0.00000
BRIC_wet_g0,BRIC-mid,sealed,0,66.50,-3.6020,60.1,1.3000,0.0,0.187,0.023,0.00000
BRIC_wet_g0,BRIC-mid,sealed,0,67.00,-3.6230,59.9,1.3000,0.0,0.187,0.023,0.00000
BRIC_wet_g0,BRIC-mid,sealed,0,67.50,-3.6440,59.6,1.3000,0.0,0.187,0.023,0.00000
BRIC_wet_g0,BRIC-mid,sealed,0,68.00,-3.6650,59.3,1.3000,0.0,0.187,0.023,0.00000
BRIC_wet_g0,BRIC-mid,sealed,0,68.50,-3.6850,59.1,1.3000,0.0,0.187,0.023,0.00000
BRIC_wet_g0,BRIC-mid,sealed,0,69.00,-3.7060,58.8,1.3000,0.0,0.187,0.022,0.00000
BRIC_wet_g0,BRIC-mid,sealed,0,69.50,-3.7260,58.5,1.3000,0.0,0.187,0.022,0.00000
BRIC_wet_g0,BRIC-mid,sealed,0,70.00,-3.7470,58.3,1.3000,0.0,0.187,0.022,0.00000
BRIC_wet_g0,BRIC-mid,sealed,0,70.50,-3.7670,58.0,1.3000,0.0,0.187,0.022,0.00000
BRIC_wet_g0,BRIC-mid,sealed,0,71.00,-3.7870,57.8,1.3000,0.0,0.187,0.022,0.00000
BRIC_wet_g0,BRIC-mid,sealed,0,71.50,-3.8070,57.5,1.3000,0.0,0.187,0.022,0.00000
BRIC_wet_g0,BRIC-mid,sealed,0,72.00,-3.8270,57.2,1.3000,0.0,0.187,0.021,0.00000
BRIC_wet_g0,BRIC-mid,sealed,0,72.50,-3.8470,57.0,1.3000,0.0,0.187,0.021,0.00000
BRIC_wet_g0,BRIC-mid,sealed,0,73.00,-3.8670,56.7,1.3000,0.0,0.187,0.021,0.00000
BRIC_wet_g0,BRIC-mid,sealed,0,73.50,-3.8860,56.4,1.3000,0.0,0.187,0.021,0.00000
BRIC_wet_g0,BRIC-mid,sealed,0,74.00,-3.9060,56.2,1.3000,0.0,0.187,0.021,0.00000
BRIC_wet_g0,BRIC-mid,sealed,0,74.50,-3.9260,55.9,1.3000,0.0,0.187,0.020,0.00000
BRIC_wet_g0,BRIC-mid,sealed,0,75.00,-3.9450,55.7,1.3000,0.0,0.187,0.020,0.00000
BRIC_wet_g0,BRIC-mid,sealed,0,75.50,-3.9640,55.4,1.3000,0.0,0.187,0.020,0.00000
BRIC_wet_g0,BRIC-mid,sealed,0,76.00,-3.9840,55.2,1.3000,0.0,0.187,0.020,0.00000
BRIC_wet_g0,BRIC-mid,sealed,0,76.50,-4.0030,54.9,1.3000,0.0,0.187,0.020,0.00000
BRIC_wet_g0,BRIC-mid,sealed,0,77.00,-4.0220,54.6,1.3000,0.0,0.187,0.020,0.00000
BRIC_wet_g0,BRIC-mid,sealed,0,77.50,-4.0410,54.4,1.3000,0.0,0.187,0.019,0.00000
BRIC_wet_g0,BRIC-mid,sealed,0,78.00,-4.0600,54.1,1.3000,0.0,0.187,0.019,0.00000
BRIC_wet_g0,BRIC-mid,sealed,0,78.50,-4.0790,53.9,1.3000,0.0,0.187,0.019,0.00000
BRIC_wet_g0,BRIC-mid,sealed,0,79.00,-4.0970,53.6,1.3000,0.0,0.187,0.019,0.00000
BRIC_wet_g0,BRIC-mid,sealed,0,79.50,-4.1160,53.3,1.3000,0.0,0.187,0.019,0.00000
BRIC_wet_g0,BRIC-mid,sealed,0,80.00,-4.1350,53.1,1.3000,0.0,0.187,0.019,0.00000
BRIC_wet_g0,BRIC-mid,sealed,0,80.50,-4.1530,52.8,1.3000,0.0,0.187,0.018,0.00000
BRIC_wet_g0,BRIC-mid,sealed,0,81.00,-4.1710,52.6,1.3000,0.0,0.187,0.018,0.00000
BRIC_wet_g0,BRIC-mid,sealed,0,81.50,-4.1900,52.3,1.3000,0.0,0.187,0.018,0.00000
BRIC_wet_g0,BRIC-mid,sealed,0,82.00,-4.2080,52.1,1.3000,0.0,0.187,0.018,0.00000
BRIC_wet_g0,BRIC-mid,sealed,0,82.50,-4.2260,51.8,1.3000,0.0,0.187,0.018,0.00000
BRIC_wet_g0,BRIC-mid,sealed,0,83.00,-4.2440,51.6,1.3000,0.0,0.187,0.018,0.00000
BRIC_wet_g0,BRIC-mid,sealed,0,83.49,-4.2620,51.3,1.3000,0.0,0.187,0.018,0.00000
BRIC_wet_g0,BRIC-mid,sealed,0,83.99,-4.2800,51.1,1.3000,0.0,0.187,0.017,0.00000
BRIC_wet_g0,BRIC-mid,sealed,0,84.49,-4.2970,50.8,1.3000,0.0,0.187,0.017,0.00000
BRIC_wet_g0,BRIC-mid,sealed,0,84.99,-4.3150,50.6,1.3000,0.0,0.187,0.017,0.00000
BRIC_wet_g0,BRIC-mid,sealed,0,85.49,-4.3330,50.3,1.3000,0.0,0.187,0.017,0.00000
BRIC_wet_g0,BRIC-mid,sealed,0,85.99,-4.3500,50.0,1.3000,0.0,0.187,0.017,0.00000
BRIC_wet_g0,BRIC-mid,sealed,0,86.49,-4.3680,49.8,1.3000,0.0,0.187,0.017,0.00000
BRIC_wet_g0,BRIC-mid,sealed,0,86.99,-4.3850,49.5,1.3000,0.0,0.187,0.017,0.00000
BRIC_wet_g0,BRIC-mid,sealed,0,87.49,-4.4020,49.3,1.3000,0.0,0.187,0.016,0.00000
BRIC_wet_g0,BRIC-mid,sealed,0,87.99,-4.4190,49.0,1.3000,0.0,0.187,0.016,0.00000
BRIC_wet_g0,BRIC-mid,sealed,0,88.49,-4.4360,48.8,1.3000,0.0,0.187,0.016,0.00000
BRIC_wet_g0,BRIC-mid,sealed,0,88.99,-4.4530,48.5,1.3000,0.0,0.187,0.016,0.00000
BRIC_wet_g0,BRIC-mid,sealed,0,89.49,-4.4700,48.3,1.3000,0.0,0.187,0.016,0.00000
BRIC_wet_g0,BRIC-mid,sealed,0,89.99,-4.4870,48.1,1.3000,0.0,0.187,0.016,0.00000
BRIC_wet_g0,BRIC-mid,sealed,0,90.49,-4.5040,47.8,1.3000,0.0,0.187,0.016,0.00000
BRIC_wet_g0,BRIC-mid,sealed,0,90.99,-4.5200,47.6,1.3000,0.0,0.187,0.016,0.00000
BRIC_wet_g0,BRIC-mid,sealed,0,91.49,-4.5370,47.3,1.3000,0.0,0.187,0.015,0.00000
BRIC_wet_g0,BRIC-mid,sealed,0,91.99,-4.5530,47.1,1.3000,0.0,0.187,0.015,0.00000
BRIC_wet_g0,BRIC-mid,sealed,0,92.49,-4.5700,46.8,1.3000,0.0,0.187,0.015,0.00000
BRIC_wet_g0,BRIC-mid,sealed,0,92.99,-4.5860,46.6,1.3000,0.0,0.187,0.015,0.00000
BRIC_wet_g0,BRIC-mid,sealed,0,93.49,-4.6020,46.3,1.3000,0.0,0.187,0.015,0.00000
BRIC_wet_g0,BRIC-mid,sealed,0,93.99,-4.6180,46.1,1.3000,0.0,0.187,0.015,0.00000
BRIC_wet_g0,BRIC-mid,sealed,0,94.49,-4.6340,45.8,1.3000,0.0,0.187,0.015,0.00000
BRIC_wet_g0,BRIC-mid,sealed,0,94.99,-4.6500,45.6,1.3000,0.0,0.187,0.015,0.00000
BRIC_wet_g0,BRIC-mid,sealed,0,95.49,-4.6660,45.4,1.3000,0.0,0.187,0.014,0.00000
BRIC_wet_g0,BRIC-mid,sealed,0,95.99,-4.6820,45.1,1.3000,0.0,0.187,0.014,0.00000
BRIC_wet_g0,BRIC-mid,sealed,0,96.49,-4.6970,44.9,1.3000,0.0,0.187,0.014,0.00000
BRIC_wet_g0,BRIC-mid,sealed,0,96.99,-4.7130,44.6,1.3000,0.0,0.187,0.014,0.00000
BRIC_wet_g0,BRIC-mid,sealed,0,97.49,-4.7290,44.4,1.3000,0.0,0.187,0.014,0.00000
BRIC_wet_g0,BRIC-mid,sealed,0,97.99,-4.7440,44.2,1.3000,0.0,0.187,0.014,0.00000
BRIC_wet_g0,BRIC-mid,sealed,0,98.49,-4.7590,43.9,1.3000,0.0,0.187,0.014,0.00000
BRIC_wet_g0,BRIC-mid,sealed,0,98.99,-4.7750,43.7,1.3000,0.0,0.187,0.014,0.00000
BRIC_wet_g0,BRIC-mid,sealed,0,99.49,-4.7900,43.4,1.3000,0.0,0.187,0.014,0.00000
BRIC_wet_g0,BRIC-mid,sealed,0,99.99,-4.8050,43.2,1.3000,0.0,0.187,0.013,0.00000
BRIC_wet_g0,BRIC-mid,sealed,0,100.49,-4.8200,43.0,1.3000,0.0,0.187,0.013,0.00000
BRIC_wet_g0,BRIC-mid,sealed,0,100.99,-4.8350,42.7,1.3000,0.0,0.187,0.013,0.00000
BRIC_wet_g0,BRIC-mid,sealed,0,101.49,-4.8500,42.5,1.3000,0.0,0.187,0.013,0.00000
BRIC_wet_g0,BRIC-mid,sealed,0,101.99,-4.8640,42.3,1.3000,0.0,0.187,0.013,0.00000
BRIC_wet_g0,BRIC-mid,sealed,0,102.49,-4.8790,42.0,1.3000,0.0,0.187,0.013,0.00000
BRIC_wet_g0,BRIC-mid,sealed,0,102.99,-4.8940,41.8,1.3000,0.0,0.187,0.013,0.00000
BRIC_wet_g0,BRIC-mid,sealed,0,103.49,-4.9080,41.6,1.3000,0.0,0.187,0.013,0.00000
BRIC_wet_g0,BRIC-mid,sealed,0,103.99,-4.9230,41.3,1.3000,0.0,0.187,0.013,0.00000
BRIC_wet_g0,BRIC-mid,sealed,0,104.49,-4.9370,41.1,1.3000,0.0,0.187,0.013,0.00000
BRIC_wet_g0,BRIC-mid,sealed,0,104.99,-4.9510,40.9,1.3000,0.0,0.187,0.012,0.00000
BRIC_wet_g0,BRIC-mid,sealed,0,105.49,-4.9660,40.6,1.3000,0.0,0.187,0.012,0.00000
BRIC_wet_g0,BRIC-mid,sealed,0,105.99,-4.9800,40.4,1.3000,0.0,0.187,0.012,0.00000
BRIC_wet_g0,BRIC-mid,sealed,0,106.49,-4.9940,40.2,1.3000,0.0,0.187,0.012,0.00000
BRIC_wet_g0,BRIC-mid,sealed,0,106.99,-5.0080,40.0,1.3000,0.0,0.187,0.012,0.00000
BRIC_wet_g0,BRIC-mid,sealed,0,107.49,-5.0220,39.7,1.3000,0.0,0.187,0.012,0.00000
BRIC_wet_g0,BRIC-mid,sealed,0,107.99,-5.0350,39.5,1.3000,0.0,0.187,0.012,0.00000
BRIC_wet_g0,BRIC-mid,sealed,0,108.49,-5.0490,39.3,1.3000,0.0,0.187,0.012,0.00000
BRIC_wet_g0,BRIC-mid,sealed,0,108.99,-5.0630,39.1,1.3000,0.0,0.187,0.012,0.00000
BRIC_wet_g0,BRIC-mid,sealed,0,109.49,-5.0760,38.8,1.3000,0.0,0.187,0.012,0.00000
BRIC_wet_g0,BRIC-mid,sealed,0,109.99,-5.0900,38.6,1.3000,0.0,0.187,0.011,0.00000
BRIC_wet_g0,BRIC-mid,sealed,0,110.49,-5.1030,38.4,1.3000,0.0,0.187,0.011,0.00000
BRIC_wet_g0,BRIC-mid,sealed,0,110.99,-5.1170,38.2,1.3000,0.0,0.187,0.011,0.00000
BRIC_wet_g0,BRIC-mid,sealed,0,111.49,-5.1300,37.9,1.3000,0.0,0.187,0.011,0.00000
BRIC_wet_g0,BRIC-mid,sealed,0,111.99,-5.1430,37.7,1.3000,0.0,0.187,0.011,0.00000
BRIC_wet_g0,BRIC-mid,sealed,0,112.49,-5.1560,37.5,1.3000,0.0,0.187,0.011,0.00000
BRIC_wet_g0,BRIC-mid,sealed,0,112.99,-5.1690,37.3,1.3000,0.0,0.187,0.011,0.00000
BRIC_wet_g0,BRIC-mid,sealed,0,113.49,-5.1820,37.1,1.3000,0.0,0.187,0.011,0.00000
BRIC_wet_g0,BRIC-mid,sealed,0,113.99,-5.1950,36.8,1.3000,0.0,0.187,0.011,0.00000
BRIC_wet_g0,BRIC-mid,sealed,0,114.49,-5.2080,36.6,1.3000,0.0,0.187,0.011,0.00000
BRIC_wet_g0,BRIC-mid,sealed,0,114.99,-5.2210,36.4,1.3000,0.0,0.187,0.011,0.00000
BRIC_wet_g0,BRIC-mid,sealed,0,115.49,-5.2330,36.2,1.3000,0.0,0.187,0.011,0.00000
BRIC_wet_g0,BRIC-mid,sealed,0,115.99,-5.2460,36.0,1.3000,0.0,0.187,0.010,0.00000
BRIC_wet_g0,BRIC-mid,sealed,0,116.49,-5.2580,35.8,1.3000,0.0,0.187,0.010,0.00000
BRIC_wet_g0,BRIC-mid,sealed,0,116.99,-5.2710,35.6,1.3000,0.0,0.187,0.010,0.00000
BRIC_wet_g0,BRIC-mid,sealed,0,117.49,-5.2830,35.3,1.3000,0.0,0.187,0.010,0.00000
BRIC_wet_g0,BRIC-mid,sealed,0,117.99,-5.2950,35.1,1.3000,0.0,0.187,0.010,0.00000
BRIC_wet_g0,BRIC-mid,sealed,0,118.49,-5.3080,34.9,1.3000,0.0,0.188,0.010,0.00000
BRIC_wet_g0,BRIC-mid,sealed,0,118.99,-5.3200,34.7,1.3000,0.0,0.188,0.010,0.00000
BRIC_wet_g0,BRIC-mid,sealed,0,119.49,-5.3320,34.5,1.3000,0.0,0.188,0.010,0.00000
BRIC_wet_g0,BRIC-mid,sealed,0,119.99,-5.3440,34.3,1.3000,0.0,0.188,0.010,0.00000
BRIC_wet_g0,BRIC-mid,sealed,0,120.49,-5.3560,34.1,1.3000,0.0,0.188,0.010,0.00000
BRIC_wet_g0,BRIC-mid,sealed,0,120.99,-5.3680,33.9,1.3000,0.0,0.188,0.010,0.00000
BRIC_wet_g0,BRIC-mid,sealed,0,121.49,-5.3790,33.7,1.3000,0.0,0.188,0.010,0.00000
BRIC_wet_g0,BRIC-mid,sealed,0,121.99,-5.3910,33.5,1.3000,0.0,0.188,0.009,0.00000
BRIC_wet_g0,BRIC-mid,sealed,0,122.49,-5.4030,33.3,1.3000,0.0,0.188,0.009,0.00000
BRIC_wet_g0,BRIC-mid,sealed,0,122.99,-5.4140,33.1,1.3000,0.0,0.188,0.009,0.00000
BRIC_wet_g0,BRIC-mid,sealed,0,123.49,-5.4260,32.9,1.3000,0.0,0.188,0.009,0.00000
BRIC_wet_g0,BRIC-mid,sealed,0,123.99,-5.4370,32.7,1.3000,0.0,0.188,0.009,0.00000
BRIC_wet_g0,BRIC-mid,sealed,0,124.49,-5.4490,32.4,1.3000,0.0,0.188,0.009,0.00000
BRIC_wet_g0,BRIC-mid,sealed,0,124.99,-5.4600,32.2,1.3000,0.0,0.188,0.009,0.00000
BRIC_wet_g0,BRIC-mid,sealed,0,125.49,-5.4710,32.0,1.3000,0.0,0.188,0.009,0.00000
BRIC_wet_g0,BRIC-mid,sealed,0,125.99,-5.4820,31.8,1.3000,0.0,0.188,0.009,0.00000
BRIC_wet_g0,BRIC-mid,sealed,0,126.49,-5.4930,31.7,1.3000,0.0,0.188,0.009,0.00000
BRIC_wet_g0,BRIC-mid,sealed,0,126.99,-5.5040,31.5,1.3000,0.0,0.188,0.009,0.00000
BRIC_wet_g0,BRIC-mid,sealed,0,127.49,-5.5150,31.3,1.3000,0.0,0.188,0.009,0.00000
BRIC_wet_g0,BRIC-mid,sealed,0,127.99,-5.5260,31.1,1.3000,0.0,0.188,0.009,0.00000
BRIC_wet_g0,BRIC-mid,sealed,0,128.49,-5.5370,30.9,1.3000,0.0,0.188,0.009,0.00000
BRIC_wet_g0,BRIC-mid,sealed,0,128.99,-5.5480,30.7,1.3000,0.0,0.188,0.008,0.00000
BRIC_wet_g0,BRIC-mid,sealed,0,129.49,-5.5580,30.5,1.3000,0.0,0.188,0.008,0.00000
BRIC_wet_g0,BRIC-mid,sealed,0,129.99,-5.5690,30.3,1.3000,0.0,0.188,0.008,0.00000
BRIC_wet_g0,BRIC-mid,sealed,0,130.49,-5.5790,30.1,1.3000,0.0,0.188,0.008,0.00000
BRIC_wet_g0,BRIC-mid,sealed,0,130.99,-5.5900,29.9,1.3000,0.0,0.188,0.008,0.00000
BRIC_wet_g0,BRIC-mid,sealed,0,131.49,-5.6000,29.7,1.3000,0.0,0.188,0.008,0.00000
BRIC_wet_g0,BRIC-mid,sealed,0,131.99,-5.6100,29.5,1.3000,0.0,0.188,0.008,0.00000
BRIC_wet_g0,BRIC-mid,sealed,0,132.49,-5.6210,29.3,1.3000,0.0,0.188,0.008,0.00000
BRIC_wet_g0,BRIC-mid,sealed,0,132.99,-5.6310,29.1,1.3000,0.0,0.188,0.008,0.00000
BRIC_wet_g0,BRIC-mid,sealed,0,133.49,-5.6410,29.0,1.3000,0.0,0.188,0.008,0.00000
BRIC_wet_g0,BRIC-mid,sealed,0,133.99,-5.6510,28.8,1.3000,0.0,0.188,0.008,0.00000
BRIC_wet_g0,BRIC-mid,sealed,0,134.49,-5.6610,28.6,1.3000,0.0,0.188,0.008,0.00000
BRIC_wet_g0,BRIC-mid,sealed,0,134.99,-5.6710,28.4,1.3000,0.0,0.188,0.008,0.00000
BRIC_wet_g0,BRIC-mid,sealed,0,135.49,-5.6810,28.2,1.3000,0.0,0.188,0.008,0.00000
BRIC_wet_g0,BRIC-mid,sealed,0,135.99,-5.6910,28.0,1.3000,0.0,0.188,0.008,0.00000
BRIC_wet_g0,BRIC-mid,sealed,0,136.49,-5.7000,27.9,1.3000,0.0,0.188,0.008,0.00000
BRIC_wet_g0,BRIC-mid,sealed,0,136.99,-5.7100,27.7,1.3000,0.0,0.188,0.007,0.00000
BRIC_wet_g0,BRIC-mid,sealed,0,137.49,-5.7200,27.5,1.3000,0.0,0.188,0.007,0.00000
BRIC_wet_g0,BRIC-mid,sealed,0,137.99,-5.7290,27.3,1.3000,0.0,0.188,0.007,0.00000
BRIC_wet_g0,BRIC-mid,sealed,0,138.49,-5.7390,27.1,1.3000,0.0,0.188,0.007,0.00000
BRIC_wet_g0,BRIC-mid,sealed,0,138.99,-5.7480,27.0,1.3000,0.0,0.188,0.007,0.00000
BRIC_wet_g0,BRIC-mid,sealed,0,139.49,-5.7570,26.8,1.3000,0.0,0.188,0.007,0.00000
BRIC_wet_g0,BRIC-mid,sealed,0,139.99,-5.7670,26.6,1.3000,0.0,0.188,0.007,0.00000
BRIC_wet_g0,BRIC-mid,sealed,0,140.49,-5.7760,26.4,1.3000,0.0,0.188,0.007,0.00000
BRIC_wet_g0,BRIC-mid,sealed,0,140.99,-5.7850,26.3,1.3000,0.0,0.188,0.007,0.00000
BRIC_wet_g0,BRIC-mid,sealed,0,141.49,-5.7940,26.1,1.3000,0.0,0.188,0.007,0.00000
BRIC_wet_g0,BRIC-mid,sealed,0,141.99,-5.8030,25.9,1.3000,0.0,0.188,0.007,0.00000
BRIC_wet_g0,BRIC-mid,sealed,0,142.49,-5.8120,25.7,1.3000,0.0,0.188,0.007,0.00000
BRIC_wet_g0,BRIC-mid,sealed,0,142.99,-5.8210,25.6,1.3000,0.0,0.188,0.007,0.00000
BRIC_wet_g0,BRIC-mid,sealed,0,143.49,-5.8300,25.4,1.3000,0.0,0.188,0.007,0.00000
BRIC_wet_g0,BRIC-mid,sealed,0,143.99,-5.8390,25.2,1.3000,0.0,0.188,0.007,0.00000
BRIC_wet_g0,BRIC-mid,sealed,0,144.49,-5.8480,25.1,1.3000,0.0,0.188,0.007,0.00000
BRIC_wet_g0,BRIC-mid,sealed,0,144.99,-5.8560,24.9,1.3000,0.0,0.188,0.007,0.00000
BRIC_wet_g0,BRIC-mid,sealed,0,145.49,-5.8650,24.7,1.3000,0.0,0.188,0.007,0.00000
BRIC_wet_g0,BRIC-mid,sealed,0,145.99,-5.8740,24.6,1.3000,0.0,0.188,0.006,0.00000
BRIC_wet_g0,BRIC-mid,sealed,0,146.49,-5.8820,24.4,1.3000,0.0,0.188,0.006,0.00000
BRIC_wet_g0,BRIC-mid,sealed,0,146.99,-5.8910,24.2,1.3000,0.0,0.188,0.006,0.00000
BRIC_wet_g0,BRIC-mid,sealed,0,147.49,-5.8990,24.1,1.3000,0.0,0.188,0.006,0.00000
BRIC_wet_g0,BRIC-mid,sealed,0,147.99,-5.9070,23.9,1.3000,0.0,0.188,0.006,0.00000
BRIC_wet_g0,BRIC-mid,sealed,0,148.49,-5.9160,23.7,1.3000,0.0,0.188,0.006,0.00000
BRIC_wet_g0,BRIC-mid,sealed,0,148.99,-5.9240,23.6,1.3000,0.0,0.188,0.006,0.00000
BRIC_wet_g0,BRIC-mid,sealed,0,149.49,-5.9320,23.4,1.3000,0.0,0.188,0.006,0.00000
BRIC_wet_g0,BRIC-mid,sealed,0,149.99,-5.9400,23.3,1.3000,0.0,0.188,0.006,0.00000
BRIC_wet_g0,BRIC-mid,sealed,0,150.49,-5.9480,23.1,1.3000,0.0,0.188,0.006,0.00000
BRIC_wet_g0,BRIC-mid,sealed,0,150.99,-5.9570,22.9,1.3000,0.0,0.188,0.006,0.00000
BRIC_wet_g0,BRIC-mid,sealed,0,151.49,-5.9650,22.8,1.3000,0.0,0.188,0.006,0.00000
BRIC_wet_g0,BRIC-mid,sealed,0,151.99,-5.9720,22.6,1.3000,0.0,0.188,0.006,0.00000
BRIC_wet_g0,BRIC-mid,sealed,0,152.49,-5.9800,22.5,1.3000,0.0,0.188,0.006,0.00000
BRIC_wet_g0,BRIC-mid,sealed,0,152.99,-5.9880,22.3,1.3000,0.0,0.188,0.006,0.00000
BRIC_wet_g0,BRIC-mid,sealed,0,153.49,-5.9960,22.2,1.3000,0.0,0.188,0.006,0.00000
BRIC_wet_g0,BRIC-mid,sealed,0,153.99,-6.0040,22.0,1.3000,0.0,0.188,0.006,0.00000
BRIC_wet_g0,BRIC-mid,sealed,0,154.49,-6.0110,21.9,1.3000,0.0,0.188,0.006,0.00000
BRIC_wet_g0,BRIC-mid,sealed,0,154.99,-6.0190,21.7,1.3000,0.0,0.188,0.006,0.00000
BRIC_wet_g0,BRIC-mid,sealed,0,155.49,-6.0260,21.5,1.3000,0.0,0.188,0.006,0.00000
BRIC_wet_g0,BRIC-mid,sealed,0,155.99,-6.0340,21.4,1.3000,0.0,0.188,0.006,0.00000
BRIC_wet_g0,BRIC-mid,sealed,0,156.49,-6.0410,21.2,1.3000,0.0,0.188,0.005,0.00000
BRIC_wet_g0,BRIC-mid,sealed,0,156.99,-6.0490,21.1,1.3000,0.0,0.188,0.005,0.00000
BRIC_wet_g0,BRIC-mid,sealed,0,157.49,-6.0560,21.0,1.3000,0.0,0.188,0.005,0.00000
BRIC_wet_g0,BRIC-mid,sealed,0,157.99,-6.0630,20.8,1.3000,0.0,0.188,0.005,0.00000
BRIC_wet_g0,BRIC-mid,sealed,0,158.49,-6.0710,20.7,1.3000,0.0,0.188,0.005,0.00000
BRIC_wet_g0,BRIC-mid,sealed,0,158.99,-6.0780,20.5,1.3000,0.0,0.188,0.005,0.00000
BRIC_wet_g0,BRIC-mid,sealed,0,159.49,-6.0850,20.4,1.3000,0.0,0.188,0.005,0.00000
BRIC_wet_g0,BRIC-mid,sealed,0,159.99,-6.0920,20.2,1.3000,0.0,0.188,0.005,0.00000
BRIC_wet_g0,BRIC-mid,sealed,0,160.49,-6.0990,20.1,1.3000,0.0,0.188,0.005,0.00000
BRIC_wet_g0,BRIC-mid,sealed,0,160.99,-6.1060,19.9,1.3000,0.0,0.188,0.005,0.00000
BRIC_wet_g0,BRIC-mid,sealed,0,161.49,-6.1130,19.8,1.3000,0.0,0.188,0.005,0.00000
BRIC_wet_g0,BRIC-mid,sealed,0,161.99,-6.1200,19.7,1.3000,0.0,0.188,0.005,0.00000
BRIC_wet_g0,BRIC-mid,sealed,0,162.49,-6.1270,19.5,1.3000,0.0,0.188,0.005,0.00000
BRIC_wet_g0,BRIC-mid,sealed,0,162.99,-6.1340,19.4,1.3000,0.0,0.188,0.005,0.00000
BRIC_wet_g0,BRIC-mid,sealed,0,163.49,-6.1410,19.2,1.3000,0.0,0.188,0.005,0.00000
BRIC_wet_g0,BRIC-mid,sealed,0,163.99,-6.1470,19.1,1.3000,0.0,0.188,0.005,0.00000
BRIC_wet_g0,BRIC-mid,sealed,0,164.49,-6.1540,19.0,1.3000,0.0,0.188,0.005,0.00000
BRIC_wet_g0,BRIC-mid,sealed,0,164.99,-6.1610,18.8,1.3000,0.0,0.188,0.005,0.00000
BRIC_wet_g0,BRIC-mid,sealed,0,165.49,-6.1670,18.7,1.3000,0.0,0.188,0.005,0.00000
BRIC_wet_g0,BRIC-mid,sealed,0,165.99,-6.1740,18.6,1.3000,0.0,0.188,0.005,0.00000
BRIC_wet_g0,BRIC-mid,sealed,0,166.49,-6.1800,18.4,1.3000,0.0,0.188,0.005,0.00000
BRIC_wet_g0,BRIC-mid,sealed,0,166.99,-6.1870,18.3,1.3000,0.0,0.188,0.005,0.00000
BRIC_wet_g0,BRIC-mid,sealed,0,167.49,-6.1930,18.2,1.3000,0.0,0.188,0.005,0.00000
BRIC_wet_g0,BRIC-mid,sealed,0,167.99,-6.1990,18.0,1.3000,0.0,0.188,0.005,0.00000
BRIC_wet_g0,BRIC-mid,sealed,0,168.49,-6.2060,17.9,1.3000,0.0,0.188,0.005,0.00000
BRIC_wet_g0,BRIC-mid,sealed,0,168.99,-6.2120,17.8,1.3000,0.0,0.188,0.004,0.00000
BRIC_wet_g0,BRIC-mid,sealed,0,169.49,-6.2180,17.6,1.3000,0.0,0.188,0.004,0.00000
BRIC_wet_g0,BRIC-mid,sealed,0,169.99,-6.2240,17.5,1.3000,0.0,0.188,0.004,0.00000
BRIC_wet_g0,BRIC-mid,sealed,0,170.49,-6.2300,17.4,1.3000,0.0,0.188,0.004,0.00000
BRIC_wet_g0,BRIC-mid,sealed,0,170.99,-6.2360,17.3,1.3000,0.0,0.188,0.004,0.00000
BRIC_wet_g0,BRIC-mid,sealed,0,171.49,-6.2430,17.1,1.3000,0.0,0.188,0.004,0.00000
BRIC_wet_g0,BRIC-mid,sealed,0,171.99,-6.2490,17.0,1.3000,0.0,0.188,0.004,0.00000
BRIC_wet_g0,BRIC-mid,sealed,0,172.49,-6.2540,16.9,1.3000,0.0,0.188,0.004,0.00000
BRIC_wet_g0,BRIC-mid,sealed,0,172.99,-6.2600,16.8,1.3000,0.0,0.188,0.004,0.00000
BRIC_wet_g0,BRIC-mid,sealed,0,173.49,-6.2660,16.6,1.3000,0.0,0.188,0.004,0.00000
BRIC_wet_g0,BRIC-mid,sealed,0,173.99,-6.2720,16.5,1.3000,0.0,0.188,0.004,0.00000
BRIC_wet_g0,BRIC-mid,sealed,0,174.49,-6.2780,16.4,1.3000,0.0,0.187,0.004,0.00000
BRIC_wet_g0,BRIC-mid,sealed,0,174.99,-6.2830,16.3,1.3000,0.0,0.187,0.004,0.00000
BRIC_wet_g0,BRIC-mid,sealed,0,175.49,-6.2890,16.2,1.3000,0.0,0.187,0.004,0.00000
BRIC_wet_g0,BRIC-mid,sealed,0,175.99,-6.2950,16.0,1.3000,0.0,0.187,0.004,0.00000
BRIC_wet_g0,BRIC-mid,sealed,0,176.49,-6.3000,15.9,1.3000,0.0,0.187,0.004,0.00000
BRIC_wet_g0,BRIC-mid,sealed,0,176.99,-6.3060,15.8,1.3000,0.0,0.187,0.004,0.00000
BRIC_wet_g0,BRIC-mid,sealed,0,177.49,-6.3110,15.7,1.3000,0.0,0.187,0.004,0.00000
BRIC_wet_g0,BRIC-mid,sealed,0,177.99,-6.3170,15.6,1.3000,0.0,0.188,0.004,0.00000
BRIC_wet_g0,BRIC-mid,sealed,0,178.49,-6.3220,15.4,1.3000,0.0,0.188,0.004,0.00000
BRIC_wet_g0,BRIC-mid,sealed,0,178.99,-6.3280,15.3,1.3000,0.0,0.188,0.004,0.00000
BRIC_wet_g0,BRIC-mid,sealed,0,179.49,-6.3330,15.2,1.3000,0.0,0.188,0.004,0.00000
BRIC_wet_g0,BRIC-mid,sealed,0,179.99,-6.3390,15.1,1.3000,0.0,0.188,0.004,0.00000
BRIC_wet_g0,BRIC-mid,sealed,0,180.49,-6.3440,15.0,1.3000,0.0,0.188,0.004,0.00000
BRIC_wet_g0,BRIC-mid,sealed,0,180.99,-6.3490,14.9,1.3000,0.0,0.188,0.004,0.00000
BRIC_wet_g0,BRIC-mid,sealed,0,181.49,-6.3540,14.8,1.3000,0.0,0.188,0.004,0.00000
BRIC_wet_g0,BRIC-mid,sealed,0,181.99,-6.3600,14.7,1.3000,0.0,0.188,0.004,0.00000
BRIC_wet_g0,BRIC-mid,sealed,0,182.49,-6.3650,14.6,1.3000,0.0,0.188,0.004,0.00000
BRIC_wet_g0,BRIC-mid,sealed,0,182.99,-6.3700,14.4,1.3000,0.0,0.188,0.004,0.00000
BRIC_wet_g0,BRIC-mid,sealed,0,183.49,-6.3750,14.3,1.3000,0.0,0.188,0.004,0.00000
BRIC_wet_g0,BRIC-mid,sealed,0,183.99,-6.3800,14.2,1.3000,0.0,0.188,0.004,0.00000
BRIC_wet_g0,BRIC-mid,sealed,0,184.49,-6.3850,14.1,1.3000,0.0,0.188,0.003,0.00000
BRIC_wet_g0,BRIC-mid,sealed,0,184.99,-6.3900,14.0,1.3000,0.0,0.188,0.003,0.00000
BRIC_wet_g0,BRIC-mid,sealed,0,185.49,-6.3950,13.9,1.3000,0.0,0.188,0.003,0.00000
BRIC_wet_g0,BRIC-mid,sealed,0,185.99,-6.4000,13.8,1.3000,0.0,0.188,0.003,0.00000
BRIC_wet_g0,BRIC-mid,sealed,0,186.49,-6.4050,13.7,1.3000,0.0,0.188,0.003,0.00000
BRIC_wet_g0,BRIC-mid,sealed,0,186.99,-6.4100,13.6,1.3000,0.0,0.188,0.003,0.00000
BRIC_wet_g0,BRIC-mid,sealed,0,187.49,-6.4140,13.5,1.3000,0.0,0.188,0.003,0.00000
BRIC_wet_g0,BRIC-mid,sealed,0,187.99,-6.4190,13.4,1.3000,0.0,0.188,0.003,0.00000
BRIC_wet_g0,BRIC-mid,sealed,0,188.49,-6.4240,13.3,1.3000,0.0,0.188,0.003,0.00000
BRIC_wet_g0,BRIC-mid,sealed,0,188.99,-6.4280,13.2,1.3000,0.0,0.188,0.003,0.00000
BRIC_wet_g0,BRIC-mid,sealed,0,189.49,-6.4330,13.1,1.3000,0.0,0.188,0.003,0.00000
BRIC_wet_g0,BRIC-mid,sealed,0,189.99,-6.4380,13.0,1.3000,0.0,0.188,0.003,0.00000
BRIC_wet_g0,BRIC-mid,sealed,0,190.49,-6.4420,12.9,1.3000,0.0,0.188,0.003,0.00000
BRIC_wet_g0,BRIC-mid,sealed,0,190.99,-6.4470,12.8,1.3000,0.0,0.188,0.003,0.00000
BRIC_wet_g0,BRIC-mid,sealed,0,191.49,-6.4510,12.7,1.3000,0.0,0.188,0.003,0.00000
BRIC_wet_g0,BRIC-mid,sealed,0,191.99,-6.4560,12.6,1.3000,0.0,0.188,0.003,0.00000
BRIC_wet_g0,BRIC-mid,sealed,0,192.49,-6.4600,12.5,1.3000,0.0,0.188,0.003,0.00000
BRIC_wet_g0,BRIC-mid,sealed,0,192.99,-6.4650,12.4,1.3000,0.0,0.188,0.003,0.00000
BRIC_wet_g0,BRIC-mid,sealed,0,193.49,-6.4690,12.3,1.3000,0.0,0.188,0.003,0.00000
BRIC_wet_g0,BRIC-mid,sealed,0,193.99,-6.4730,12.2,1.3000,0.0,0.188,0.003,0.00000
BRIC_wet_g0,BRIC-mid,sealed,0,194.49,-6.4780,12.1,1.3000,0.0,0.188,0.003,0.00000
BRIC_wet_g0,BRIC-mid,sealed,0,194.99,-6.4820,12.0,1.3000,0.0,0.188,0.003,0.00000
BRIC_wet_g0,BRIC-mid,sealed,0,195.49,-6.4860,11.9,1.3000,0.0,0.188,0.003,0.00000
BRIC_wet_g0,BRIC-mid,sealed,0,195.99,-6.4900,11.8,1.3000,0.0,0.188,0.003,0.00000
BRIC_wet_g0,BRIC-mid,sealed,0,196.49,-6.4940,11.7,1.3000,0.0,0.188,0.003,0.00000
BRIC_wet_g0,BRIC-mid,sealed,0,196.99,-6.4980,11.7,1.3000,0.0,0.188,0.003,0.00000
BRIC_wet_g0,BRIC-mid,sealed,0,197.49,-6.5030,11.6,1.3000,0.0,0.188,0.003,0.00000
BRIC_wet_g0,BRIC-mid,sealed,0,197.99,-6.5070,11.5,1.3000,0.0,0.188,0.003,0.00000
BRIC_wet_g0,BRIC-mid,sealed,0,198.49,-6.5110,11.4,1.3000,0.0,0.188,0.003,0.00000
BRIC_wet_g0,BRIC-mid,sealed,0,198.99,-6.5150,11.3,1.3000,0.0,0.188,0.003,0.00000
BRIC_wet_g0,BRIC-mid,sealed,0,199.49,-6.5190,11.2,1.3000,0.0,0.188,0.003,0.00000
BRIC_wet_g0,BRIC-mid,sealed,0,199.99,-6.5220,11.1,1.3000,0.0,0.188,0.003,0.00000
BRIC_wet_g0,BRIC-mid,sealed,0,200.49,-6.5260,11.0,1.3000,0.0,0.188,0.003,0.00000
BRIC_wet_g0,BRIC-mid,sealed,0,200.99,-6.5300,10.9,1.3000,0.0,0.188,0.003,0.00000
BRIC_wet_g0,BRIC-mid,sealed,0,201.49,-6.5340,10.9,1.3000,0.0,0.188,0.003,0.00000
BRIC_wet_g0,BRIC-mid,sealed,0,201.99,-6.5380,10.8,1.3000,0.0,0.188,0.003,0.00000
BRIC_wet_g0,BRIC-mid,sealed,0,202.49,-6.5420,10.7,1.3000,0.0,0.188,0.003,0.00000
BRIC_wet_g0,BRIC-mid,sealed,0,202.99,-6.5450,10.6,1.3000,0.0,0.188,0.003,0.00000
BRIC_wet_g0,BRIC-mid,sealed,0,203.49,-6.5490,10.5,1.3000,0.0,0.188,0.003,0.00000
BRIC_wet_g0,BRIC-mid,sealed,0,203.99,-6.5530,10.4,1.3000,0.0,0.188,0.003,0.00000
BRIC_wet_g0,BRIC-mid,sealed,0,204.49,-6.5560,10.4,1.3000,0.0,0.188,0.003,0.00000
BRIC_wet_g0,BRIC-mid,sealed,0,204.99,-6.5600,10.3,1.3000,0.0,0.188,0.002,0.00000
BRIC_wet_g0,BRIC-mid,sealed,0,205.49,-6.5640,10.2,1.3000,0.0,0.188,0.002,0.00000
BRIC_wet_g0,BRIC-mid,sealed,0,205.99,-6.5670,10.1,1.3000,0.0,0.188,0.002,0.00000
BRIC_wet_g0,BRIC-mid,sealed,0,206.49,-6.5710,10.0,1.3000,0.0,0.188,0.002,0.00000
BRIC_wet_g0,BRIC-mid,sealed,0,206.99,-6.5740,10.0,1.3000,0.0,0.188,0.002,0.00000
BRIC_wet_g0,BRIC-mid,sealed,0,207.49,-6.5780,9.9,1.3000,0.0,0.188,0.002,0.00000
BRIC_wet_g0,BRIC-mid,sealed,0,207.99,-6.5810,9.8,1.3000,0.0,0.188,0.002,0.00000
BRIC_wet_g0,BRIC-mid,sealed,0,208.49,-6.5850,9.7,1.3000,0.0,0.188,0.002,0.00000
BRIC_wet_g0,BRIC-mid,sealed,0,208.99,-6.5880,9.7,1.3000,0.0,0.188,0.002,0.00000
BRIC_wet_g0,BRIC-mid,sealed,0,209.49,-6.5910,9.6,1.3000,0.0,0.188,0.002,0.00000
BRIC_wet_g0,BRIC-mid,sealed,0,209.99,-6.5950,9.5,1.3000,0.0,0.188,0.002,0.00000
BRIC_wet_g0,BRIC-mid,sealed,0,210.49,-6.5980,9.4,1.3000,0.0,0.188,0.002,0.00000
BRIC_wet_g0,BRIC-mid,sealed,0,210.99,-6.6010,9.4,1.3000,0.0,0.188,0.002,0.00000
BRIC_wet_g0,BRIC-mid,sealed,0,211.49,-6.6050,9.3,1.3000,0.0,0.188,0.002,0.00000
BRIC_wet_g0,BRIC-mid,sealed,0,211.99,-6.6080,9.2,1.3000,0.0,0.188,0.002,0.00000
BRIC_wet_g0,BRIC-mid,sealed,0,212.49,-6.6110,9.1,1.3000,0.0,0.189,0.002,0.00000
BRIC_wet_g0,BRIC-mid,sealed,0,212.99,-6.6140,9.1,1.3000,0.0,0.188,0.002,0.00000
BRIC_wet_g0,BRIC-mid,sealed,0,213.49,-6.6170,9.0,1.3000,0.0,0.188,0.002,0.00000
BRIC_wet_g0,BRIC-mid,sealed,0,213.99,-6.6200,8.9,1.3000,0.0,0.188,0.002,0.00000
BRIC_wet_g0,BRIC-mid,sealed,0,214.49,-6.6240,8.9,1.3000,0.0,0.188,0.002,0.00000
BRIC_wet_g0,BRIC-mid,sealed,0,214.99,-6.6270,8.8,1.3000,0.0,0.188,0.002,0.00000
BRIC_wet_g0,BRIC-mid,sealed,0,215.49,-6.6300,8.7,1.3000,0.0,0.188,0.002,0.00000
BRIC_wet_g0,BRIC-mid,sealed,0,215.99,-6.6330,8.6,1.3000,0.0,0.188,0.002,0.00000
BRIC_wet_g0,BRIC-mid,sealed,0,216.49,-6.6360,8.6,1.3000,0.0,0.188,0.002,0.00000
BRIC_wet_g0,BRIC-mid,sealed,0,216.99,-6.6390,8.5,1.3000,0.0,0.188,0.002,0.00000
BRIC_wet_g0,BRIC-mid,sealed,0,217.49,-6.6420,8.4,1.3000,0.0,0.188,0.002,0.00000
BRIC_wet_g0,BRIC-mid,sealed,0,217.99,-6.6450,8.4,1.3000,0.0,0.188,0.002,0.00000
BRIC_wet_g0,BRIC-mid,sealed,0,218.49,-6.6480,8.3,1.3000,0.0,0.188,0.002,0.00000
BRIC_wet_g0,BRIC-mid,sealed,0,218.99,-6.6500,8.2,1.3000,0.0,0.188,0.002,0.00000
BRIC_wet_g0,BRIC-mid,sealed,0,219.49,-6.6530,8.2,1.3000,0.0,0.188,0.002,0.00000
BRIC_wet_g0,BRIC-mid,sealed,0,219.99,-6.6560,8.1,1.3000,0.0,0.188,0.002,0.00000
BRIC_wet_g0,BRIC-mid,sealed,0,220.49,-6.6590,8.1,1.3000,0.0,0.188,0.002,0.00000
BRIC_wet_g0,BRIC-mid,sealed,0,220.99,-6.6620,8.0,1.3000,0.0,0.188,0.002,0.00000
BRIC_wet_g0,BRIC-mid,sealed,0,221.49,-6.6650,7.9,1.3000,0.0,0.188,0.002,0.00000
BRIC_wet_g0,BRIC-mid,sealed,0,221.99,-6.6670,7.9,1.3000,0.0,0.188,0.002,0.00000
BRIC_wet_g0,BRIC-mid,sealed,0,222.49,-6.6700,7.8,1.3000,0.0,0.188,0.002,0.00000
BRIC_wet_g0,BRIC-mid,sealed,0,222.99,-6.6730,7.7,1.3000,0.0,0.188,0.002,0.00000
BRIC_wet_g0,BRIC-mid,sealed,0,223.49,-6.6750,7.7,1.3000,0.0,0.188,0.002,0.00000
BRIC_wet_g0,BRIC-mid,sealed,0,223.99,-6.6780,7.6,1.3000,0.0,0.188,0.002,0.00000
BRIC_wet_g0,BRIC-mid,sealed,0,224.49,-6.6810,7.6,1.3000,0.0,0.188,0.002,0.00000
BRIC_wet_g0,BRIC-mid,sealed,0,224.99,-6.6830,7.5,1.3000,0.0,0.188,0.002,0.00000
BRIC_wet_g0,BRIC-mid,sealed,0,225.49,-6.6860,7.4,1.3000,0.0,0.188,0.002,0.00000
BRIC_wet_g0,BRIC-mid,sealed,0,225.99,-6.6890,7.4,1.3000,0.0,0.188,0.002,0.00000
BRIC_wet_g0,BRIC-mid,sealed,0,226.49,-6.6910,7.3,1.3000,0.0,0.188,0.002,0.00000
BRIC_wet_g0,BRIC-mid,sealed,0,226.99,-6.6940,7.3,1.3000,0.0,0.188,0.002,0.00000
BRIC_wet_g0,BRIC-mid,sealed,0,227.49,-6.6960,7.2,1.3000,0.0,0.188,0.002,0.00000
BRIC_wet_g0,BRIC-mid,sealed,0,227.99,-6.6990,7.1,1.3000,0.0,0.188,0.002,0.00000
BRIC_wet_g0,BRIC-mid,sealed,0,228.49,-6.7010,7.1,1.3000,0.0,0.188,0.002,0.00000
BRIC_wet_g0,BRIC-mid,sealed,0,228.99,-6.7040,7.0,1.3000,0.0,0.188,0.002,0.00000
BRIC_wet_g0,BRIC-mid,sealed,0,229.49,-6.7060,7.0,1.3000,0.0,0.188,0.002,0.00000
BRIC_wet_g0,BRIC-mid,sealed,0,229.99,-6.7080,6.9,1.3000,0.0,0.188,0.002,0.00000
BRIC_wet_g0,BRIC-mid,sealed,0,230.49,-6.7110,6.9,1.3000,0.0,0.188,0.002,0.00000
BRIC_wet_g0,BRIC-mid,sealed,0,230.99,-6.7130,6.8,1.3000,0.0,0.188,0.002,0.00000
BRIC_wet_g0,BRIC-mid,sealed,0,231.49,-6.7160,6.8,1.3000,0.0,0.188,0.002,0.00000
BRIC_wet_g0,BRIC-mid,sealed,0,231.99,-6.7180,6.7,1.3000,0.0,0.188,0.002,0.00000
BRIC_wet_g0,BRIC-mid,sealed,0,232.49,-6.7200,6.6,1.3000,0.0,0.188,0.002,0.00000
BRIC_wet_g0,BRIC-mid,sealed,0,232.99,-6.7230,6.6,1.3000,0.0,0.188,0.002,0.00000
BRIC_wet_g0,BRIC-mid,sealed,0,233.49,-6.7250,6.5,1.3000,0.0,0.188,0.002,0.00000
BRIC_wet_g0,BRIC-mid,sealed,0,233.99,-6.7270,6.5,1.3000,0.0,0.188,0.002,0.00000
BRIC_wet_g0,BRIC-mid,sealed,0,234.49,-6.7290,6.4,1.3000,0.0,0.188,0.002,0.00000
BRIC_wet_g0,BRIC-mid,sealed,0,234.99,-6.7320,6.4,1.3000,0.0,0.188,0.002,0.00000
BRIC_wet_g0,BRIC-mid,sealed,0,235.49,-6.7340,6.3,1.3000,0.0,0.188,0.002,0.00000
BRIC_wet_g0,BRIC-mid,sealed,0,235.99,-6.7360,6.3,1.3000,0.0,0.188,0.001,0.00000
BRIC_wet_g0,BRIC-mid,sealed,0,236.49,-6.7380,6.2,1.3000,0.0,0.188,0.001,0.00000
BRIC_wet_g0,BRIC-mid,sealed,0,236.99,-6.7400,6.2,1.3000,0.0,0.188,0.001,0.00000
BRIC_wet_g0,BRIC-mid,sealed,0,237.49,-6.7430,6.1,1.3000,0.0,0.188,0.001,0.00000
BRIC_wet_g0,BRIC-mid,sealed,0,237.99,-6.7450,6.1,1.3000,0.0,0.188,0.001,0.00000
BRIC_wet_g0,BRIC-mid,sealed,0,238.49,-6.7470,6.0,1.3000,0.0,0.188,0.001,0.00000
BRIC_wet_g0,BRIC-mid,sealed,0,238.99,-6.7490,6.0,1.3000,0.0,0.188,0.001,0.00000
BRIC_wet_g0,BRIC-mid,sealed,0,239.49,-6.7510,5.9,1.3000,0.0,0.188,0.001,0.00000
BRIC_wet_g0,BRIC-mid,sealed,0,239.99,-6.7530,5.9,1.3000,0.0,0.187,0.001,0.00000
BRIC_wet_g0,BRIC-mid,sealed,0,240.49,-6.7550,5.8,1.3000,0.0,0.187,0.001,0.00000
BRIC_wet_g0,BRIC-mid,sealed,0,240.99,-6.7570,5.8,1.3000,0.0,0.187,0.001,0.00000
BRIC_wet_g0,BRIC-mid,sealed,0,241.49,-6.7590,5.7,1.3000,0.0,0.187,0.001,0.00000
BRIC_wet_g0,BRIC-mid,sealed,0,241.99,-6.7610,5.7,1.3000,0.0,0.187,0.001,0.00000
BRIC_wet_g0,BRIC-mid,sealed,0,242.49,-6.7630,5.6,1.3000,0.0,0.187,0.001,0.00000
BRIC_wet_g0,BRIC-mid,sealed,0,242.99,-6.7650,5.6,1.3000,0.0,0.186,0.001,0.00000
BRIC_wet_g0,BRIC-mid,sealed,0,243.49,-6.7670,5.6,1.3000,0.0,0.186,0.001,0.00000
BRIC_wet_g0,BRIC-mid,sealed,0,243.99,-6.7690,5.5,1.3000,0.0,0.186,0.001,0.00000
BRIC_wet_g0,BRIC-mid,sealed,0,244.49,-6.7710,5.5,1.3000,0.0,0.186,0.001,0.00000
BRIC_wet_g0,BRIC-mid,sealed,0,244.99,-6.7720,5.4,1.3000,0.0,0.186,0.001,0.00000
BRIC_wet_g0,BRIC-mid,sealed,0,245.49,-6.7740,5.4,1.3000,0.0,0.186,0.001,0.00000
BRIC_wet_g0,BRIC-mid,sealed,0,245.99,-6.7760,5.3,1.3000,0.0,0.186,0.001,0.00000
BRIC_wet_g0,BRIC-mid,sealed,0,246.49,-6.7780,5.3,1.3000,0.0,0.186,0.001,0.00000
BRIC_wet_g0,BRIC-mid,sealed,0,246.99,-6.7800,5.3,1.3000,0.0,0.186,0.001,0.00000
BRIC_wet_g0,BRIC-mid,sealed,0,247.49,-6.7820,5.2,1.3000,0.0,0.186,0.001,0.00000
BRIC_wet_g0,BRIC-mid,sealed,0,247.99,-6.7840,5.2,1.3000,0.0,0.186,0.001,0.00000
BRIC_wet_g0,BRIC-mid,sealed,0,248.49,-6.7850,5.1,1.3000,0.0,0.187,0.001,0.00000
BRIC_wet_g0,BRIC-mid,sealed,0,248.99,-6.7870,5.1,1.3000,0.0,0.187,0.001,0.00000
BRIC_wet_g0,BRIC-mid,sealed,0,249.49,-6.7890,5.0,1.3000,0.0,0.187,0.001,0.00000
BRIC_wet_g0,BRIC-mid,sealed,0,249.99,-6.7910,5.0,1.3000,0.0,0.187,0.001,0.00000
BRIC_wet_g0,BRIC-mid,sealed,0,250.48,-6.7930,5.0,1.3000,0.0,0.187,0.001,0.00000
BRIC_wet_g0,BRIC-mid,sealed,0,250.98,-6.7940,4.9,1.3000,0.0,0.187,0.001,0.00000
BRIC_wet_g0,BRIC-mid,sealed,0,251.48,-6.7960,4.9,1.3000,0.0,0.188,0.001,0.00000
BRIC_wet_g0,BRIC-mid,sealed,0,251.98,-6.7980,4.8,1.3000,0.0,0.188,0.001,0.00000
BRIC_wet_g0,BRIC-mid,sealed,0,252.48,-6.8000,4.8,1.3000,0.0,0.188,0.001,0.00000
BRIC_wet_g0,BRIC-mid,sealed,0,252.98,-6.8010,4.8,1.3000,0.0,0.188,0.001,0.00000
BRIC_wet_g0,BRIC-mid,sealed,0,253.48,-6.8030,4.7,1.3000,0.0,0.189,0.001,0.00000
BRIC_wet_g0,BRIC-mid,sealed,0,253.98,-6.8050,4.7,1.3000,0.0,0.189,0.001,0.00000
BRIC_wet_g0,BRIC-mid,sealed,0,254.48,-6.8060,4.6,1.3000,0.0,0.189,0.001,0.00000
BRIC_wet_g0,BRIC-mid,sealed,0,254.98,-6.8080,4.6,1.3000,0.0,0.189,0.001,0.00000
BRIC_wet_g0,BRIC-mid,sealed,0,255.48,-6.8100,4.6,1.3000,0.0,0.189,0.001,0.00000
BRIC_wet_g0,BRIC-mid,sealed,0,255.98,-6.8110,4.5,1.3000,0.0,0.189,0.001,0.00000
BRIC_wet_g0,BRIC-mid,sealed,0,256.48,-6.8130,4.5,1.3000,0.0,0.189,0.001,0.00000
BRIC_wet_g0,BRIC-mid,sealed,0,256.98,-6.8150,4.5,1.3000,0.0,0.189,0.001,0.00000
BRIC_wet_g0,BRIC-mid,sealed,0,257.48,-6.8160,4.4,1.3000,0.0,0.189,0.001,0.00000
BRIC_wet_g0,BRIC-mid,sealed,0,257.98,-6.8180,4.4,1.3000,0.0,0.189,0.001,0.00000
BRIC_wet_g0,BRIC-mid,sealed,0,258.48,-6.8190,4.3,1.3000,0.0,0.189,0.001,0.00000
BRIC_wet_g0,BRIC-mid,sealed,0,258.98,-6.8210,4.3,1.3000,0.0,0.189,0.001,0.00000
BRIC_wet_g0,BRIC-mid,sealed,0,259.48,-6.8220,4.3,1.3000,0.0,0.189,0.001,0.00000
BRIC_wet_g0,BRIC-mid,sealed,0,259.98,-6.8240,4.2,1.3000,0.0,0.189,0.001,0.00000
BRIC_wet_g0,BRIC-mid,sealed,0,260.48,-6.8250,4.2,1.3000,0.0,0.189,0.001,0.00000
BRIC_wet_g0,BRIC-mid,sealed,0,260.98,-6.8270,4.2,1.3000,0.0,0.189,0.001,0.00000
BRIC_wet_g0,BRIC-mid,sealed,0,261.48,-6.8280,4.1,1.3000,0.0,0.189,0.001,0.00000
BRIC_wet_g0,BRIC-mid,sealed,0,261.98,-6.8300,4.1,1.3000,0.0,0.189,0.001,0.00000
BRIC_wet_g0,BRIC-mid,sealed,0,262.48,-6.8310,4.1,1.3000,0.0,0.189,0.001,0.00000
BRIC_wet_g0,BRIC-mid,sealed,0,262.98,-6.8330,4.0,1.3000,0.0,0.189,0.001,0.00000
BRIC_wet_g0,BRIC-mid,sealed,0,263.48,-6.8340,4.0,1.3000,0.0,0.188,0.001,0.00000
BRIC_wet_g0,BRIC-mid,sealed,0,263.98,-6.8360,4.0,1.3000,0.0,0.188,0.001,0.00000
BRIC_wet_g0,BRIC-mid,sealed,0,264.48,-6.8370,3.9,1.3000,0.0,0.188,0.001,0.00000
BRIC_wet_g0,BRIC-mid,sealed,0,264.98,-6.8380,3.9,1.3000,0.0,0.188,0.001,0.00000
BRIC_wet_g0,BRIC-mid,sealed,0,265.48,-6.8400,3.9,1.3000,0.0,0.188,0.001,0.00000
BRIC_wet_g0,BRIC-mid,sealed,0,265.98,-6.8410,3.8,1.3000,0.0,0.188,0.001,0.00000
BRIC_wet_g0,BRIC-mid,sealed,0,266.48,-6.8430,3.8,1.3000,0.0,0.188,0.001,0.00000
BRIC_wet_g0,BRIC-mid,sealed,0,266.98,-6.8440,3.8,1.3000,0.0,0.188,0.001,0.00000
BRIC_wet_g0,BRIC-mid,sealed,0,267.48,-6.8450,3.7,1.3000,0.0,0.188,0.001,0.00000
BRIC_wet_g0,BRIC-mid,sealed,0,267.98,-6.8470,3.7,1.3000,0.0,0.188,0.001,0.00000
BRIC_wet_g0,BRIC-mid,sealed,0,268.48,-6.8480,3.7,1.3000,0.0,0.188,0.001,0.00000
BRIC_wet_g0,BRIC-mid,sealed,0,268.98,-6.8490,3.6,1.3000,0.0,0.188,0.001,0.00000
BRIC_wet_g0,BRIC-mid,sealed,0,269.48,-6.8500,3.6,1.3000,0.0,0.188,0.001,0.00000
BRIC_wet_g0,BRIC-mid,sealed,0,269.98,-6.8520,3.6,1.3000,0.0,0.188,0.001,0.00000
BRIC_wet_g0,BRIC-mid,sealed,0,270.48,-6.8530,3.5,1.3000,0.0,0.188,0.001,0.00000
BRIC_wet_g0,BRIC-mid,sealed,0,270.98,-6.8540,3.5,1.3000,0.0,0.188,0.001,0.00000
BRIC_wet_g0,BRIC-mid,sealed,0,271.48,-6.8560,3.5,1.3000,0.0,0.188,0.001,0.00000
BRIC_wet_g0,BRIC-mid,sealed,0,271.98,-6.8570,3.5,1.3000,0.0,0.188,0.001,0.00000
BRIC_wet_g0,BRIC-mid,sealed,0,272.48,-6.8580,3.4,1.3000,0.0,0.189,0.001,0.00000
BRIC_wet_g0,BRIC-mid,sealed,0,272.98,-6.8590,3.4,1.3000,0.0,0.189,0.001,0.00000
BRIC_wet_g0,BRIC-mid,sealed,0,273.48,-6.8610,3.4,1.3000,0.0,0.189,0.001,0.00000
BRIC_wet_g0,BRIC-mid,sealed,0,273.98,-6.8620,3.3,1.3000,0.0,0.189,0.001,0.00000
BRIC_wet_g0,BRIC-mid,sealed,0,274.48,-6.8630,3.3,1.3000,0.0,0.189,0.001,0.00000
BRIC_wet_g0,BRIC-mid,sealed,0,274.98,-6.8640,3.3,1.3000,0.0,0.189,0.001,0.00000
BRIC_wet_g0,BRIC-mid,sealed,0,275.48,-6.8650,3.3,1.3000,0.0,0.189,0.001,0.00000
BRIC_wet_g0,BRIC-mid,sealed,0,275.98,-6.8670,3.2,1.3000,0.0,0.189,0.001,0.00000
BRIC_wet_g0,BRIC-mid,sealed,0,276.48,-6.8680,3.2,1.3000,0.0,0.189,0.001,0.00000
BRIC_wet_g0,BRIC-mid,sealed,0,276.98,-6.8690,3.2,1.3000,0.0,0.189,0.001,0.00000
BRIC_wet_g0,BRIC-mid,sealed,0,277.48,-6.8700,3.1,1.3000,0.0,0.189,0.001,0.00000
BRIC_wet_g0,BRIC-mid,sealed,0,277.98,-6.8710,3.1,1.3000,0.0,0.189,0.001,0.00000
BRIC_wet_g0,BRIC-mid,sealed,0,278.48,-6.8720,3.1,1.3000,0.0,0.189,0.001,0.00000
BRIC_wet_g0,BRIC-mid,sealed,0,278.98,-6.8730,3.1,1.3000,0.0,0.189,0.001,0.00000
BRIC_wet_g0,BRIC-mid,sealed,0,279.48,-6.8750,3.0,1.3000,0.0,0.189,0.001,0.00000
BRIC_wet_g0,BRIC-mid,sealed,0,279.98,-6.8760,3.0,1.3000,0.0,0.189,0.001,0.00000
BRIC_wet_g0,BRIC-mid,sealed,0,280.48,-6.8770,3.0,1.3000,0.0,0.189,0.001,0.00000
BRIC_wet_g0,BRIC-mid,sealed,0,280.98,-6.8780,3.0,1.3000,0.0,0.189,0.001,0.00000
BRIC_wet_g0,BRIC-mid,sealed,0,281.48,-6.8790,2.9,1.3000,0.0,0.189,0.001,0.00000
BRIC_wet_g0,BRIC-mid,sealed,0,281.98,-6.8800,2.9,1.3000,0.0,0.189,0.001,0.00000
BRIC_wet_g0,BRIC-mid,sealed,0,282.48,-6.8810,2.9,1.3000,0.0,0.189,0.001,0.00000
BRIC_wet_g0,BRIC-mid,sealed,0,282.98,-6.8820,2.9,1.3000,0.0,0.189,0.001,0.00000
BRIC_wet_g0,BRIC-mid,sealed,0,283.48,-6.8830,2.8,1.3000,0.0,0.189,0.001,0.00000
BRIC_wet_g0,BRIC-mid,sealed,0,283.98,-6.8840,2.8,1.3000,0.0,0.189,0.001,0.00000
BRIC_wet_g0,BRIC-mid,sealed,0,284.48,-6.8850,2.8,1.3000,0.0,0.189,0.001,0.00000
BRIC_wet_g0,BRIC-mid,sealed,0,284.98,-6.8860,2.8,1.3000,0.0,0.189,0.001,0.00000
BRIC_wet_g0,BRIC-mid,sealed,0,285.48,-6.8870,2.7,1.3000,0.0,0.189,0.001,0.00000
BRIC_wet_g0,BRIC-mid,sealed,0,285.98,-6.8880,2.7,1.3000,0.0,0.189,0.001,0.00000
BRIC_wet_g0,BRIC-mid,sealed,0,286.48,-6.8890,2.7,1.3000,0.0,0.189,0.001,0.00000
BRIC_wet_g0,BRIC-mid,sealed,0,286.98,-6.8900,2.7,1.3000,0.0,0.189,0.001,0.00000
BRIC_wet_g0,BRIC-mid,sealed,0,287.48,-6.8910,2.6,1.3000,0.0,0.189,0.001,0.00000
BRIC_wet_g0,BRIC-mid,sealed,0,287.98,-6.8920,2.6,1.3000,0.0,0.189,0.001,0.00000
BRIC_wet_g0,BRIC-mid,sealed,0,288.48,-6.8930,2.6,1.3000,0.0,0.189,0.001,0.00000
BRIC_wet_g0,BRIC-mid,sealed,0,288.98,-6.8940,2.6,1.3000,0.0,0.189,0.001,0.00000
BRIC_wet_g0,BRIC-mid,sealed,0,289.48,-6.8950,2.5,1.3000,0.0,0.189,0.001,0.00000
BRIC_wet_g0,BRIC-mid,sealed,0,289.98,-6.8960,2.5,1.3000,0.0,0.189,0.001,0.00000
BRIC_wet_g0,BRIC-mid,sealed,0,290.48,-6.8970,2.5,1.3000,0.0,0.189,0.001,0.00000
BRIC_wet_g0,BRIC-mid,sealed,0,290.98,-6.8970,2.5,1.3000,0.0,0.189,0.001,0.00000
BRIC_wet_g0,BRIC-mid,sealed,0,291.48,-6.8980,2.5,1.3000,0.0,0.189,0.001,0.00000
BRIC_wet_g0,BRIC-mid,sealed,0,291.98,-6.8990,2.4,1.3000,0.0,0.189,0.001,0.00000
BRIC_wet_g0,BRIC-mid,sealed,0,292.48,-6.9000,2.4,1.3000,0.0,0.189,0.001,0.00000
BRIC_wet_g0,BRIC-mid,sealed,0,292.98,-6.9010,2.4,1.3000,0.0,0.189,0.001,0.00000
BRIC_wet_g0,BRIC-mid,sealed,0,293.48,-6.9020,2.4,1.3000,0.0,0.189,0.001,0.00000
BRIC_wet_g0,BRIC-mid,sealed,0,293.98,-6.9030,2.4,1.3000,0.0,0.189,0.001,0.00000
BRIC_wet_g0,BRIC-mid,sealed,0,294.48,-6.9040,2.3,1.3000,0.0,0.189,0.001,0.00000
BRIC_wet_g0,BRIC-mid,sealed,0,294.98,-6.9040,2.3,1.3000,0.0,0.189,0.001,0.00000
BRIC_wet_g0,BRIC-mid,sealed,0,295.48,-6.9050,2.3,1.3000,0.0,0.189,0.001,0.00000
BRIC_wet_g0,BRIC-mid,sealed,0,295.98,-6.9060,2.3,1.3000,0.0,0.189,0.001,0.00000
BRIC_wet_g0,BRIC-mid,sealed,0,296.48,-6.9070,2.3,1.3000,0.0,0.189,0.001,0.00000
BRIC_wet_g0,BRIC-mid,sealed,0,296.98,-6.9080,2.2,1.3000,0.0,0.189,0.001,0.00000
BRIC_wet_g0,BRIC-mid,sealed,0,297.48,-6.9090,2.2,1.3000,0.0,0.189,0.001,0.00000
BRIC_wet_g0,BRIC-mid,sealed,0,297.98,-6.9090,2.2,1.3000,0.0,0.189,0.001,0.00000
BRIC_wet_g0,BRIC-mid,sealed,0,298.48,-6.9100,2.2,1.3000,0.0,0.189,0.001,0.00000
BRIC_wet_g0,BRIC-mid,sealed,0,298.98,-6.9110,2.2,1.3000,0.0,0.189,0.001,0.00000
BRIC_wet_g0,BRIC-mid,sealed,0,299.48,-6.9120,2.1,1.3000,0.0,0.189,0.000,0.00000
BRIC_wet_g0,BRIC-mid,sealed,0,299.98,-6.9130,2.1,1.3000,0.0,0.189,0.000,0.00000
BRIC_wet_g0,BRIC-mid,sealed,0,300.48,-6.9130,2.1,1.3000,0.0,0.189,0.000,0.00000
BRIC_wet_g0,BRIC-mid,sealed,0,300.98,-6.9140,2.1,1.3000,0.0,0.189,0.000,0.00000
BRIC_wet_g0,BRIC-mid,sealed,0,301.48,-6.9150,2.1,1.3000,0.0,0.189,0.000,0.00000
BRIC_wet_g0,BRIC-mid,sealed,0,301.98,-6.9160,2.1,1.3000,0.0,0.189,0.000,0.00000
BRIC_wet_g0,BRIC-mid,sealed,0,302.48,-6.9160,2.0,1.3000,0.0,0.189,0.000,0.00000
BRIC_wet_g0,BRIC-mid,sealed,0,302.98,-6.9170,2.0,1.3000,0.0,0.189,0.000,0.00000
BRIC_wet_g0,BRIC-mid,sealed,0,303.48,-6.9180,2.0,1.3000,0.0,0.189,0.000,0.00000
BRIC_wet_g0,BRIC-mid,sealed,0,303.98,-6.9180,2.0,1.3000,0.0,0.189,0.000,0.00000
BRIC_wet_g0,BRIC-mid,sealed,0,304.48,-6.9190,2.0,1.3000,0.0,0.189,0.000,0.00000
BRIC_wet_g0,BRIC-mid,sealed,0,304.98,-6.9200,1.9,1.3000,0.0,0.189,0.000,0.00000
BRIC_wet_g0,BRIC-mid,sealed,0,305.48,-6.9210,1.9,1.3000,0.0,0.189,0.000,0.00000
BRIC_wet_g0,BRIC-mid,sealed,0,305.98,-6.9210,1.9,1.3000,0.0,0.189,0.000,0.00000
BRIC_wet_g0,BRIC-mid,sealed,0,306.48,-6.9220,1.9,1.3000,0.0,0.189,0.000,0.00000
BRIC_wet_g0,BRIC-mid,sealed,0,306.98,-6.9230,1.9,1.3000,0.0,0.189,0.000,0.00000
BRIC_wet_g0,BRIC-mid,sealed,0,307.48,-6.9230,1.9,1.3000,0.0,0.189,0.000,0.00000
BRIC_wet_g0,BRIC-mid,sealed,0,307.98,-6.9240,1.8,1.3000,0.0,0.189,0.000,0.00000
BRIC_wet_g0,BRIC-mid,sealed,0,308.48,-6.9250,1.8,1.3000,0.0,0.189,0.000,0.00000
BRIC_wet_g0,BRIC-mid,sealed,0,308.98,-6.9250,1.8,1.3000,0.0,0.189,0.000,0.00000
BRIC_wet_g0,BRIC-mid,sealed,0,309.48,-6.9260,1.8,1.3000,0.0,0.189,0.000,0.00000
BRIC_wet_g0,BRIC-mid,sealed,0,309.98,-6.9270,1.8,1.3000,0.0,0.189,0.000,0.00000
BRIC_wet_g0,BRIC-mid,sealed,0,310.48,-6.9270,1.8,1.3000,0.0,0.189,0.000,0.00000
BRIC_wet_g0,BRIC-mid,sealed,0,310.98,-6.9280,1.7,1.3000,0.0,0.189,0.000,0.00000
BRIC_wet_g0,BRIC-mid,sealed,0,311.48,-6.9290,1.7,1.3000,0.0,0.189,0.000,0.00000
BRIC_wet_g0,BRIC-mid,sealed,0,311.98,-6.9290,1.7,1.3000,0.0,0.189,0.000,0.00000
BRIC_wet_g0,BRIC-mid,sealed,0,312.48,-6.9300,1.7,1.3000,0.0,0.189,0.000,0.00000
BRIC_wet_g0,BRIC-mid,sealed,0,312.98,-6.9310,1.7,1.3000,0.0,0.189,0.000,0.00000
BRIC_wet_g0,BRIC-mid,sealed,0,313.48,-6.9310,1.7,1.3000,0.0,0.189,0.000,0.00000
BRIC_wet_g0,BRIC-mid,sealed,0,313.98,-6.9320,1.7,1.3000,0.0,0.189,0.000,0.00000
BRIC_wet_g0,BRIC-mid,sealed,0,314.48,-6.9320,1.6,1.3000,0.0,0.189,0.000,0.00000
BRIC_wet_g0,BRIC-mid,sealed,0,314.98,-6.9330,1.6,1.3000,0.0,0.189,0.000,0.00000
BRIC_wet_g0,BRIC-mid,sealed,0,315.48,-6.9340,1.6,1.3000,0.0,0.189,0.000,0.00000
BRIC_wet_g0,BRIC-mid,sealed,0,315.98,-6.9340,1.6,1.3000,0.0,0.189,0.000,0.00000
BRIC_wet_g0,BRIC-mid,sealed,0,316.48,-6.9350,1.6,1.3000,0.0,0.189,0.000,0.00000
BRIC_wet_g0,BRIC-mid,sealed,0,316.98,-6.9350,1.6,1.3000,0.0,0.189,0.000,0.00000
BRIC_wet_g0,BRIC-mid,sealed,0,317.48,-6.9360,1.6,1.3000,0.0,0.189,0.000,0.00000
BRIC_wet_g0,BRIC-mid,sealed,0,317.98,-6.9360,1.5,1.3000,0.0,0.189,0.000,0.00000
BRIC_wet_g0,BRIC-mid,sealed,0,318.48,-6.9370,1.5,1.3000,0.0,0.189,0.000,0.00000
BRIC_wet_g0,BRIC-mid,sealed,0,318.98,-6.9380,1.5,1.3000,0.0,0.189,0.000,0.00000
BRIC_wet_g0,BRIC-mid,sealed,0,319.48,-6.9380,1.5,1.3000,0.0,0.189,0.000,0.00000
BRIC_wet_g0,BRIC-mid,sealed,0,319.98,-6.9390,1.5,1.3000,0.0,0.189,0.000,0.00000
BRIC_wet_g0,BRIC-mid,sealed,0,320.48,-6.9390,1.5,1.3000,0.0,0.189,0.000,0.00000
BRIC_wet_g0,BRIC-mid,sealed,0,320.98,-6.9400,1.5,1.3000,0.0,0.189,0.000,0.00000
BRIC_wet_g0,BRIC-mid,sealed,0,321.48,-6.9400,1.5,1.3000,0.0,0.189,0.000,0.00000
BRIC_wet_g0,BRIC-mid,sealed,0,321.98,-6.9410,1.4,1.3000,0.0,0.189,0.000,0.00000
BRIC_wet_g0,BRIC-mid,sealed,0,322.48,-6.9410,1.4,1.3000,0.0,0.189,0.000,0.00000
BRIC_wet_g0,BRIC-mid,sealed,0,322.98,-6.9420,1.4,1.3000,0.0,0.189,0.000,0.00000
BRIC_wet_g0,BRIC-mid,sealed,0,323.48,-6.9420,1.4,1.3000,0.0,0.189,0.000,0.00000
BRIC_wet_g0,BRIC-mid,sealed,0,323.98,-6.9430,1.4,1.3000,0.0,0.189,0.000,0.00000
BRIC_wet_g0,BRIC-mid,sealed,0,324.48,-6.9430,1.4,1.3000,0.0,0.189,0.000,0.00000
BRIC_wet_g0,BRIC-mid,sealed,0,324.98,-6.9440,1.4,1.3000,0.0,0.189,0.000,0.00000
BRIC_wet_g0,BRIC-mid,sealed,0,325.48,-6.9440,1.4,1.3000,0.0,0.189,0.000,0.00000
BRIC_wet_g0,BRIC-mid,sealed,0,325.98,-6.9450,1.3,1.3000,0.0,0.189,0.000,0.00000
BRIC_wet_g0,BRIC-mid,sealed,0,326.48,-6.9450,1.3,1.3000,0.0,0.189,0.000,0.00000
BRIC_wet_g0,BRIC-mid,sealed,0,326.98,-6.9460,1.3,1.3000,0.0,0.189,0.000,0.00000
BRIC_wet_g0,BRIC-mid,sealed,0,327.48,-6.9460,1.3,1.3000,0.0,0.189,0.000,0.00000
BRIC_wet_g0,BRIC-mid,sealed,0,327.98,-6.9470,1.3,1.3000,0.0,0.189,0.000,0.00000
BRIC_wet_g0,BRIC-mid,sealed,0,328.48,-6.9470,1.3,1.3000,0.0,0.189,0.000,0.00000
BRIC_wet_g0,BRIC-mid,sealed,0,328.98,-6.9480,1.3,1.3000,0.0,0.189,0.000,0.00000
BRIC_wet_g0,BRIC-mid,sealed,0,329.48,-6.9480,1.3,1.3000,0.0,0.189,0.000,0.00000
BRIC_wet_g0,BRIC-mid,sealed,0,329.98,-6.9490,1.3,1.3000,0.0,0.189,0.000,0.00000
BRIC_wet_g0,BRIC-mid,sealed,0,330.48,-6.9490,1.2,1.3000,0.0,0.189,0.000,0.00000
BRIC_wet_g0,BRIC-mid,sealed,0,330.98,-6.9490,1.2,1.3000,0.0,0.189,0.000,0.00000
BRIC_wet_g0,BRIC-mid,sealed,0,331.48,-6.9500,1.2,1.3000,0.0,0.189,0.000,0.00000
BRIC_wet_g0,BRIC-mid,sealed,0,331.98,-6.9500,1.2,1.3000,0.0,0.189,0.000,0.00000
BRIC_wet_g0,BRIC-mid,sealed,0,332.48,-6.9510,1.2,1.3000,0.0,0.189,0.000,0.00000
BRIC_wet_g0,BRIC-mid,sealed,0,332.98,-6.9510,1.2,1.3000,0.0,0.189,0.000,0.00000
BRIC_wet_g0,BRIC-mid,sealed,0,333.48,-6.9520,1.2,1.3000,0.0,0.189,0.000,0.00000
BRIC_wet_g0,BRIC-mid,sealed,0,333.98,-6.9520,1.2,1.3000,0.0,0.189,0.000,0.00000
BRIC_wet_g0,BRIC-mid,sealed,0,334.48,-6.9520,1.2,1.3000,0.0,0.189,0.000,0.00000
BRIC_wet_g0,BRIC-mid,sealed,0,334.98,-6.9530,1.1,1.3000,0.0,0.189,0.000,0.00000
BRIC_wet_g0,BRIC-mid,sealed,0,335.48,-6.9530,1.1,1.3000,0.0,0.189,0.000,0.00000
BRIC_wet_g0,BRIC-mid,sealed,0,335.98,-6.9540,1.1,1.3000,0.0,0.189,0.000,0.00000
BRIC_wet_g0,BRIC-mid,sealed,0,336.48,-6.9540,1.1,1.3000,0.0,0.189,0.000,0.00000
BRIC_wet_g0,BRIC-mid,sealed,0,336.98,-6.9550,1.1,1.3000,0.0,0.189,0.000,0.00000
BRIC_wet_g0,BRIC-mid,sealed,0,337.48,-6.9550,1.1,1.3000,0.0,0.189,0.000,0.00000
BRIC_wet_g0,BRIC-mid,sealed,0,337.98,-6.9550,1.1,1.3000,0.0,0.189,0.000,0.00000
BRIC_wet_g0,BRIC-mid,sealed,0,338.48,-6.9560,1.1,1.3000,0.0,0.189,0.000,0.00000
BRIC_wet_g0,BRIC-mid,sealed,0,338.98,-6.9560,1.1,1.3000,0.0,0.189,0.000,0.00000
BRIC_wet_g0,BRIC-mid,sealed,0,339.48,-6.9560,1.1,1.3000,0.0,0.189,0.000,0.00000
BRIC_wet_g0,BRIC-mid,sealed,0,339.98,-6.9570,1.1,1.3000,0.0,0.189,0.000,0.00000
BRIC_wet_g0,BRIC-mid,sealed,0,340.48,-6.9570,1.0,1.3000,0.0,0.189,0.000,0.00000
BRIC_wet_g0,BRIC-mid,sealed,0,340.98,-6.9580,1.0,1.3000,0.0,0.189,0.000,0.00000
BRIC_wet_g0,BRIC-mid,sealed,0,341.48,-6.9580,1.0,1.3000,0.0,0.189,0.000,0.00000
BRIC_wet_g0,BRIC-mid,sealed,0,341.98,-6.9580,1.0,1.3000,0.0,0.189,0.000,0.00000
BRIC_wet_g0,BRIC-mid,sealed,0,342.48,-6.9590,1.0,1.3000,0.0,0.189,0.000,0.00000
BRIC_wet_g0,BRIC-mid,sealed,0,342.98,-6.9590,1.0,1.3000,0.0,0.189,0.000,0.00000
BRIC_wet_g0,BRIC-mid,sealed,0,343.48,-6.9590,1.0,1.3000,0.0,0.189,0.000,0.00000
BRIC_wet_g0,BRIC-mid,sealed,0,343.98,-6.9600,1.0,1.3000,0.0,0.189,0.000,0.00000
BRIC_wet_g0,BRIC-mid,sealed,0,344.48,-6.9600,1.0,1.3000,0.0,0.189,0.000,0.00000
BRIC_wet_g0,BRIC-mid,sealed,0,344.98,-6.9600,1.0,1.3000,0.0,0.189,0.000,0.00000
BRIC_wet_g0,BRIC-mid,sealed,0,345.48,-6.9610,1.0,1.3000,0.0,0.189,0.000,0.00000
BRIC_wet_g0,BRIC-mid,sealed,0,345.98,-6.9610,0.9,1.3000,0.0,0.189,0.000,0.00000
BRIC_wet_g0,BRIC-mid,sealed,0,346.48,-6.9620,0.9,1.3000,0.0,0.189,0.000,0.00000
BRIC_wet_g0,BRIC-mid,sealed,0,346.98,-6.9620,0.9,1.3000,0.0,0.189,0.000,0.00000
BRIC_wet_g0,BRIC-mid,sealed,0,347.48,-6.9620,0.9,1.3000,0.0,0.189,0.000,0.00000
BRIC_wet_g0,BRIC-mid,sealed,0,347.98,-6.9630,0.9,1.3000,0.0,0.189,0.000,0.00000
BRIC_wet_g0,BRIC-mid,sealed,0,348.48,-6.9630,0.9,1.3000,0.0,0.189,0.000,0.00000
BRIC_wet_g0,BRIC-mid,sealed,0,348.98,-6.9630,0.9,1.3000,0.0,0.189,0.000,0.00000
BRIC_wet_g0,BRIC-mid,sealed,0,349.48,-6.9640,0.9,1.3000,0.0,0.189,0.000,0.00000
BRIC_wet_g0,BRIC-mid,sealed,0,349.98,-6.9640,0.9,1.3000,0.0,0.189,0.000,0.00000
BRIC_wet_g0,BRIC-mid,sealed,0,350.48,-6.9640,0.9,1.3000,0.0,0.189,0.000,0.00000
BRIC_wet_g0,BRIC-mid,sealed,0,350.98,-6.9640,0.9,1.3000,0.0,0.189,0.000,0.00000
BRIC_wet_g0,BRIC-mid,sealed,0,351.48,-6.9650,0.9,1.3000,0.0,0.188,0.000,0.00000
BRIC_wet_g0,BRIC-mid,sealed,0,351.98,-6.9650,0.9,1.3000,0.0,0.188,0.000,0.00000
BRIC_wet_g0,BRIC-mid,sealed,0,352.48,-6.9650,0.8,1.3000,0.0,0.188,0.000,0.00000
BRIC_wet_g0,BRIC-mid,sealed,0,352.98,-6.9660,0.8,1.3000,0.0,0.188,0.000,0.00000
BRIC_wet_g0,BRIC-mid,sealed,0,353.48,-6.9660,0.8,1.3000,0.0,0.188,0.000,0.00000
BRIC_wet_g0,BRIC-mid,sealed,0,353.98,-6.9660,0.8,1.3000,0.0,0.187,0.000,0.00000
BRIC_wet_g0,BRIC-mid,sealed,0,354.48,-6.9660,0.8,1.3000,0.0,0.187,0.000,0.00000
BRIC_wet_g0,BRIC-mid,sealed,0,354.98,-6.9670,0.8,1.3000,0.0,0.187,0.000,0.00000
BRIC_wet_g0,BRIC-mid,sealed,0,355.48,-6.9670,0.8,1.3000,0.0,0.187,0.000,0.00000
BRIC_wet_g0,BRIC-mid,sealed,0,355.98,-6.9670,0.8,1.3000,0.0,0.187,0.000,0.00000
BRIC_wet_g0,BRIC-mid,sealed,0,356.48,-6.9680,0.8,1.3000,0.0,0.187,0.000,0.00000
BRIC_wet_g0,BRIC-mid,sealed,0,356.98,-6.9680,0.8,1.3000,0.0,0.187,0.000,0.00000
BRIC_wet_g0,BRIC-mid,sealed,0,357.48,-6.9680,0.8,1.3000,0.0,0.187,0.000,0.00000
BRIC_wet_g0,BRIC-mid,sealed,0,357.98,-6.9680,0.8,1.3000,0.0,0.186,0.000,0.00000
BRIC_wet_g0,BRIC-mid,sealed,0,358.48,-6.9690,0.8,1.3000,0.0,0.186,0.000,0.00000
BRIC_wet_g0,BRIC-mid,sealed,0,358.98,-6.9690,0.8,1.3000,0.0,0.186,0.000,0.00000
BRIC_wet_g0,BRIC-mid,sealed,0,359.48,-6.9690,0.7,1.3000,0.0,0.186,0.000,0.00000
BRIC_wet_g0,BRIC-mid,sealed,0,359.98,-6.9690,0.7,1.3000,0.0,0.186,0.000,0.00000
BRIC_wet_g0,BRIC-mid,sealed,0,360.48,-6.9700,0.7,1.3000,0.0,0.186,0.000,0.00000
BRIC_wet_g0,BRIC-mid,sealed,0,360.98,-6.9700,0.7,1.3000,0.0,0.186,0.000,0.00000
BRIC_wet_g0,BRIC-mid,sealed,0,361.48,-6.9700,0.7,1.3000,0.0,0.186,0.000,0.00000
BRIC_wet_g0,BRIC-mid,sealed,0,361.98,-6.9700,0.7,1.3000,0.0,0.186,0.000,0.00000
BRIC_wet_g0,BRIC-mid,sealed,0,362.48,-6.9710,0.7,1.3000,0.0,0.187,0.000,0.00000
BRIC_wet_g0,BRIC-mid,sealed,0,362.98,-6.9710,0.7,1.3000,0.0,0.187,0.000,0.00000
BRIC_wet_g0,BRIC-mid,sealed,0,363.48,-6.9710,0.7,1.3000,0.0,0.186,0.000,0.00000
BRIC_wet_g0,BRIC-mid,sealed,0,363.98,-6.9710,0.7,1.3000,0.0,0.186,0.000,0.00000
BRIC_wet_g0,BRIC-mid,sealed,0,364.48,-6.9720,0.7,1.3000,0.0,0.186,0.000,0.00000
BRIC_wet_g0,BRIC-mid,sealed,0,364.98,-6.9720,0.7,1.3000,0.0,0.186,0.000,0.00000
BRIC_wet_g0,BRIC-mid,sealed,0,365.48,-6.9720,0.7,1.3000,0.0,0.187,0.000,0.00000
BRIC_wet_g0,BRIC-mid,sealed,0,365.98,-6.9720,0.7,1.3000,0.0,0.187,0.000,0.00000
BRIC_wet_g0,BRIC-mid,sealed,0,366.48,-6.9730,0.7,1.3000,0.0,0.187,0.000,0.00000
BRIC_wet_g0,BRIC-mid,sealed,0,366.98,-6.9730,0.7,1.3000,0.0,0.187,0.000,0.00000
BRIC_wet_g0,BRIC-mid,sealed,0,367.48,-6.9730,0.7,1.3000,0.0,0.187,0.000,0.00000
BRIC_wet_g0,BRIC-mid,sealed,0,367.98,-6.9730,0.7,1.3000,0.0,0.187,0.000,0.00000
BRIC_wet_g0,BRIC-mid,sealed,0,368.48,-6.9740,0.6,1.3000,0.0,0.187,0.000,0.00000
BRIC_wet_g0,BRIC-mid,sealed,0,368.98,-6.9740,0.6,1.3000,0.0,0.186,0.000,0.00000
BRIC_wet_g0,BRIC-mid,sealed,0,369.48,-6.9740,0.6,1.3000,0.0,0.186,0.000,0.00000
BRIC_wet_g0,BRIC-mid,sealed,0,369.98,-6.9740,0.6,1.3000,0.0,0.186,0.000,0.00000
BRIC_wet_g0,BRIC-mid,sealed,0,370.48,-6.9740,0.6,1.3000,0.0,0.186,0.000,0.00000
BRIC_wet_g0,BRIC-mid,sealed,0,370.98,-6.9750,0.6,1.3000,0.0,0.186,0.000,0.00000
BRIC_wet_g0,BRIC-mid,sealed,0,371.48,-6.9750,0.6,1.3000,0.0,0.186,0.000,0.00000
BRIC_wet_g0,BRIC-mid,sealed,0,371.98,-6.9750,0.6,1.3000,0.0,0.186,0.000,0.00000
BRIC_wet_g0,BRIC-mid,sealed,0,372.48,-6.9750,0.6,1.3000,0.0,0.186,0.000,0.00000
BRIC_wet_g0,BRIC-mid,sealed,0,372.98,-6.9750,0.6,1.3000,0.0,0.186,0.000,0.00000
BRIC_wet_g0,BRIC-mid,sealed,0,373.48,-6.9760,0.6,1.3000,0.0,0.186,0.000,0.00000
BRIC_wet_g0,BRIC-mid,sealed,0,373.98,-6.9760,0.6,1.3000,0.0,0.185,0.000,0.00000
BRIC_wet_g0,BRIC-mid,sealed,0,374.48,-6.9760,0.6,1.3000,0.0,0.185,0.000,0.00000
BRIC_wet_g0,BRIC-mid,sealed,0,374.98,-6.9760,0.6,1.3000,0.0,0.185,0.000,0.00000
BRIC_wet_g0,BRIC-mid,sealed,0,375.48,-6.9760,0.6,1.3000,0.0,NaN,0.000,0.00000
BRIC_wet_g0,BRIC-mid,sealed,0,375.98,-6.9770,0.6,1.3000,0.0,NaN,0.000,0.00000
BRIC_wet_g0,BRIC-mid,sealed,0,376.48,-6.9770,0.6,1.3000,0.0,NaN,0.000,0.00000
BRIC_wet_g0,BRIC-mid,sealed,0,376.98,-6.9770,0.6,1.3000,0.0,NaN,0.000,0.00000
BRIC_wet_g0,BRIC-mid,sealed,0,377.48,-6.9770,0.6,1.3000,0.0,NaN,0.000,0.00000
BRIC_wet_g0,BRIC-mid,sealed,0,377.98,-6.9770,0.6,1.3000,0.0,NaN,0.000,0.00000
BRIC_wet_g0,BRIC-mid,sealed,0,378.48,-6.9770,0.5,1.3000,0.0,NaN,0.000,0.00000
BRIC_wet_g0,BRIC-mid,sealed,0,378.98,-6.9780,0.5,1.3000,0.0,NaN,0.000,0.00000
BRIC_wet_g0,BRIC-mid,sealed,0,379.48,-6.9780,0.5,1.3000,0.0,NaN,0.000,0.00000
BRIC_wet_g0,BRIC-mid,sealed,0,379.98,-6.9780,0.5,1.3000,0.0,NaN,0.000,0.00000
BRIC_wet_g0,BRIC-mid,sealed,0,380.48,-6.9780,0.5,1.3000,0.0,NaN,0.000,0.00000
BRIC_wet_g0,BRIC-mid,sealed,0,380.98,-6.9780,0.5,1.3000,0.0,NaN,0.000,0.00000
BRIC_wet_g0,BRIC-mid,sealed,0,381.48,-6.9790,0.5,1.3000,0.0,NaN,0.000,0.00000
BRIC_wet_g0,BRIC-mid,sealed,0,381.98,-6.9790,0.5,1.3000,0.0,NaN,0.000,0.00000
BRIC_wet_g0,BRIC-mid,sealed,0,382.48,-6.9790,0.5,1.3000,0.0,NaN,0.000,0.00000
BRIC_wet_g0,BRIC-mid,sealed,0,382.98,-6.9790,0.5,1.3000,0.0,NaN,0.000,0.00000
BRIC_wet_g0,BRIC-mid,sealed,0,383.48,-6.9790,0.5,1.3000,0.0,NaN,0.000,0.00000
BRIC_wet_g0,BRIC-mid,sealed,0,383.98,-6.9790,0.5,1.3000,0.0,NaN,0.000,0.00000
BRIC_wet_g0,BRIC-mid,sealed,0,384.48,-6.9790,0.5,1.3000,0.0,NaN,0.000,0.00000
BRIC_wet_g0,BRIC-mid,sealed,0,384.98,-6.9800,0.5,1.3000,0.0,NaN,0.000,0.00000
BRIC_wet_g0,BRIC-mid,sealed,0,385.48,-6.9800,0.5,1.3000,0.0,NaN,0.000,0.00000
BRIC_wet_g0,BRIC-mid,sealed,0,385.98,-6.9800,0.5,1.3000,0.0,NaN,0.000,0.00000
BRIC_wet_g0,BRIC-mid,sealed,0,386.48,-6.9800,0.5,1.3000,0.0,NaN,0.000,0.00000
BRIC_wet_g0,BRIC-mid,sealed,0,386.98,-6.9800,0.5,1.3000,0.0,NaN,0.000,0.00000
BRIC_wet_g0,BRIC-mid,sealed,0,387.48,-6.9800,0.5,1.3000,0.0,NaN,0.000,0.00000
BRIC_wet_g0,BRIC-mid,sealed,0,387.98,-6.9810,0.5,1.3000,0.0,NaN,0.000,0.00000
BRIC_wet_g0,BRIC-mid,sealed,0,388.48,-6.9810,0.5,1.3000,0.0,NaN,0.000,0.00000
BRIC_wet_g0,BRIC-mid,sealed,0,388.98,-6.9810,0.5,1.3000,0.0,NaN,0.000,0.00000
BRIC_wet_g0,BRIC-mid,sealed,0,389.48,-6.9810,0.5,1.3000,0.0,NaN,0.000,0.00000
BRIC_wet_g0,BRIC-mid,sealed,0,389.98,-6.9810,0.5,1.3000,0.0,NaN,0.000,0.00000
BRIC_wet_g0,BRIC-mid,sealed,0,390.48,-6.9810,0.5,1.3000,0.0,NaN,0.000,0.00000
BRIC_wet_g0,BRIC-mid,sealed,0,390.98,-6.9810,0.5,1.3000,0.0,NaN,0.000,0.00000
BRIC_wet_g0,BRIC-mid,sealed,0,391.48,-6.9810,0.5,1.3000,0.0,NaN,0.000,0.00000
BRIC_wet_g0,BRIC-mid,sealed,0,391.98,-6.9820,0.4,1.3000,0.0,NaN,0.000,0.00000
BRIC_wet_g0,BRIC-mid,sealed,0,392.48,-6.9820,0.4,1.3000,0.0,NaN,0.000,0.00000
BRIC_wet_g0,BRIC-mid,sealed,0,392.98,-6.9820,0.4,1.3000,0.0,NaN,0.000,0.00000
BRIC_wet_g0,BRIC-mid,sealed,0,393.48,-6.9820,0.4,1.3000,0.0,NaN,0.000,0.00000
BRIC_wet_g0,BRIC-mid,sealed,0,393.98,-6.9820,0.4,1.3000,0.0,NaN,0.000,0.00000
BRIC_wet_g0,BRIC-mid,sealed,0,394.48,-6.9820,0.4,1.3000,0.0,NaN,0.000,0.00000
BRIC_wet_g0,BRIC-mid,sealed,0,394.98,-6.9820,0.4,1.3000,0.0,NaN,0.000,0.00000
BRIC_wet_g0,BRIC-mid,sealed,0,395.48,-6.9820,0.4,1.3000,0.0,NaN,0.000,0.00000
BRIC_wet_g0,BRIC-mid,sealed,0,395.98,-6.9830,0.4,1.3000,0.0,NaN,0.000,0.00000
BRIC_wet_g0,BRIC-mid,sealed,0,396.48,-6.9830,0.4,1.3000,0.0,NaN,0.000,0.00000
BRIC_wet_g0,BRIC-mid,sealed,0,396.98,-6.9830,0.4,1.3000,0.0,NaN,0.000,0.00000
BRIC_wet_g0,BRIC-mid,sealed,0,397.48,-6.9830,0.4,1.3000,0.0,NaN,0.000,0.00000
BRIC_wet_g0,BRIC-mid,sealed,0,397.98,-6.9830,0.4,1.3000,0.0,NaN,0.000,0.00000
BRIC_wet_g0,BRIC-mid,sealed,0,398.48,-6.9830,0.4,1.3000,0.0,NaN,0.000,0.00000
BRIC_wet_g0,BRIC-mid,sealed,0,398.98,-6.9830,0.4,1.3000,0.0,NaN,0.000,0.00000
BRIC_wet_g0,BRIC-mid,sealed,0,399.48,-6.9830,0.4,1.3000,0.0,NaN,0.000,0.00000
BRIC_wet_g0,BRIC-mid,sealed,0,399.98,-6.9830,0.4,1.3000,0.0,NaN,0.000,0.00000
BRIC_wet_g0,BRIC-mid,sealed,0,400.48,-6.9830,0.4,1.3000,0.0,NaN,0.000,0.00000
BRIC_wet_g0,BRIC-mid,sealed,0,400.98,-6.9840,0.4,1.3000,0.0,NaN,0.000,0.00000
BRIC_wet_g0,BRIC-mid,sealed,0,401.48,-6.9840,0.4,1.3000,0.0,NaN,0.000,0.00000
BRIC_wet_g0,BRIC-mid,sealed,0,401.98,-6.9840,0.4,1.3000,0.0,NaN,0.000,0.00000
BRIC_wet_g0,BRIC-mid,sealed,0,402.48,-6.9840,0.4,1.3000,0.0,NaN,0.000,0.00000
BRIC_wet_g0,BRIC-mid,sealed,0,402.98,-6.9840,0.4,1.3000,0.0,NaN,0.000,0.00000
BRIC_wet_g0,BRIC-mid,sealed,0,403.48,-6.9840,0.4,1.3000,0.0,NaN,0.000,0.00000
BRIC_wet_g0,BRIC-mid,sealed,0,403.98,-6.9840,0.4,1.3000,0.0,NaN,0.000,0.00000
BRIC_wet_g0,BRIC-mid,sealed,0,404.48,-6.9840,0.4,1.3000,0.0,NaN,0.000,0.00000
BRIC_wet_g0,BRIC-mid,sealed,0,404.98,-6.9840,0.4,1.3000,0.0,NaN,0.000,0.00000
BRIC_wet_g0,BRIC-mid,sealed,0,405.48,-6.9840,0.4,1.3000,0.0,NaN,0.000,0.00000
BRIC_wet_g0,BRIC-mid,sealed,0,405.98,-6.9840,0.4,1.3000,0.0,NaN,0.000,0.00000
BRIC_wet_g0,BRIC-mid,sealed,0,406.48,-6.9850,0.4,1.3000,0.0,NaN,0.000,0.00000
BRIC_wet_g0,BRIC-mid,sealed,0,406.98,-6.9850,0.4,1.3000,0.0,NaN,0.000,0.00000
BRIC_wet_g0,BRIC-mid,sealed,0,407.48,-6.9850,0.4,1.3000,0.0,NaN,0.000,0.00000
BRIC_wet_g0,BRIC-mid,sealed,0,407.98,-6.9850,0.4,1.3000,0.0,NaN,0.000,0.00000
BRIC_wet_g0,BRIC-mid,sealed,0,408.48,-6.9850,0.4,1.3000,0.0,NaN,0.000,0.00000
BRIC_wet_g0,BRIC-mid,sealed,0,408.98,-6.9850,0.4,1.3000,0.0,NaN,0.000,0.00000
BRIC_wet_g0,BRIC-mid,sealed,0,409.48,-6.9850,0.4,1.3000,0.0,NaN,0.000,0.00000
BRIC_wet_g0,BRIC-mid,sealed,0,409.98,-6.9850,0.4,1.3000,0.0,NaN,0.000,0.00000
BRIC_wet_g0,BRIC-mid,sealed,0,410.48,-6.9850,0.4,1.3000,0.0,NaN,0.000,0.00000
BRIC_wet_g0,BRIC-mid,sealed,0,410.98,-6.9850,0.4,1.3000,0.0,NaN,0.000,0.00000
BRIC_wet_g0,BRIC-mid,sealed,0,411.48,-6.9850,0.4,1.3000,0.0,NaN,0.000,0.00000
BRIC_wet_g0,BRIC-mid,sealed,0,411.98,-6.9850,0.4,1.3000,0.0,NaN,0.000,0.00000
BRIC_wet_g0,BRIC-mid,sealed,0,412.48,-6.9850,0.4,1.3000,0.0,NaN,0.000,0.00000
BRIC_wet_g0,BRIC-mid,sealed,0,412.98,-6.9850,0.3,1.3000,0.0,NaN,0.000,0.00000
BRIC_wet_g0,BRIC-mid,sealed,0,413.48,-6.9850,0.3,1.3000,0.0,NaN,0.000,0.00000
BRIC_wet_g0,BRIC-mid,sealed,0,413.98,-6.9850,0.3,1.3000,0.0,NaN,0.000,0.00000
BRIC_wet_g0,BRIC-mid,sealed,0,414.48,-6.9860,0.3,1.3000,0.0,NaN,0.000,0.00000
BRIC_wet_g0,BRIC-mid,sealed,0,414.98,-6.9860,0.3,1.3000,0.0,NaN,0.000,0.00000
BRIC_wet_g0,BRIC-mid,sealed,0,415.20,-6.9860,0.3,1.3000,0.0,NaN,0.000,0.00000
CARA_wet_g1,CARA-mid,taped,1,0.50,-0.0110,98.5,0.4962,47.9,0.761,0.723,0.10200
CARA_wet_g1,CARA-mid,taped,1,1.00,-0.0190,97.8,0.6904,41.9,0.524,0.492,0.10600
CARA_wet_g1,CARA-mid,taped,1,1.50,-0.0250,97.2,0.7452,39.2,0.419,0.392,0.10300
CARA_wet_g1,CARA-mid,taped,1,2.00,-0.0300,96.8,0.7663,38.4,0.367,0.343,0.10200
CARA_wet_g1,CARA-mid,taped,1,2.50,-0.0330,96.5,0.7718,38.1,0.337,0.315,0.10200
CARA_wet_g1,CARA-mid,taped,1,3.00,-0.0350,96.3,0.7732,38.0,0.319,0.297,0.10100
CARA_wet_g1,CARA-mid,taped,1,3.50,-0.0370,96.1,0.7734,38.0,0.308,0.286,0.10100
CARA_wet_g1,CARA-mid,taped,1,4.00,-0.0380,96.0,0.7734,38.0,0.300,0.279,0.10100
CARA_wet_g1,CARA-mid,taped,1,4.50,-0.0390,96.0,0.7735,38.0,0.295,0.274,0.10000
CARA_wet_g1,CARA-mid,taped,1,5.00,-0.0400,95.9,0.7735,38.0,0.292,0.271,0.10000
CARA_wet_g1,CARA-mid,taped,1,5.50,-0.0400,95.9,0.7736,37.9,0.289,0.269,0.10000
CARA_wet_g1,CARA-mid,taped,1,6.00,-0.0410,95.8,0.7737,37.9,0.288,0.268,0.09970
CARA_wet_g1,CARA-mid,taped,1,6.50,-0.0410,95.8,0.7738,37.9,0.287,0.267,0.09970
CARA_wet_g1,CARA-mid,taped,1,7.00,-0.0410,95.8,0.7738,37.9,0.286,0.266,0.09950
CARA_wet_g1,CARA-mid,taped,1,7.50,-0.0410,95.8,0.7739,37.9,0.286,0.266,0.09930
CARA_wet_g1,CARA-mid,taped,1,8.00,-0.0410,95.8,0.7740,37.9,0.286,0.266,0.09930
CARA_wet_g1,CARA-mid,taped,1,8.50,-0.0410,95.8,0.7741,37.9,0.286,0.265,0.09910
CARA_wet_g1,CARA-mid,taped,1,9.00,-0.0410,95.8,0.7741,37.9,0.286,0.265,0.09890
CARA_wet_g1,CARA-mid,taped,1,9.50,-0.0410,95.8,0.7742,37.9,0.286,0.265,0.09890
CARA_wet_g1,CARA-mid,taped,1,10.00,-0.0410,95.8,0.7742,37.9,0.286,0.265,0.09890
CARA_wet_g1,CARA-mid,taped,1,10.50,-0.0410,95.8,0.7742,37.9,0.286,0.265,0.09880
CARA_wet_g1,CARA-mid,taped,1,11.00,-0.0410,95.8,0.7743,37.9,0.286,0.265,0.09870
CARA_wet_g1,CARA-mid,taped,1,11.50,-0.0410,95.8,0.7743,37.9,0.286,0.265,0.09850
CARA_wet_g1,CARA-mid,taped,1,12.00,-0.0410,95.8,0.7743,37.9,0.286,0.265,0.09850
CARA_wet_g1,CARA-mid,taped,1,12.50,-0.0410,95.8,0.7743,37.9,0.286,0.265,0.09850
CARA_wet_g1,CARA-mid,taped,1,13.00,-0.0410,95.8,0.7744,37.9,0.286,0.266,0.09860
CARA_wet_g1,CARA-mid,taped,1,13.50,-0.0410,95.8,0.7744,37.9,0.286,0.266,0.09850
CARA_wet_g1,CARA-mid,taped,1,14.00,-0.0410,95.8,0.7744,37.9,0.286,0.266,0.09850
CARA_wet_g1,CARA-mid,taped,1,14.50,-0.0410,95.8,0.7744,37.9,0.286,0.266,0.09850
CARA_wet_g1,CARA-mid,taped,1,15.00,-0.0410,95.8,0.7744,37.9,0.286,0.266,0.09850
CARA_wet_g1,CARA-mid,taped,1,15.50,-0.0410,95.8,0.7744,37.9,0.286,0.266,0.09840
CARA_wet_g1,CARA-mid,taped,1,16.00,-0.0410,95.8,0.7744,37.9,0.286,0.266,0.09840
CARA_wet_g1,CARA-mid,taped,1,16.50,-0.0410,95.8,0.7744,37.9,0.286,0.266,0.09830
CARA_wet_g1,CARA-mid,taped,1,17.00,-0.0410,95.8,0.7744,37.9,0.286,0.266,0.09830
CARA_wet_g1,CARA-mid,taped,1,17.50,-0.0410,95.8,0.7745,37.9,0.286,0.266,0.09830
CARA_wet_g1,CARA-mid,taped,1,18.00,-0.0410,95.8,0.7745,37.9,0.286,0.266,0.09820
CARA_wet_g1,CARA-mid,taped,1,18.50,-0.0410,95.8,0.7745,37.9,0.286,0.266,0.09820
CARA_wet_g1,CARA-mid,taped,1,19.00,-0.0410,95.8,0.7745,37.9,0.286,0.266,0.09820
CARA_wet_g1,CARA-mid,taped,1,19.50,-0.0410,95.8,0.7745,37.9,0.286,0.266,0.09820
CARA_wet_g1,CARA-mid,taped,1,20.00,-0.0410,95.8,0.7745,37.9,0.286,0.266,0.09810
CARA_wet_g1,CARA-mid,taped,1,20.50,-0.0410,95.8,0.7745,37.9,0.286,0.266,0.09810
CARA_wet_g1,CARA-mid,taped,1,21.00,-0.0410,95.8,0.7745,37.9,0.286,0.266,0.09820
CARA_wet_g1,CARA-mid,taped,1,21.50,-0.0410,95.8,0.7745,37.9,0.286,0.266,0.09820
CARA_wet_g1,CARA-mid,taped,1,22.00,-0.0410,95.8,0.7745,37.9,0.286,0.266,0.09820
CARA_wet_g1,CARA-mid,taped,1,22.50,-0.0410,95.8,0.7745,37.9,0.286,0.266,0.09820
CARA_wet_g1,CARA-mid,taped,1,23.00,-0.0410,95.8,0.7745,37.9,0.286,0.266,0.09820
CARA_wet_g1,CARA-mid,taped,1,23.50,-0.0410,95.8,0.7745,37.9,0.286,0.266,0.09820
CARA_wet_g1,CARA-mid,taped,1,24.00,-0.0410,95.8,0.7745,37.9,0.286,0.266,0.09820
CARA_wet_g1,CARA-mid,taped,1,24.50,-0.0410,95.8,0.7745,37.9,0.286,0.266,0.09820
CARA_wet_g1,CARA-mid,taped,1,25.00,-0.0410,95.8,0.7745,37.9,0.286,0.266,0.09820
CARA_wet_g1,CARA-mid,taped,1,25.50,-0.0410,95.8,0.7745,37.9,0.286,0.266,0.09820
CARA_wet_g1,CARA-mid,taped,1,26.00,-0.0410,95.8,0.7745,37.9,0.286,0.266,0.09820
CARA_wet_g1,CARA-mid,taped,1,26.50,-0.0410,95.8,0.7745,37.9,0.286,0.266,0.09820
CARA_wet_g1,CARA-mid,taped,1,27.00,-0.0410,95.8,0.7745,37.9,0.286,0.266,0.09820
CARA_wet_g1,CARA-mid,taped,1,27.50,-0.0410,95.8,0.7745,37.9,0.286,0.266,0.09820
CARA_wet_g1,CARA-mid,taped,1,28.00,-0.0410,95.8,0.7745,37.9,0.286,0.266,0.09820
CARA_wet_g1,CARA-mid,taped,1,28.50,-0.0410,95.8,0.7745,37.9,0.286,0.266,0.09820
CARA_wet_g1,CARA-mid,taped,1,29.00,-0.0410,95.8,0.7745,37.9,0.286,0.266,0.09820
CARA_wet_g1,CARA-mid,taped,1,29.50,-0.0410,95.8,0.7745,37.9,0.286,0.266,0.09820
CARA_wet_g1,CARA-mid,taped,1,30.00,-0.0410,95.8,0.7745,37.9,0.286,0.266,0.09820
CARA_wet_g1,CARA-mid,taped,1,30.50,-0.0410,95.8,0.7745,37.9,0.286,0.266,0.09820
CARA_wet_g1,CARA-mid,taped,1,31.00,-0.0410,95.8,0.7745,37.9,0.286,0.266,0.09820
CARA_wet_g1,CARA-mid,taped,1,31.50,-0.0410,95.8,0.7745,37.9,0.286,0.266,0.09820
CARA_wet_g1,CARA-mid,taped,1,32.00,-0.0410,95.8,0.7745,37.9,0.286,0.266,0.09820
CARA_wet_g1,CARA-mid,taped,1,32.50,-0.0410,95.8,0.7745,37.9,0.286,0.266,0.09830
CARA_wet_g1,CARA-mid,taped,1,33.00,-0.0410,95.8,0.7745,37.9,0.286,0.266,0.09830
CARA_wet_g1,CARA-mid,taped,1,33.50,-0.0410,95.8,0.7745,37.9,0.286,0.266,0.09830
CARA_wet_g1,CARA-mid,taped,1,34.00,-0.0410,95.8,0.7745,37.9,0.286,0.266,0.09830
CARA_wet_g1,CARA-mid,taped,1,34.50,-0.0410,95.8,0.7745,37.9,0.286,0.266,0.09830
CARA_wet_g1,CARA-mid,taped,1,35.00,-0.0410,95.8,0.7745,37.9,0.286,0.266,0.09830
CARA_wet_g1,CARA-mid,taped,1,35.50,-0.0410,95.8,0.7745,37.9,0.286,0.266,0.09830
CARA_wet_g1,CARA-mid,taped,1,36.00,-0.0410,95.8,0.7745,37.9,0.286,0.266,0.09830
CARA_wet_g1,CARA-mid,taped,1,36.50,-0.0410,95.8,0.7745,37.9,0.286,0.266,0.09830
CARA_wet_g1,CARA-mid,taped,1,37.00,-0.0410,95.8,0.7745,37.9,0.286,0.266,0.09830
CARA_wet_g1,CARA-mid,taped,1,37.50,-0.0410,95.8,0.7745,37.9,0.286,0.266,0.09830
CARA_wet_g1,CARA-mid,taped,1,38.00,-0.0410,95.8,0.7745,37.9,0.286,0.266,0.09830
CARA_wet_g1,CARA-mid,taped,1,38.50,-0.0410,95.8,0.7745,37.9,0.286,0.266,0.09830
CARA_wet_g1,CARA-mid,taped,1,39.00,-0.0410,95.8,0.7745,37.9,0.286,0.266,0.09830
CARA_wet_g1,CARA-mid,taped,1,39.50,-0.0410,95.8,0.7745,37.9,0.286,0.266,0.09830
CARA_wet_g1,CARA-mid,taped,1,40.00,-0.0410,95.8,0.7745,37.9,0.286,0.266,0.09830
CARA_wet_g1,CARA-mid,taped,1,40.50,-0.0410,95.8,0.7745,37.9,0.286,0.266,0.09830
CARA_wet_g1,CARA-mid,taped,1,41.00,-0.0410,95.8,0.7745,37.9,0.286,0.266,0.09830
CARA_wet_g1,CARA-mid,taped,1,41.50,-0.0410,95.8,0.7745,37.9,0.286,0.266,0.09830
CARA_wet_g1,CARA-mid,taped,1,42.00,-0.0410,95.8,0.7745,37.9,0.286,0.266,0.09830
CARA_wet_g1,CARA-mid,taped,1,42.50,-0.0410,95.8,0.7745,37.9,0.286,0.266,0.09830
CARA_wet_g1,CARA-mid,taped,1,43.00,-0.0410,95.8,0.7745,37.9,0.286,0.266,0.09830
CARA_wet_g1,CARA-mid,taped,1,43.50,-0.0410,95.8,0.7745,37.9,0.286,0.266,0.09830
CARA_wet_g1,CARA-mid,taped,1,44.00,-0.0410,95.8,0.7745,37.9,0.286,0.266,0.09830
CARA_wet_g1,CARA-mid,taped,1,44.50,-0.0410,95.8,0.7745,37.9,0.286,0.266,0.09830
CARA_wet_g1,CARA-mid,taped,1,45.00,-0.0410,95.8,0.7745,37.9,0.286,0.266,0.09830
CARA_wet_g1,CARA-mid,taped,1,45.50,-0.0410,95.8,0.7745,37.9,0.286,0.266,0.09830
CARA_wet_g1,CARA-mid,taped,1,46.00,-0.0410,95.8,0.7745,37.9,0.286,0.266,0.09830
CARA_wet_g1,CARA-mid,taped,1,46.50,-0.0410,95.8,0.7745,37.9,0.286,0.266,0.09830
CARA_wet_g1,CARA-mid,taped,1,47.00,-0.0410,95.8,0.7745,37.9,0.286,0.266,0.09830
CARA_wet_g1,CARA-mid,taped,1,47.50,-0.0410,95.8,0.7745,37.9,0.286,0.266,0.09830
CARA_wet_g1,CARA-mid,taped,1,48.00,-0.0410,95.8,0.7745,37.9,0.286,0.266,0.09830
CARA_wet_g1,CARA-mid,taped,1,48.50,-0.0410,95.8,0.7745,37.9,0.286,0.266,0.09830
CARA_wet_g1,CARA-mid,taped,1,49.00,-0.0410,95.8,0.7745,37.9,0.286,0.266,0.09830
CARA_wet_g1,CARA-mid,taped,1,49.50,-0.0410,95.8,0.7745,38.0,0.286,0.266,0.09830
CARA_wet_g1,CARA-mid,taped,1,50.00,-0.0410,95.8,0.7745,38.0,0.286,0.266,0.09830
CARA_wet_g1,CARA-mid,taped,1,50.50,-0.0410,95.8,0.7745,38.0,0.286,0.266,0.09830
CARA_wet_g1,CARA-mid,taped,1,51.00,-0.0410,95.8,0.7745,38.0,0.286,0.266,0.09830
CARA_wet_g1,CARA-mid,taped,1,51.50,-0.0410,95.8,0.7745,38.0,0.286,0.266,0.09830
CARA_wet_g1,CARA-mid,taped,1,52.00,-0.0410,95.8,0.7745,38.0,0.286,0.266,0.09830
CARA_wet_g1,CARA-mid,taped,1,52.50,-0.0410,95.8,0.7745,38.0,0.286,0.266,0.09830
CARA_wet_g1,CARA-mid,taped,1,53.00,-0.0410,95.8,0.7745,38.0,0.286,0.266,0.09830
CARA_wet_g1,CARA-mid,taped,1,53.50,-0.0410,95.8,0.7745,38.0,0.286,0.266,0.09830
CARA_wet_g1,CARA-mid,taped,1,54.00,-0.0410,95.8,0.7745,38.0,0.286,0.266,0.09830
CARA_wet_g1,CARA-mid,taped,1,54.50,-0.0410,95.8,0.7745,38.0,0.286,0.266,0.09830
CARA_wet_g1,CARA-mid,taped,1,55.00,-0.0410,95.8,0.7745,38.0,0.286,0.266,0.09830
CARA_wet_g1,CARA-mid,taped,1,55.50,-0.0410,95.8,0.7745,38.0,0.286,0.266,0.09830
CARA_wet_g1,CARA-mid,taped,1,56.00,-0.0410,95.8,0.7745,38.0,0.286,0.266,0.09830
CARA_wet_g1,CARA-mid,taped,1,56.50,-0.0410,95.8,0.7745,38.0,0.286,0.266,0.09830
CARA_wet_g1,CARA-mid,taped,1,57.00,-0.0410,95.8,0.7745,38.0,0.286,0.266,0.09830
CARA_wet_g1,CARA-mid,taped,1,57.50,-0.0410,95.8,0.7745,38.0,0.286,0.266,0.09830
CARA_wet_g1,CARA-mid,taped,1,58.00,-0.0410,95.8,0.7745,38.0,0.286,0.266,0.09830
CARA_wet_g1,CARA-mid,taped,1,58.50,-0.0410,95.8,0.7745,38.0,0.286,0.266,0.09830
CARA_wet_g1,CARA-mid,taped,1,59.00,-0.0410,95.8,0.7745,38.0,0.286,0.266,0.09830
CARA_wet_g1,CARA-mid,taped,1,59.50,-0.0410,95.8,0.7745,38.0,0.286,0.266,0.09830
CARA_wet_g1,CARA-mid,taped,1,60.00,-0.0410,95.8,0.7745,38.0,0.286,0.266,0.09830
CARA_wet_g1,CARA-mid,taped,1,60.50,-0.0410,95.8,0.7745,38.0,0.286,0.266,0.09830
CARA_wet_g1,CARA-mid,taped,1,61.00,-0.0410,95.8,0.7745,38.0,0.286,0.266,0.09830
CARA_wet_g1,CARA-mid,taped,1,61.50,-0.0410,95.8,0.7745,38.0,0.286,0.266,0.09830
CARA_wet_g1,CARA-mid,taped,1,62.00,-0.0410,95.8,0.7745,38.0,0.286,0.266,0.09830
CARA_wet_g1,CARA-mid,taped,1,62.50,-0.0410,95.8,0.7744,38.0,0.286,0.266,0.09830
CARA_wet_g1,CARA-mid,taped,1,63.00,-0.0410,95.8,0.7744,38.0,0.286,0.266,0.09830
CARA_wet_g1,CARA-mid,taped,1,63.50,-0.0410,95.8,0.7744,38.0,0.286,0.266,0.09830
CARA_wet_g1,CARA-mid,taped,1,64.00,-0.0410,95.8,0.7744,38.0,0.286,0.266,0.09830
CARA_wet_g1,CARA-mid,taped,1,64.50,-0.0410,95.8,0.7744,38.0,0.286,0.266,0.09830
CARA_wet_g1,CARA-mid,taped,1,65.00,-0.0410,95.8,0.7744,38.0,0.286,0.266,0.09830
CARA_wet_g1,CARA-mid,taped,1,65.50,-0.0410,95.8,0.7744,38.1,0.286,0.266,0.09830
CARA_wet_g1,CARA-mid,taped,1,66.00,-0.0410,95.8,0.7744,38.1,0.286,0.266,0.09830
CARA_wet_g1,CARA-mid,taped,1,66.50,-0.0420,95.8,0.7744,38.1,0.286,0.266,0.09830
CARA_wet_g1,CARA-mid,taped,1,67.00,-0.0420,95.8,0.7743,38.1,0.286,0.266,0.09830
CARA_wet_g1,CARA-mid,taped,1,67.50,-0.0420,95.8,0.7743,38.1,0.286,0.266,0.09830
CARA_wet_g1,CARA-mid,taped,1,68.00,-0.0420,95.8,0.7743,38.1,0.286,0.266,0.09830
CARA_wet_g1,CARA-mid,taped,1,68.50,-0.0420,95.8,0.7743,38.1,0.286,0.266,0.09830
CARA_wet_g1,CARA-mid,taped,1,69.00,-0.0420,95.8,0.7742,38.1,0.286,0.266,0.09830
CARA_wet_g1,CARA-mid,taped,1,69.50,-0.0420,95.8,0.7742,38.2,0.286,0.266,0.09830
CARA_wet_g1,CARA-mid,taped,1,70.00,-0.0420,95.8,0.7742,38.2,0.286,0.266,0.09830
CARA_wet_g1,CARA-mid,taped,1,70.50,-0.0420,95.8,0.7741,38.2,0.286,0.266,0.09830
CARA_wet_g1,CARA-mid,taped,1,71.00,-0.0420,95.8,0.7741,38.2,0.286,0.266,0.09830
CARA_wet_g1,CARA-mid,taped,1,71.50,-0.0420,95.8,0.7740,38.3,0.286,0.266,0.09830
CARA_wet_g1,CARA-mid,taped,1,72.00,-0.0420,95.8,0.7740,38.3,0.286,0.266,0.09830
CARA_wet_g1,CARA-mid,taped,1,72.50,-0.0420,95.8,0.7739,38.3,0.286,0.266,0.09830
CARA_wet_g1,CARA-mid,taped,1,73.00,-0.0420,95.8,0.7738,38.3,0.286,0.266,0.09830
CARA_wet_g1,CARA-mid,taped,1,73.50,-0.0420,95.8,0.7737,38.4,0.286,0.265,0.09830
CARA_wet_g1,CARA-mid,taped,1,74.00,-0.0420,95.8,0.7737,38.4,0.286,0.265,0.09830
CARA_wet_g1,CARA-mid,taped,1,74.50,-0.0420,95.8,0.7735,38.5,0.286,0.265,0.09830
CARA_wet_g1,CARA-mid,taped,1,75.00,-0.0420,95.8,0.7734,38.5,0.286,0.265,0.09830
CARA_wet_g1,CARA-mid,taped,1,75.50,-0.0420,95.8,0.7733,38.6,0.286,0.265,0.09830
CARA_wet_g1,CARA-mid,taped,1,76.00,-0.0420,95.8,0.7732,38.7,0.286,0.265,0.09830
CARA_wet_g1,CARA-mid,taped,1,76.50,-0.0420,95.8,0.7730,38.7,0.286,0.265,0.09840
CARA_wet_g1,CARA-mid,taped,1,77.00,-0.0420,95.8,0.7728,38.8,0.286,0.265,0.09840
CARA_wet_g1,CARA-mid,taped,1,77.50,-0.0420,95.8,0.7726,38.9,0.285,0.265,0.09840
CARA_wet_g1,CARA-mid,taped,1,78.00,-0.0420,95.8,0.7724,39.0,0.285,0.265,0.09840
CARA_wet_g1,CARA-mid,taped,1,78.50,-0.0420,95.8,0.7721,39.1,0.285,0.265,0.09850
CARA_wet_g1,CARA-mid,taped,1,79.00,-0.0420,95.8,0.7719,39.2,0.285,0.265,0.09850
CARA_wet_g1,CARA-mid,taped,1,79.50,-0.0420,95.8,0.7716,39.3,0.285,0.265,0.09850
CARA_wet_g1,CARA-mid,taped,1,80.00,-0.0420,95.8,0.7712,39.4,0.285,0.265,0.09850
CARA_wet_g1,CARA-mid,taped,1,80.50,-0.0420,95.8,0.7708,39.6,0.285,0.264,0.10100
CARA_wet_g1,CARA-mid,taped,1,81.00,-0.0420,95.8,0.7704,39.7,0.285,0.264,0.10700
CARA_wet_g1,CARA-mid,taped,1,81.50,-0.0420,95.8,0.7699,39.9,0.285,0.264,0.11200
CARA_wet_g1,CARA-mid,taped,1,82.00,-0.0420,95.8,0.7694,40.1,0.284,0.264,0.11800
CARA_wet_g1,CARA-mid,taped,1,82.50,-0.0420,95.8,0.7688,40.3,0.284,0.264,0.12400
CARA_wet_g1,CARA-mid,taped,1,83.00,-0.0420,95.8,0.7682,40.5,0.284,0.264,0.13000
CARA_wet_g1,CARA-mid,taped,1,83.49,-0.0420,95.8,0.7675,40.8,0.284,0.263,0.13600
CARA_wet_g1,CARA-mid,taped,1,83.99,-0.0420,95.8,0.7667,41.0,0.284,0.263,0.14300
CARA_wet_g1,CARA-mid,taped,1,84.49,-0.0420,95.8,0.7658,41.3,0.283,0.263,0.15000
CARA_wet_g1,CARA-mid,taped,1,84.99,-0.0420,95.8,0.7649,41.6,0.283,0.263,0.15700
CARA_wet_g1,CARA-mid,taped,1,85.49,-0.0420,95.8,0.7639,41.9,0.283,0.263,0.16400
CARA_wet_g1,CARA-mid,taped,1,85.99,-0.0430,95.8,0.7628,42.3,0.283,0.262,0.17200
CARA_wet_g1,CARA-mid,taped,1,86.49,-0.0430,95.7,0.7617,42.6,0.282,0.262,0.17900
CARA_wet_g1,CARA-mid,taped,1,86.99,-0.0430,95.7,0.7604,43.0,0.282,0.262,0.18700
CARA_wet_g1,CARA-mid,taped,1,87.49,-0.0430,95.7,0.7591,43.4,0.282,0.261,0.19400
CARA_wet_g1,CARA-mid,taped,1,87.99,-0.0430,95.7,0.7578,43.8,0.281,0.261,0.20200
CARA_wet_g1,CARA-mid,taped,1,88.49,-0.0430,95.7,0.7564,44.2,0.281,0.260,0.21000
CARA_wet_g1,CARA-mid,taped,1,88.99,-0.0430,95.7,0.7550,44.6,0.280,0.260,0.21800
CARA_wet_g1,CARA-mid,taped,1,89.49,-0.0440,95.7,0.7536,45.0,0.280,0.259,0.22500
CARA_wet_g1,CARA-mid,taped,1,89.99,-0.0440,95.7,0.7522,45.4,0.279,0.259,0.23200
CARA_wet_g1,CARA-mid,taped,1,90.49,-0.0440,95.7,0.7508,45.8,0.279,0.258,0.24000
CARA_wet_g1,CARA-mid,taped,1,90.99,-0.0440,95.7,0.7494,46.2,0.278,0.258,0.24700
CARA_wet_g1,CARA-mid,taped,1,91.49,-0.0440,95.7,0.7481,46.5,0.278,0.257,0.25300
CARA_wet_g1,CARA-mid,taped,1,91.99,-0.0440,95.7,0.7468,46.9,0.277,0.257,0.25900
CARA_wet_g1,CARA-mid,taped,1,92.49,-0.0450,95.7,0.7455,47.3,0.277,0.256,0.26500
CARA_wet_g1,CARA-mid,taped,1,92.99,-0.0450,95.6,0.7442,47.6,0.277,0.256,0.27100
CARA_wet_g1,CARA-mid,taped,1,93.49,-0.0450,95.6,0.7430,47.9,0.276,0.256,0.27700
CARA_wet_g1,CARA-mid,taped,1,93.99,-0.0450,95.6,0.7418,48.3,0.276,0.255,0.28200
CARA_wet_g1,CARA-mid,taped,1,94.49,-0.0450,95.6,0.7406,48.6,0.275,0.255,0.28600
CARA_wet_g1,CARA-mid,taped,1,94.99,-0.0460,95.6,0.7394,48.9,0.275,0.254,0.29100
CARA_wet_g1,CARA-mid,taped,1,95.49,-0.0460,95.6,0.7383,49.1,0.275,0.254,0.29500
CARA_wet_g1,CARA-mid,taped,1,95.99,-0.0460,95.6,0.7372,49.4,0.275,0.254,0.29900
CARA_wet_g1,CARA-mid,taped,1,96.49,-0.0460,95.6,0.7361,49.7,0.274,0.253,0.30300
CARA_wet_g1,CARA-mid,taped,1,96.99,-0.0460,95.6,0.7350,49.9,0.274,0.253,0.30600
CARA_wet_g1,CARA-mid,taped,1,97.49,-0.0470,95.6,0.7340,50.2,0.274,0.253,0.31000
CARA_wet_g1,CARA-mid,taped,1,97.99,-0.0470,95.6,0.7329,50.4,0.274,0.253,0.31300
CARA_wet_g1,CARA-mid,taped,1,98.49,-0.0470,95.6,0.7319,50.6,0.273,0.252,0.31600
CARA_wet_g1,CARA-mid,taped,1,98.99,-0.0470,95.6,0.7309,50.8,0.273,0.252,0.31900
CARA_wet_g1,CARA-mid,taped,1,99.49,-0.0470,95.6,0.7299,51.1,0.273,0.252,0.32100
CARA_wet_g1,CARA-mid,taped,1,99.99,-0.0470,95.6,0.7289,51.3,0.273,0.252,0.32400
CARA_wet_g1,CARA-mid,taped,1,100.49,-0.0480,95.6,0.7280,51.4,0.273,0.252,0.32600
CARA_wet_g1,CARA-mid,taped,1,100.99,-0.0480,95.6,0.7270,51.6,0.273,0.251,0.32900
CARA_wet_g1,CARA-mid,taped,1,101.49,-0.0480,95.6,0.7261,51.8,0.273,0.251,0.33100
CARA_wet_g1,CARA-mid,taped,1,101.99,-0.0480,95.6,0.7252,52.0,0.272,0.251,0.33300
CARA_wet_g1,CARA-mid,taped,1,102.49,-0.0480,95.6,0.7242,52.2,0.272,0.251,0.33500
CARA_wet_g1,CARA-mid,taped,1,102.99,-0.0490,95.6,0.7233,52.3,0.272,0.251,0.33700
CARA_wet_g1,CARA-mid,taped,1,103.49,-0.0490,95.5,0.7224,52.5,0.272,0.251,0.33900
CARA_wet_g1,CARA-mid,taped,1,103.80,-0.0490,95.5,0.7219,52.6,0.272,0.251,0.34000
CARA_wet_g0,CARA-mid,taped,0,0.50,-0.0110,98.4,0.4687,41.5,0.718,0.684,0.00000
CARA_wet_g0,CARA-mid,taped,0,1.00,-0.0210,97.4,0.5876,36.7,0.441,0.417,0.00000
CARA_wet_g0,CARA-mid,taped,0,1.50,-0.0290,96.6,0.6323,34.0,0.342,0.322,0.00000
CARA_wet_g0,CARA-mid,taped,0,2.00,-0.0360,96.0,0.6495,32.7,0.293,0.274,0.00000
CARA_wet_g0,CARA-mid,taped,0,2.50,-0.0420,95.6,0.6563,32.0,0.263,0.246,0.00000
CARA_wet_g0,CARA-mid,taped,0,3.00,-0.0470,95.2,0.6590,31.7,0.244,0.227,0.00000
CARA_wet_g0,CARA-mid,taped,0,3.50,-0.0510,94.9,0.6601,31.5,0.231,0.214,0.00000
CARA_wet_g0,CARA-mid,taped,0,4.00,-0.0550,94.7,0.6605,31.4,0.222,0.205,0.00000
CARA_wet_g0,CARA-mid,taped,0,4.50,-0.0580,94.5,0.6607,31.4,0.215,0.199,0.00000
CARA_wet_g0,CARA-mid,taped,0,5.00,-0.0600,94.3,0.6608,31.4,0.210,0.194,0.00000
CARA_wet_g0,CARA-mid,taped,0,5.50,-0.0630,94.2,0.6608,31.4,0.206,0.190,0.00000
CARA_wet_g0,CARA-mid,taped,0,6.00,-0.0640,94.1,0.6609,31.4,0.203,0.187,0.00000
CARA_wet_g0,CARA-mid,taped,0,6.50,-0.0660,94.1,0.6609,31.4,0.201,0.185,0.00000
CARA_wet_g0,CARA-mid,taped,0,7.00,-0.0670,94.0,0.6609,31.4,0.199,0.183,0.00000
CARA_wet_g0,CARA-mid,taped,0,7.50,-0.0680,94.0,0.6609,31.4,0.198,0.182,0.00000
CARA_wet_g0,CARA-mid,taped,0,8.00,-0.0690,93.9,0.6609,31.4,0.197,0.181,0.00000
CARA_wet_g0,CARA-mid,taped,0,8.50,-0.0700,93.9,0.6609,31.4,0.196,0.180,0.00000
CARA_wet_g0,CARA-mid,taped,0,9.00,-0.0710,93.9,0.6609,31.4,0.195,0.179,0.00000
CARA_wet_g0,CARA-mid,taped,0,9.50,-0.0710,93.8,0.6609,31.4,0.195,0.178,0.00000
CARA_wet_g0,CARA-mid,taped,0,10.00,-0.0720,93.8,0.6609,31.4,0.194,0.178,0.00000
CARA_wet_g0,CARA-mid,taped,0,10.50,-0.0720,93.8,0.6609,31.4,0.194,0.178,0.00000
CARA_wet_g0,CARA-mid,taped,0,11.00,-0.0720,93.8,0.6609,31.4,0.194,0.177,0.00000
CARA_wet_g0,CARA-mid,taped,0,11.50,-0.0730,93.8,0.6609,31.4,0.193,0.177,0.00000
CARA_wet_g0,CARA-mid,taped,0,12.00,-0.0730,93.8,0.6609,31.4,0.193,0.177,0.00000
CARA_wet_g0,CARA-mid,taped,0,12.50,-0.0730,93.8,0.6609,31.4,0.193,0.177,0.00000
CARA_wet_g0,CARA-mid,taped,0,13.00,-0.0730,93.8,0.6609,31.4,0.193,0.176,0.00000
CARA_wet_g0,CARA-mid,taped,0,13.50,-0.0730,93.8,0.6609,31.4,0.193,0.176,0.00000
CARA_wet_g0,CARA-mid,taped,0,14.00,-0.0730,93.8,0.6609,31.4,0.193,0.176,0.00000
CARA_wet_g0,CARA-mid,taped,0,14.50,-0.0740,93.8,0.6609,31.4,0.193,0.176,0.00000
CARA_wet_g0,CARA-mid,taped,0,15.00,-0.0740,93.8,0.6609,31.4,0.193,0.176,0.00000
CARA_wet_g0,CARA-mid,taped,0,15.50,-0.0740,93.8,0.6609,31.4,0.193,0.176,0.00000
CARA_wet_g0,CARA-mid,taped,0,16.00,-0.0740,93.7,0.6609,31.4,0.193,0.176,0.00000
CARA_wet_g0,CARA-mid,taped,0,16.50,-0.0740,93.7,0.6609,31.4,0.193,0.176,0.00000
CARA_wet_g0,CARA-mid,taped,0,17.00,-0.0740,93.7,0.6609,31.4,0.193,0.176,0.00000
CARA_wet_g0,CARA-mid,taped,0,17.50,-0.0740,93.7,0.6609,31.4,0.193,0.176,0.00000
CARA_wet_g0,CARA-mid,taped,0,18.00,-0.0740,93.7,0.6609,31.4,0.193,0.176,0.00000
CARA_wet_g0,CARA-mid,taped,0,18.50,-0.0740,93.7,0.6609,31.4,0.192,0.176,0.00000
CARA_wet_g0,CARA-mid,taped,0,19.00,-0.0740,93.7,0.6609,31.4,0.192,0.176,0.00000
CARA_wet_g0,CARA-mid,taped,0,19.50,-0.0740,93.7,0.6609,31.4,0.192,0.176,0.00000
CARA_wet_g0,CARA-mid,taped,0,20.00,-0.0740,93.7,0.6609,31.4,0.192,0.176,0.00000
CARA_wet_g0,CARA-mid,taped,0,20.50,-0.0740,93.7,0.6609,31.4,0.192,0.176,0.00000
CARA_wet_g0,CARA-mid,taped,0,21.00,-0.0740,93.7,0.6609,31.4,0.192,0.176,0.00000
CARA_wet_g0,CARA-mid,taped,0,21.50,-0.0740,93.7,0.6609,31.4,0.192,0.176,0.00000
CARA_wet_g0,CARA-mid,taped,0,22.00,-0.0740,93.7,0.6609,31.4,0.192,0.176,0.00000
CARA_wet_g0,CARA-mid,taped,0,22.50,-0.0740,93.7,0.6609,31.4,0.192,0.176,0.00000
CARA_wet_g0,CARA-mid,taped,0,23.00,-0.0740,93.7,0.6609,31.4,0.192,0.176,0.00000
CARA_wet_g0,CARA-mid,taped,0,23.50,-0.0740,93.7,0.6609,31.4,0.192,0.176,0.00000
CARA_wet_g0,CARA-mid,taped,0,24.00,-0.0740,93.7,0.6609,31.4,0.192,0.176,0.00000
CARA_wet_g0,CARA-mid,taped,0,24.50,-0.0740,93.7,0.6609,31.4,0.192,0.176,0.00000
CARA_wet_g0,CARA-mid,taped,0,25.00,-0.0740,93.7,0.6609,31.4,0.192,0.176,0.00000
CARA_wet_g0,CARA-mid,taped,0,25.50,-0.0740,93.7,0.6609,31.4,0.192,0.176,0.00000
CARA_wet_g0,CARA-mid,taped,0,26.00,-0.0740,93.7,0.6609,31.4,0.192,0.176,0.00000
CARA_wet_g0,CARA-mid,taped,0,26.50,-0.0740,93.7,0.6609,31.4,0.192,0.176,0.00000
CARA_wet_g0,CARA-mid,taped,0,27.00,-0.0740,93.7,0.6609,31.4,0.192,0.176,0.00000
CARA_wet_g0,CARA-mid,taped,0,27.50,-0.0740,93.7,0.6609,31.4,0.192,0.176,0.00000
CARA_wet_g0,CARA-mid,taped,0,28.00,-0.0740,93.7,0.6609,31.4,0.192,0.176,0.00000
CARA_wet_g0,CARA-mid,taped,0,28.50,-0.0740,93.7,0.6609,31.4,0.192,0.176,0.00000
CARA_wet_g0,CARA-mid,taped,0,29.00,-0.0740,93.7,0.6609,31.4,0.192,0.176,0.00000
CARA_wet_g0,CARA-mid,taped,0,29.50,-0.0740,93.7,0.6609,31.4,0.192,0.176,0.00000
CARA_wet_g0,CARA-mid,taped,0,30.00,-0.0740,93.7,0.6609,31.4,0.192,0.176,0.00000
CARA_wet_g0,CARA-mid,taped,0,30.50,-0.0740,93.7,0.6609,31.4,0.192,0.176,0.00000
CARA_wet_g0,CARA-mid,taped,0,31.00,-0.0740,93.7,0.6609,31.4,0.192,0.176,0.00000
CARA_wet_g0,CARA-mid,taped,0,31.50,-0.0740,93.7,0.6609,31.4,0.192,0.176,0.00000
CARA_wet_g0,CARA-mid,taped,0,32.00,-0.0740,93.7,0.6609,31.4,0.192,0.176,0.00000
CARA_wet_g0,CARA-mid,taped,0,32.50,-0.0740,93.7,0.6609,31.4,0.192,0.176,0.00000
CARA_wet_g0,CARA-mid,taped,0,33.00,-0.0740,93.7,0.6609,31.4,0.192,0.176,0.00000
CARA_wet_g0,CARA-mid,taped,0,33.50,-0.0740,93.7,0.6609,31.4,0.192,0.176,0.00000
CARA_wet_g0,CARA-mid,taped,0,34.00,-0.0740,93.7,0.6609,31.4,0.192,0.176,0.00000
CARA_wet_g0,CARA-mid,taped,0,34.50,-0.0740,93.7,0.6609,31.4,0.192,0.176,0.00000
CARA_wet_g0,CARA-mid,taped,0,35.00,-0.0740,93.7,0.6609,31.4,0.192,0.176,0.00000
CARA_wet_g0,CARA-mid,taped,0,35.50,-0.0740,93.7,0.6609,31.4,0.192,0.176,0.00000
CARA_wet_g0,CARA-mid,taped,0,36.00,-0.0740,93.7,0.6609,31.4,0.192,0.176,0.00000
CARA_wet_g0,CARA-mid,taped,0,36.50,-0.0740,93.7,0.6609,31.4,0.192,0.176,0.00000
CARA_wet_g0,CARA-mid,taped,0,37.00,-0.0740,93.7,0.6609,31.4,0.192,0.176,0.00000
CARA_wet_g0,CARA-mid,taped,0,37.50,-0.0740,93.7,0.6609,31.4,0.192,0.176,0.00000
CARA_wet_g0,CARA-mid,taped,0,38.00,-0.0740,93.7,0.6609,31.4,0.192,0.176,0.00000
CARA_wet_g0,CARA-mid,taped,0,38.50,-0.0740,93.7,0.6609,31.4,0.192,0.176,0.00000
CARA_wet_g0,CARA-mid,taped,0,39.00,-0.0740,93.7,0.6609,31.4,0.192,0.176,0.00000
CARA_wet_g0,CARA-mid,taped,0,39.50,-0.0740,93.7,0.6609,31.4,0.192,0.176,0.00000
CARA_wet_g0,CARA-mid,taped,0,40.00,-0.0740,93.7,0.6609,31.4,0.192,0.176,0.00000
CARA_wet_g0,CARA-mid,taped,0,40.50,-0.0740,93.7,0.6609,31.4,0.192,0.176,0.00000
CARA_wet_g0,CARA-mid,taped,0,41.00,-0.0740,93.7,0.6609,31.4,0.192,0.176,0.00000
CARA_wet_g0,CARA-mid,taped,0,41.50,-0.0740,93.7,0.6609,31.4,0.192,0.176,0.00000
CARA_wet_g0,CARA-mid,taped,0,42.00,-0.0740,93.7,0.6609,31.4,0.192,0.176,0.00000
CARA_wet_g0,CARA-mid,taped,0,42.50,-0.0740,93.7,0.6609,31.4,0.192,0.176,0.00000
CARA_wet_g0,CARA-mid,taped,0,43.00,-0.0740,93.7,0.6609,31.4,0.192,0.176,0.00000
CARA_wet_g0,CARA-mid,taped,0,43.50,-0.0740,93.7,0.6609,31.4,0.192,0.176,0.00000
CARA_wet_g0,CARA-mid,taped,0,44.00,-0.0740,93.7,0.6609,31.4,0.192,0.176,0.00000
CARA_wet_g0,CARA-mid,taped,0,44.50,-0.0740,93.7,0.6609,31.4,0.192,0.176,0.00000
CARA_wet_g0,CARA-mid,taped,0,45.00,-0.0740,93.7,0.6609,31.4,0.192,0.176,0.00000
CARA_wet_g0,CARA-mid,taped,0,45.50,-0.0740,93.7,0.6609,31.4,0.192,0.176,0.00000
CARA_wet_g0,CARA-mid,taped,0,46.00,-0.0740,93.7,0.6609,31.4,0.192,0.176,0.00000
CARA_wet_g0,CARA-mid,taped,0,46.50,-0.0740,93.7,0.6609,31.4,0.192,0.176,0.00000
CARA_wet_g0,CARA-mid,taped,0,47.00,-0.0740,93.7,0.6609,31.4,0.192,0.176,0.00000
CARA_wet_g0,CARA-mid,taped,0,47.50,-0.0740,93.7,0.6609,31.4,0.192,0.176,0.00000
CARA_wet_g0,CARA-mid,taped,0,48.00,-0.0740,93.7,0.6609,31.4,0.192,0.176,0.00000
CARA_wet_g0,CARA-mid,taped,0,48.50,-0.0740,93.7,0.6609,31.4,0.192,0.176,0.00000
CARA_wet_g0,CARA-mid,taped,0,49.00,-0.0740,93.7,0.6609,31.4,0.192,0.176,0.00000
CARA_wet_g0,CARA-mid,taped,0,49.50,-0.0740,93.7,0.6609,31.4,0.192,0.176,0.00000
CARA_wet_g0,CARA-mid,taped,0,50.00,-0.0740,93.7,0.6609,31.4,0.192,0.176,0.00000
CARA_wet_g0,CARA-mid,taped,0,50.50,-0.0740,93.7,0.6609,31.4,0.192,0.176,0.00000
CARA_wet_g0,CARA-mid,taped,0,51.00,-0.0740,93.7,0.6609,31.4,0.192,0.176,0.00000
CARA_wet_g0,CARA-mid,taped,0,51.50,-0.0740,93.7,0.6609,31.4,0.192,0.176,0.00000
CARA_wet_g0,CARA-mid,taped,0,52.00,-0.0740,93.7,0.6609,31.4,0.192,0.176,0.00000
CARA_wet_g0,CARA-mid,taped,0,52.50,-0.0740,93.7,0.6609,31.4,0.192,0.176,0.00000
CARA_wet_g0,CARA-mid,taped,0,53.00,-0.0740,93.7,0.6609,31.4,0.192,0.176,0.00000
CARA_wet_g0,CARA-mid,taped,0,53.50,-0.0740,93.7,0.6609,31.4,0.192,0.176,0.00000
CARA_wet_g0,CARA-mid,taped,0,54.00,-0.0740,93.7,0.6609,31.4,0.192,0.176,0.00000
CARA_wet_g0,CARA-mid,taped,0,54.50,-0.0740,93.7,0.6609,31.4,0.192,0.176,0.00000
CARA_wet_g0,CARA-mid,taped,0,55.00,-0.0740,93.7,0.6609,31.4,0.192,0.176,0.00000
CARA_wet_g0,CARA-mid,taped,0,55.50,-0.0740,93.7,0.6609,31.4,0.192,0.176,0.00000
CARA_wet_g0,CARA-mid,taped,0,56.00,-0.0740,93.7,0.6609,31.4,0.192,0.176,0.00000
CARA_wet_g0,CARA-mid,taped,0,56.50,-0.0740,93.7,0.6609,31.4,0.192,0.176,0.00000
CARA_wet_g0,CARA-mid,taped,0,57.00,-0.0740,93.7,0.6609,31.4,0.192,0.176,0.00000
CARA_wet_g0,CARA-mid,taped,0,57.50,-0.0740,93.7,0.6609,31.4,0.192,0.176,0.00000
CARA_wet_g0,CARA-mid,taped,0,58.00,-0.0740,93.7,0.6609,31.4,0.192,0.176,0.00000
CARA_wet_g0,CARA-mid,taped,0,58.50,-0.0740,93.7,0.6609,31.4,0.192,0.176,0.00000
CARA_wet_g0,CARA-mid,taped,0,59.00,-0.0740,93.7,0.6609,31.4,0.192,0.176,0.00000
CARA_wet_g0,CARA-mid,taped,0,59.50,-0.0740,93.7,0.6609,31.4,0.192,0.176,0.00000
CARA_wet_g0,CARA-mid,taped,0,60.00,-0.0740,93.7,0.6609,31.4,0.192,0.176,0.00000
CARA_wet_g0,CARA-mid,taped,0,60.50,-0.0740,93.7,0.6609,31.4,0.192,0.176,0.00000
CARA_wet_g0,CARA-mid,taped,0,61.00,-0.0740,93.7,0.6609,31.4,0.192,0.176,0.00000
CARA_wet_g0,CARA-mid,taped,0,61.50,-0.0740,93.7,0.6609,31.4,0.192,0.176,0.00000
CARA_wet_g0,CARA-mid,taped,0,62.00,-0.0740,93.7,0.6609,31.4,0.192,0.176,0.00000
CARA_wet_g0,CARA-mid,taped,0,62.50,-0.0740,93.7,0.6609,31.4,0.192,0.176,0.00000
CARA_wet_g0,CARA-mid,taped,0,63.00,-0.0740,93.7,0.6609,31.4,0.192,0.176,0.00000
CARA_wet_g0,CARA-mid,taped,0,63.50,-0.0740,93.7,0.6609,31.4,0.192,0.176,0.00000
CARA_wet_g0,CARA-mid,taped,0,64.00,-0.0740,93.7,0.6609,31.4,0.192,0.176,0.00000
CARA_wet_g0,CARA-mid,taped,0,64.50,-0.0740,93.7,0.6609,31.4,0.192,0.176,0.00000
CARA_wet_g0,CARA-mid,taped,0,65.00,-0.0740,93.7,0.6609,31.4,0.192,0.176,0.00000
CARA_wet_g0,CARA-mid,taped,0,65.50,-0.0740,93.7,0.6609,31.4,0.192,0.176,0.00000
CARA_wet_g0,CARA-mid,taped,0,66.00,-0.0740,93.7,0.6609,31.4,0.192,0.176,0.00000
CARA_wet_g0,CARA-mid,taped,0,66.50,-0.0740,93.7,0.6609,31.4,0.192,0.176,0.00000
CARA_wet_g0,CARA-mid,taped,0,67.00,-0.0740,93.7,0.6609,31.4,0.192,0.176,0.00000
CARA_wet_g0,CARA-mid,taped,0,67.50,-0.0740,93.7,0.6609,31.4,0.192,0.176,0.00000
CARA_wet_g0,CARA-mid,taped,0,68.00,-0.0740,93.7,0.6609,31.4,0.192,0.176,0.00000
CARA_wet_g0,CARA-mid,taped,0,68.50,-0.0740,93.7,0.6609,31.4,0.192,0.176,0.00000
CARA_wet_g0,CARA-mid,taped,0,69.00,-0.0740,93.7,0.6609,31.4,0.192,0.176,0.00000
CARA_wet_g0,CARA-mid,taped,0,69.50,-0.0740,93.7,0.6609,31.4,0.192,0.176,0.00000
CARA_wet_g0,CARA-mid,taped,0,70.00,-0.0740,93.7,0.6609,31.4,0.192,0.176,0.00000
CARA_wet_g0,CARA-mid,taped,0,70.50,-0.0740,93.7,0.6609,31.4,0.192,0.176,0.00000
CARA_wet_g0,CARA-mid,taped,0,71.00,-0.0740,93.7,0.6609,31.4,0.192,0.176,0.00000
CARA_wet_g0,CARA-mid,taped,0,71.50,-0.0740,93.7,0.6609,31.4,0.192,0.176,0.00000
CARA_wet_g0,CARA-mid,taped,0,72.00,-0.0740,93.7,0.6609,31.4,0.192,0.176,0.00000
CARA_wet_g0,CARA-mid,taped,0,72.50,-0.0740,93.7,0.6609,31.4,0.192,0.176,0.00000
CARA_wet_g0,CARA-mid,taped,0,73.00,-0.0740,93.7,0.6609,31.4,0.192,0.176,0.00000
CARA_wet_g0,CARA-mid,taped,0,73.50,-0.0740,93.7,0.6609,31.4,0.192,0.176,0.00000
CARA_wet_g0,CARA-mid,taped,0,74.00,-0.0740,93.7,0.6609,31.4,0.192,0.176,0.00000
CARA_wet_g0,CARA-mid,taped,0,74.50,-0.0740,93.7,0.6609,31.4,0.192,0.176,0.00000
CARA_wet_g0,CARA-mid,taped,0,75.00,-0.0740,93.7,0.6609,31.4,0.192,0.176,0.00000
CARA_wet_g0,CARA-mid,taped,0,75.50,-0.0740,93.7,0.6609,31.4,0.192,0.176,0.00000
CARA_wet_g0,CARA-mid,taped,0,76.00,-0.0740,93.7,0.6609,31.4,0.192,0.176,0.00000
CARA_wet_g0,CARA-mid,taped,0,76.50,-0.0740,93.7,0.6609,31.4,0.192,0.176,0.00000
CARA_wet_g0,CARA-mid,taped,0,77.00,-0.0740,93.7,0.6609,31.4,0.192,0.176,0.00000
CARA_wet_g0,CARA-mid,taped,0,77.50,-0.0740,93.7,0.6609,31.4,0.192,0.176,0.00000
CARA_wet_g0,CARA-mid,taped,0,78.00,-0.0740,93.7,0.6609,31.4,0.192,0.176,0.00000
CARA_wet_g0,CARA-mid,taped,0,78.50,-0.0740,93.7,0.6609,31.4,0.192,0.176,0.00000
CARA_wet_g0,CARA-mid,taped,0,79.00,-0.0740,93.7,0.6609,31.4,0.192,0.176,0.00000
CARA_wet_g0,CARA-mid,taped,0,79.50,-0.0740,93.7,0.6609,31.4,0.192,0.176,0.00000
CARA_wet_g0,CARA-mid,taped,0,80.00,-0.0740,93.7,0.6609,31.4,0.192,0.176,0.00000
CARA_wet_g0,CARA-mid,taped,0,80.50,-0.0740,93.7,0.6609,31.4,0.192,0.176,0.00000
CARA_wet_g0,CARA-mid,taped,0,81.00,-0.0740,93.7,0.6609,31.4,0.192,0.176,0.00000
CARA_wet_g0,CARA-mid,taped,0,81.50,-0.0740,93.7,0.6609,31.4,0.192,0.176,0.00000
CARA_wet_g0,CARA-mid,taped,0,82.00,-0.0740,93.7,0.6609,31.4,0.192,0.176,0.00000
CARA_wet_g0,CARA-mid,taped,0,82.50,-0.0740,93.7,0.6609,31.4,0.192,0.176,0.00000
CARA_wet_g0,CARA-mid,taped,0,83.00,-0.0740,93.7,0.6609,31.4,0.192,0.176,0.00000
CARA_wet_g0,CARA-mid,taped,0,83.49,-0.0740,93.7,0.6609,31.4,0.192,0.176,0.00000
CARA_wet_g0,CARA-mid,taped,0,83.99,-0.0740,93.7,0.6609,31.4,0.192,0.176,0.00000
CARA_wet_g0,CARA-mid,taped,0,84.49,-0.0740,93.7,0.6609,31.4,0.192,0.176,0.00000
CARA_wet_g0,CARA-mid,taped,0,84.99,-0.0740,93.7,0.6609,31.4,0.192,0.176,0.00000
CARA_wet_g0,CARA-mid,taped,0,85.49,-0.0740,93.7,0.6609,31.4,0.192,0.176,0.00000
CARA_wet_g0,CARA-mid,taped,0,85.99,-0.0740,93.7,0.6609,31.4,0.192,0.176,0.00000
CARA_wet_g0,CARA-mid,taped,0,86.49,-0.0740,93.7,0.6609,31.4,0.192,0.176,0.00000
CARA_wet_g0,CARA-mid,taped,0,86.99,-0.0740,93.7,0.6609,31.4,0.192,0.176,0.00000
CARA_wet_g0,CARA-mid,taped,0,87.49,-0.0740,93.7,0.6609,31.4,0.192,0.176,0.00000
CARA_wet_g0,CARA-mid,taped,0,87.99,-0.0740,93.7,0.6609,31.4,0.192,0.176,0.00000
CARA_wet_g0,CARA-mid,taped,0,88.49,-0.0740,93.7,0.6609,31.4,0.192,0.176,0.00000
CARA_wet_g0,CARA-mid,taped,0,88.99,-0.0740,93.7,0.6609,31.4,0.192,0.176,0.00000
CARA_wet_g0,CARA-mid,taped,0,89.49,-0.0740,93.7,0.6609,31.4,0.192,0.176,0.00000
CARA_wet_g0,CARA-mid,taped,0,89.99,-0.0740,93.7,0.6609,31.4,0.192,0.176,0.00000
CARA_wet_g0,CARA-mid,taped,0,90.49,-0.0740,93.7,0.6609,31.4,0.192,0.176,0.00000
CARA_wet_g0,CARA-mid,taped,0,90.99,-0.0740,93.7,0.6609,31.4,0.192,0.176,0.00000
CARA_wet_g0,CARA-mid,taped,0,91.49,-0.0740,93.7,0.6609,31.4,0.192,0.176,0.00000
CARA_wet_g0,CARA-mid,taped,0,91.99,-0.0740,93.7,0.6609,31.4,0.192,0.176,0.00000
CARA_wet_g0,CARA-mid,taped,0,92.49,-0.0740,93.7,0.6609,31.4,0.192,0.176,0.00000
CARA_wet_g0,CARA-mid,taped,0,92.99,-0.0740,93.7,0.6609,31.4,0.192,0.176,0.00000
CARA_wet_g0,CARA-mid,taped,0,93.49,-0.0740,93.7,0.6609,31.4,0.192,0.176,0.00000
CARA_wet_g0,CARA-mid,taped,0,93.99,-0.0740,93.7,0.6609,31.4,0.192,0.176,0.00000
CARA_wet_g0,CARA-mid,taped,0,94.49,-0.0740,93.7,0.6609,31.4,0.192,0.176,0.00000
CARA_wet_g0,CARA-mid,taped,0,94.99,-0.0740,93.7,0.6609,31.4,0.192,0.176,0.00000
CARA_wet_g0,CARA-mid,taped,0,95.49,-0.0740,93.7,0.6609,31.4,0.192,0.176,0.00000
CARA_wet_g0,CARA-mid,taped,0,95.99,-0.0740,93.7,0.6609,31.4,0.192,0.176,0.00000
CARA_wet_g0,CARA-mid,taped,0,96.49,-0.0740,93.7,0.6609,31.4,0.192,0.176,0.00000
CARA_wet_g0,CARA-mid,taped,0,96.99,-0.0740,93.7,0.6609,31.4,0.192,0.176,0.00000
CARA_wet_g0,CARA-mid,taped,0,97.49,-0.0740,93.7,0.6609,31.4,0.192,0.176,0.00000
CARA_wet_g0,CARA-mid,taped,0,97.99,-0.0740,93.7,0.6609,31.4,0.192,0.176,0.00000
CARA_wet_g0,CARA-mid,taped,0,98.49,-0.0740,93.7,0.6609,31.4,0.192,0.176,0.00000
CARA_wet_g0,CARA-mid,taped,0,98.99,-0.0740,93.7,0.6609,31.4,0.192,0.176,0.00000
CARA_wet_g0,CARA-mid,taped,0,99.49,-0.0740,93.7,0.6609,31.4,0.192,0.176,0.00000
CARA_wet_g0,CARA-mid,taped,0,99.99,-0.0740,93.7,0.6609,31.4,0.192,0.176,0.00000
CARA_wet_g0,CARA-mid,taped,0,100.49,-0.0740,93.7,0.6609,31.4,0.192,0.176,0.00000
CARA_wet_g0,CARA-mid,taped,0,100.99,-0.0740,93.7,0.6609,31.4,0.192,0.176,0.00000
CARA_wet_g0,CARA-mid,taped,0,101.49,-0.0740,93.7,0.6609,31.4,0.192,0.176,0.00000
CARA_wet_g0,CARA-mid,taped,0,101.99,-0.0740,93.7,0.6609,31.4,0.192,0.176,0.00000
CARA_wet_g0,CARA-mid,taped,0,102.49,-0.0740,93.7,0.6609,31.4,0.192,0.176,0.00000
CARA_wet_g0,CARA-mid,taped,0,102.99,-0.0740,93.7,0.6609,31.4,0.192,0.176,0.00000
CARA_wet_g0,CARA-mid,taped,0,103.49,-0.0740,93.7,0.6609,31.4,0.192,0.176,0.00000
CARA_wet_g0,CARA-mid,taped,0,103.80,-0.0740,93.7,0.6609,31.4,0.192,0.176,0.00000
